id;Название;Кол-во фото;Файлы (через |);Оригинальные URL (через |)
631253960152;Shine Systems IronOFF Gel - нейтральный очиститель дисков с индикатором, 750 мл;1;images/631253960152_1.jpg;https://static.tildacdn.com/stor3731-6162-4230-b932-626662396439/71967730.jpg
611879004182;"Shine Systems Tire&amp;Wheel Cleaner - очиститель резины и колес, 900 мл";1;images/611879004182_1.jpg;https://static.tildacdn.com/stor3238-3033-4837-b937-313139646234/64162200.jpg
573900352742;Shine Systems ActiveBase - активный шампунь для бесконтактной мойки, 20 кг;1;images/573900352742_1.jpg;https://static.tildacdn.com/stor3935-6538-4231-a361-396438386635/15124505.jpg
309930350472;Shine Systems ActiveBase - активный шампунь для бесконтактной мойки, 5 л;1;images/309930350472_1.jpg;https://static.tildacdn.com/stor3963-6139-4739-b637-343733363563/58744642.jpg
979345670242;Shine Systems ActiveFoam - активная пена для бесконтактной мойки, 20 кг;1;images/979345670242_1.jpg;https://static.tildacdn.com/stor6165-3930-4139-a632-643436373263/48307767.jpg
290071892402;Shine Systems ActiveFoam - активная пена для бесконтактной мойки, 900 мл;1;images/290071892402_1.jpg;https://static.tildacdn.com/stor3432-3835-4437-b365-666631666531/50112797.jpg
388378923352;Shine Systems ActiveGel - активный шампунь для бесконтактной мойки, 20 кг;1;images/388378923352_1.jpg;https://static.tildacdn.com/stor3563-3435-4339-b239-396261366165/86114800.jpg
296742568462;Shine Systems Black Line GentleWash - деликатный шампунь для бесконтактной мойки, 5 л;1;images/296742568462_1.jpg;https://static.tildacdn.com/stor6362-3866-4561-b062-313664303866/70873854.jpg
234503377922;Shine Systems Black Line GentleWash - деликатный шампунь для бесконтактной мойки, 750 мл;1;images/234503377922_1.jpg;https://static.tildacdn.com/stor3136-3961-4161-b537-613330396534/11078626.jpg
270932826322;Shine Systems DelicateWash - активный шампунь для деликатной мойки авто, 20 кг;1;images/270932826322_1.jpg;https://static.tildacdn.com/stor3931-3261-4331-b535-353665663165/33022627.jpg
606940653002;Shine Systems DelicateWash - активный шампунь для деликатной мойки авто, 5 л;1;images/606940653002_1.jpg;https://static.tildacdn.com/stor3437-6337-4562-b235-326566383433/25537871.jpg
520524367252;Shine Systems DelicateWash - активный шампунь для деликатной мойки авто, 750 мл;1;images/520524367252_1.jpg;https://static.tildacdn.com/stor3966-6165-4261-a532-356533633665/78234757.jpg
276446103382;Shine Systems Dosatron - активный шампунь для бесконтактной мойки, 20 кг;1;images/276446103382_1.jpg;https://static.tildacdn.com/stor3164-3337-4138-a335-393133343664/23973012.jpg
407553692842;Shine Systems EcoFoam - активный шампунь для бесконтактной мойки, 20 кг;1;images/407553692842_1.jpg;https://static.tildacdn.com/stor6637-3635-4338-a233-373637383839/67868638.jpg
500508014802;Shine Systems EuroWash - активный шампунь для бесконтактной мойки, 20 кг;1;images/500508014802_1.jpg;https://static.tildacdn.com/stor3266-6266-4165-b432-333866666532/21621330.jpg
374323114452;Shine Systems EuroWash - активный шампунь для бесконтактной мойки, 5 л;1;images/374323114452_1.jpg;https://static.tildacdn.com/stor3963-6532-4131-a662-373432646438/41338826.jpg
278345253402;Shine Systems EuroWash - активный шампунь для бесконтактной мойки, 900 мл;1;images/278345253402_1.jpg;https://static.tildacdn.com/stor3737-3733-4033-b066-353734343537/48525102.jpg
132242447142;Shine Systems Light - активный шампунь для бесконтактной мойки, 20 кг;1;images/132242447142_1.png;https://static.tildacdn.com/stor3863-6131-4763-b330-303035346535/39457255.png
829558917522;Shine Systems Light - активный шампунь для бесконтактной мойки, 900 мл;1;images/829558917522_1.jpg;https://static.tildacdn.com/stor6130-6265-4431-a137-313730303633/60713087.jpg
776862699372;Shine Systems MultiTec - активный шампунь для бесконтактной мойки, 20 кг;1;images/776862699372_1.jpg;https://static.tildacdn.com/stor3965-6566-4132-a266-653832373666/35336712.jpg
606175759942;Shine Systems MultiTec - активный шампунь для бесконтактной мойки, 900 мл;1;images/606175759942_1.jpg;https://static.tildacdn.com/stor3831-3462-4635-a339-353965613136/89852364.jpg
913227376322;Shine Systems MultiWash - активный шампунь для бесконтактной мойки, 20 кг;1;images/913227376322_1.jpg;https://static.tildacdn.com/stor3535-6335-4533-b331-393664643334/67339772.jpg
620795065242;Shine Systems PinkFoam - активный шампунь для бесконтактной мойки, 20 кг;1;images/620795065242_1.jpg;https://static.tildacdn.com/stor3636-6161-4562-b031-643939646130/89097744.jpg
361198226882;Shine Systems PinkFoam - активный шампунь для бесконтактной мойки, 5 л;1;images/361198226882_1.jpg;https://static.tildacdn.com/stor3435-6663-4563-b039-323733396236/63687448.jpg
794364996182;Shine Systems PinkFoam - активный шампунь для бесконтактной мойки, 750 мл;1;images/794364996182_1.jpg;https://static.tildacdn.com/stor3966-6663-4233-a135-653830373630/80144629.jpg
876950796482;Shine Systems PreWash - активный шампунь для бесконтактной мойки, 20 кг;1;images/876950796482_1.jpg;https://static.tildacdn.com/stor3934-3532-4339-a136-303862393366/52896640.jpg
200735226342;Shine Systems PreWash - активный шампунь для бесконтактной мойки, 5 л;1;images/200735226342_1.jpg;https://static.tildacdn.com/stor3066-6462-4262-a362-646662356231/88746556.jpg
892911532872;Shine Systems PreWash - активный шампунь для бесконтактной мойки, 900 мл;1;images/892911532872_1.jpg;https://static.tildacdn.com/stor3731-3037-4365-a432-353333333065/87203014.jpg
694853790632;Shine Systems PreWash Active - активный шампунь для бесконтактной мойки, 20 кг;1;images/694853790632_1.jpg;https://static.tildacdn.com/stor3933-3030-4165-b165-623264303932/47131597.jpg
569155827382;Shine Systems SuperStar - активный шампунь для бесконтактной мойки, 20 кг;1;images/569155827382_1.jpg;https://static.tildacdn.com/stor3061-3137-4361-b666-666632636332/75359447.jpg
454255712242;Shine Systems SuperStar - активный шампунь для бесконтактной мойки, 900 мл;1;images/454255712242_1.jpg;https://static.tildacdn.com/stor3462-3034-4236-a264-343831373939/92476685.jpg
364876772402;Shine Systems AcidShampoo - кислотный шампунь для ручной мойки, 5 л;1;images/364876772402_1.jpg;https://static.tildacdn.com/stor3635-3839-4836-a666-653139373961/73806049.jpg
209472568522;Shine Systems AcidShampoo - кислотный шампунь для ручной мойки, 750 мл;1;images/209472568522_1.jpg;https://static.tildacdn.com/stor6232-3265-4534-a636-646138303862/46978605.jpg
461749282032;Shine Systems Black Line SlideShampoo Apple - шампунь для ручной мойки автомобиля, 400 мл;1;images/461749282032_1.jpg;https://static.tildacdn.com/stor6336-6265-4438-b731-383535663139/33492236.jpg
995162782372;Shine Systems Black Line SlideShampoo Apple - шампунь для ручной мойки автомобиля, 5 л;1;images/995162782372_1.jpg;https://static.tildacdn.com/stor3764-6635-4530-b163-333766333466/52531598.jpg
580979349392;Shine Systems Black Line SlideShampoo Banana - шампунь для ручной мойки автомобиля, 400 мл;1;images/580979349392_1.jpg;https://static.tildacdn.com/stor6436-3935-4161-a565-343861373032/91344844.jpg
457769477982;Shine Systems Black Line SlideShampoo Banana - шампунь для ручной мойки автомобиля, 5 л;1;images/457769477982_1.jpg;https://static.tildacdn.com/stor3039-6333-4063-b538-303134656162/94656528.jpg
146757749612;Shine Systems Black Line SlideShampoo Cola - шампунь для ручной мойки автомобиля, 400 мл;1;images/146757749612_1.jpg;https://static.tildacdn.com/stor3532-3365-4661-b036-633763356430/33519320.jpg
119958530372;Shine Systems Black Line SlideShampoo Cola - шампунь для ручной мойки автомобиля, 5 л;1;images/119958530372_1.jpg;https://static.tildacdn.com/stor3962-6139-4662-b939-303339313531/21557331.jpg
522244814912;Shine Systems CarWash Kit - набор для двухфазной мойки;1;images/522244814912_1.jpg;https://static.tildacdn.com/stor3430-6231-4632-a636-336430396134/41497280.jpg
801935835832;Shine Systems CationicShampoo - наношампунь для ручной мойки автомобиля, 200 мл;1;images/801935835832_1.jpg;https://static.tildacdn.com/stor6236-3037-4034-b263-653864366132/80616748.jpg
411051050472;Shine Systems CationicShampoo - наношампунь для ручной мойки автомобиля, 5 л;1;images/411051050472_1.jpg;https://static.tildacdn.com/stor3536-3036-4466-b061-636638633364/28011384.jpg
786794430312;Shine Systems CationicShampoo - наношампунь для ручной мойки автомобиля, 750 мл;1;images/786794430312_1.jpg;https://static.tildacdn.com/stor6335-3936-4436-a638-346532346163/95929674.jpg
405102759262;Shine Systems CherryBomb Shampoo - автошампунь для ручной мойки, 20 л;1;images/405102759262_1.jpg;https://static.tildacdn.com/stor3236-6533-4662-a335-343437623433/56227712.jpg
513204424992;Shine Systems CherryBomb Shampoo - автошампунь для ручной мойки, 5 л;1;images/513204424992_1.jpg;https://static.tildacdn.com/stor3166-6462-4965-b764-323537373535/84667463.jpg
565524847122;Shine Systems CherryBomb Shampoo - автошампунь для ручной мойки, 750 мл;1;images/565524847122_1.jpg;https://static.tildacdn.com/stor3563-3665-4830-b633-663061373361/50550287.jpg
546544784662;Shine Systems LollipopShampoo - ручной автошампунь с эффектом леденца, 20 л;1;images/546544784662_1.jpg;https://static.tildacdn.com/stor3836-3962-4734-a137-653238613762/46066067.jpg
558174197882;Shine Systems LollipopShampoo - ручной автошампунь с эффектом леденца, 5 л;1;images/558174197882_1.jpg;https://static.tildacdn.com/stor6562-6639-4535-b933-653236376138/82916785.jpg
891859774502;Shine Systems LollipopShampoo - ручной автошампунь с эффектом леденца, 750 мл;1;images/891859774502_1.jpg;https://static.tildacdn.com/stor3331-6665-4134-a637-366434383637/89522379.jpg
298090696812;Shine Systems AirLine QuartzFoam - пенное кварцевое покрытие, 400 мл;1;images/298090696812_1.jpg;https://static.tildacdn.com/stor6230-3764-4162-a138-613564376565/41214795.jpg
711974229392;Shine Systems FastQuartz - быстрое супергидрофобное покрытие, 5 л;1;images/711974229392_1.jpg;https://static.tildacdn.com/stor3666-3636-4839-b562-383338376130/94089614.jpg
204521704192;Shine Systems FastQuartz - быстрое супергидрофобное покрытие, 750 мл;1;images/204521704192_1.jpg;https://static.tildacdn.com/stor3036-3432-4464-b564-373038363439/89289862.jpg
207194760612;Shine Systems GlossProtection - наноконсервант для сушки и защиты кузова, 5 л;1;images/207194760612_1.jpg;https://static.tildacdn.com/stor3332-3531-4662-b861-316139353137/74177623.jpg
583688504652;Shine Systems GlossProtection - наноконсервант для сушки и защиты кузова, 750 мл;1;images/583688504652_1.jpg;https://static.tildacdn.com/stor3934-3138-4265-a631-663538633839/79032832.jpg
281733241612;Shine Systems UniversalWax - воск для автоматических и ручных моек, 20 л;1;images/281733241612_1.jpg;https://static.tildacdn.com/stor6537-3633-4239-b135-303861393639/16546678.jpg
270005152942;Shine Systems UniversalWax - воск для автоматических и ручных моек, 5 л;1;images/270005152942_1.jpg;https://static.tildacdn.com/stor6162-6435-4330-b935-643863366163/57268086.jpg
684742128032;Shine Systems AirLine BitumRemover - универсальный очиститель смол, битума, реагентов, 400 мл;1;images/684742128032_1.jpg;https://static.tildacdn.com/stor3134-6331-4531-a162-633864636636/64924988.jpg
716083308042;Shine Systems Black Line TarOFF - профессиональный очиститель битумных пятен, 400 мл;1;images/716083308042_1.jpg;https://static.tildacdn.com/stor3266-3364-4762-a437-343235383837/54509778.jpg
924367088422;Shine Systems CitrusCleaner - апельсиновый очиститель, 200 мл;1;images/924367088422_1.jpg;https://static.tildacdn.com/stor3935-3963-4764-b437-343433313939/11061930.jpg
565570794762;Shine Systems CitrusCleaner - апельсиновый очиститель, 750 мл;1;images/565570794762_1.jpg;https://static.tildacdn.com/stor3637-3234-4864-a532-663466383737/56274038.jpg
433537772832;"Shine Systems Glue&amp;StainRemover - мощный очиститель от клея и краски, 750 мл";1;images/433537772832_1.jpg;https://static.tildacdn.com/stor3538-6363-4266-b039-626134306630/17393934.jpg
162672295602;Shine Systems InsectOFF - очиститель следов насекомых, 5 л;1;images/162672295602_1.jpg;https://static.tildacdn.com/stor3438-6331-4162-b737-666265383965/61111291.jpg
852299978242;Shine Systems InsectOFF - очиститель следов насекомых, 750 мл;1;images/852299978242_1.jpg;https://static.tildacdn.com/stor3931-6231-4162-b065-363061396333/57824629.jpg
993787554752;Shine Systems MosquitOFF Concentrate - очиститель следов насекомых, 20 кг;1;images/993787554752_1.jpg;https://static.tildacdn.com/stor6137-3938-4736-a665-663265636664/75467468.jpg
167403148862;Shine Systems MosquitOFF Concentrate - очиститель следов насекомых, 5 л;1;images/167403148862_1.jpg;https://static.tildacdn.com/stor3334-6638-4539-b637-313037356234/41997644.jpg
911476654702;Shine Systems ResinOFF - очиститель древесных смол, 5 л;1;images/911476654702_1.jpg;https://static.tildacdn.com/stor3962-6532-4466-b366-323234376433/57064164.jpg
979625458742;Shine Systems ResinOFF - очиститель древесных смол, 750 мл;1;images/979625458742_1.jpg;https://static.tildacdn.com/stor3736-6538-4762-a462-356534376666/66103488.jpg
878725134862;Shine Systems WaterSpotOFF - очиститель водного камня, 750 мл;1;images/878725134862_1.jpg;https://static.tildacdn.com/stor6636-3962-4636-b462-373737623466/61685248.jpg
371965081572;Shine Systems AcidCleaner - универсальный кислотный очиститель, 5 л;1;images/371965081572_1.jpg;https://static.tildacdn.com/stor3062-6235-4737-b038-306662343164/61767006.jpg
558147326242;Shine Systems AcidCleaner - универсальный кислотный очиститель, 750 мл;1;images/558147326242_1.jpg;https://static.tildacdn.com/stor3635-3863-4034-b966-643063316265/41390837.jpg
253315610022;Shine Systems AirLine WheelCleaner - очиститель колес, 400 мл;1;images/253315610022_1.jpg;https://static.tildacdn.com/stor3566-3937-4164-b263-653836323735/99569642.jpg
110381729192;Shine Systems Black Line IronOFF Pro - нейтральный очиститель дисков с индикатором, 400 мл;1;images/110381729192_1.jpg;https://static.tildacdn.com/stor3631-6361-4232-b930-653134623734/70987010.jpg
471523444312;Shine Systems Black Line IronOFF Pro - нейтральный очиститель дисков с индикатором, 5 л;1;images/471523444312_1.jpg;https://static.tildacdn.com/stor3338-3063-4766-b135-623064623039/60917581.jpg
728469006842;Shine Systems IronOFF - бескислотный очиститель дисков с индикатором, 5 л;1;images/728469006842_1.jpg;https://static.tildacdn.com/stor3239-6136-4536-b438-333137323866/58648183.jpg
482450139872;Shine Systems IronOFF - бескислотный очиститель дисков с индикатором, 750 мл;1;images/482450139872_1.jpg;https://static.tildacdn.com/stor6338-6362-4435-b438-396638633637/15768277.jpg
315009203892;Shine Systems IronOFF Gel - нейтральный очиститель дисков с индикатором, 5 л;1;images/315009203892_1.jpg;https://static.tildacdn.com/stor3834-3539-4633-b862-653165393966/21201314.jpg
649557662402;Shine Systems IronOFF Gel - нейтральный очиститель дисков с индикатором, 750 мл;1;images/649557662402_1.jpg;https://static.tildacdn.com/stor6366-6135-4439-b732-346633623033/93008961.jpg
256208811102;"Shine Systems Tire&amp;Wheel Cleaner - очиститель резины и колес, 5 л";1;images/256208811102_1.jpg;https://static.tildacdn.com/stor6331-3663-4365-b331-323136343133/76258841.jpg
668520135842;"Shine Systems Tire&amp;Wheel Cleaner - очиститель резины и колес, 900 мл";1;images/668520135842_1.jpg;https://static.tildacdn.com/stor6264-6266-4039-b562-373766393334/66559259.jpg
451008501242;Shine Systems EngineWash - очиститель двигателя и агрегатов, 20 кг;1;images/451008501242_1.jpg;https://static.tildacdn.com/stor3864-3566-4636-a437-633432303662/20156609.jpg
648644190262;Shine Systems EngineWash - очиститель двигателя и агрегатов, 5 л;1;images/648644190262_1.jpg;https://static.tildacdn.com/stor6130-3065-4635-b435-373334646631/87130754.jpg
468353079762;Shine Systems EngineWash - очиститель двигателя и агрегатов, 900 мл;1;images/468353079762_1.jpg;https://static.tildacdn.com/stor3766-3938-4130-a338-336464633135/30446203.jpg
450515386822;Shine Systems MotorCare - консервант подкапотного пространства, 5 л;1;images/450515386822_1.jpg;https://static.tildacdn.com/stor3735-6536-4333-a433-363837633338/33702349.jpg
753986384182;Shine Systems MotorCare - консервант подкапотного пространства, 750 мл;1;images/753986384182_1.jpg;https://static.tildacdn.com/stor3835-3965-4836-b030-313430343131/61060551.jpg
714773911732;Shine Systems MotorCleaner - гель-диэлектрик для мойки двигателя, 20 л;1;images/714773911732_1.jpg;https://static.tildacdn.com/stor6236-6566-4235-b930-366133356239/95539187.jpg
421451958392;Shine Systems MotorCleaner - гель-диэлектрик для мойки двигателя, 5 л;1;images/421451958392_1.jpg;https://static.tildacdn.com/stor6565-3862-4835-a562-346339333565/37279915.jpg
752648810192;Shine Systems MotorCleaner - гель-диэлектрик для мойки двигателя, 750 мл;1;images/752648810192_1.jpg;https://static.tildacdn.com/stor6166-3463-4661-a163-373161353936/47855170.jpg
521009793192;"Shine Systems Check&amp;Prep - антисиликоновый обезжириватель, 750 мл";1;images/521009793192_1.jpg;https://static.tildacdn.com/stor3634-3033-4137-a163-303535353964/68312438.jpg
608408366082;Shine Systems IPA - антисиликон-обезжириватель на спиртовой основе, 5 л;1;images/608408366082_1.jpg;https://static.tildacdn.com/stor3938-3930-4532-b366-376139363035/57260222.jpg
322855779352;Shine Systems IPA - антисиликон-обезжириватель на спиртовой основе, 750 мл;1;images/322855779352_1.jpg;https://static.tildacdn.com/stor3431-3864-4539-b832-633639663837/92827580.jpg
914681026472;Shine Systems IPA PPF - спиртовой обезжириватель, 5 л;1;images/914681026472_1.jpg;https://static.tildacdn.com/stor3530-3765-4032-a465-343532623064/73065764.jpg
402975852462;Shine Systems IPA PPF - спиртовой обезжириватель, 750 мл;1;images/402975852462_1.jpg;https://static.tildacdn.com/stor6637-3536-4131-a539-636238323435/76003041.jpg
712740079782;Shine Systems Lubricant - лубрикант для работы с глиной и автоскрабами, 5 л;1;images/712740079782_1.jpg;https://static.tildacdn.com/stor3638-3231-4262-b334-316266333261/51972124.jpg
580412826782;Shine Systems Lubricant - лубрикант для работы с глиной и автоскрабами, 750 мл;1;images/580412826782_1.jpg;https://static.tildacdn.com/stor3264-6631-4839-b830-633938363361/52479521.jpg
456614443212;Shine Systems PadCleaner - очиститель полировальных кругов, 750 мл;1;images/456614443212_1.jpg;https://static.tildacdn.com/stor6633-6430-4761-a566-323965383830/31075232.jpg
176044701302;Shine Systems PPF Gel - установочный гель, 5 л;1;images/176044701302_1.jpg;https://static.tildacdn.com/stor3463-3762-4934-b431-306334623962/55064824.jpg
672796126312;Shine Systems PPF Gel - установочный гель, 750 мл;1;images/672796126312_1.jpg;https://static.tildacdn.com/stor3835-3161-4434-a338-646565626536/34798888.jpg
170260417312;Shine Systems Black Wool Pad - полировальный круг из черного меха, 130 мм;3;images/170260417312_1.jpg|images/170260417312_2.jpg|images/170260417312_3.jpg;https://static.tildacdn.com/stor3337-3330-4036-a363-313735393562/87132827.jpg|https://static.tildacdn.com/stor3736-3762-4063-b337-353230303065/18228374.jpg|https://static.tildacdn.com/stor3162-6531-4630-b339-626365346533/39649644.jpg
144958760652;Shine Systems Black Wool Pad - полировальный круг из черного меха, 155 мм;2;images/144958760652_1.jpg|images/144958760652_2.jpg;https://static.tildacdn.com/stor3932-6230-4134-b238-643866333966/38012180.jpg|https://static.tildacdn.com/stor6636-6237-4864-a633-303264363036/27100118.jpg
504681318272;Shine Systems Black Wool Pad - полировальный круг из черного меха, 75 мм;2;images/504681318272_1.jpg|images/504681318272_2.jpg;https://static.tildacdn.com/stor3735-3338-4164-a466-353733613638/56892101.jpg|https://static.tildacdn.com/stor3939-3833-4934-a135-396135643037/37143744.jpg
663661832392;Shine Systems Cool Wool Pad - гибридный стриженый мех с терморегулирующим слоем, 130 мм;3;images/663661832392_1.jpg|images/663661832392_2.jpg|images/663661832392_3.jpg;https://static.tildacdn.com/stor6162-6565-4530-b836-613735343437/14532902.jpg|https://static.tildacdn.com/stor3734-6438-4233-b438-646439363262/55430215.jpg|https://static.tildacdn.com/stor3765-3466-4935-b437-353365626562/38725919.jpg
705051238172;Shine Systems Cotton Wool Pad - полировальный круг мех с хлопком 130 мм;1;images/705051238172_1.jpg;https://static.tildacdn.com/stor3662-3733-4130-b039-636464386561/36170278.jpg
393964920772;Shine Systems Cotton Wool Pad - полировальный круг мех с хлопком 155 мм;1;images/393964920772_1.jpg;https://static.tildacdn.com/stor3261-6430-4434-a532-373861383563/44760615.jpg
289308136082;Shine Systems Cotton Wool Pad - полировальный круг мех с хлопком 75 мм;1;images/289308136082_1.jpg;https://static.tildacdn.com/stor6566-6437-4333-b734-393931373365/95660599.jpg
904281416162;Shine Systems DA Foam Pad Black - полировальный круг ультрамягкий черный, 130 мм;2;images/904281416162_1.jpg|images/904281416162_2.jpg;https://static.tildacdn.com/stor6437-6165-4665-b131-303034353136/46675245.jpg|https://static.tildacdn.com/stor3937-3739-4662-a163-313466326637/12714984.jpg
739232337782;Shine Systems DA Foam Pad Black - полировальный круг ультрамягкий черный, 155 мм;2;images/739232337782_1.jpg|images/739232337782_2.jpg;https://static.tildacdn.com/stor3531-6137-4530-a161-396530353562/94882797.jpg|https://static.tildacdn.com/stor3762-3066-4138-b432-383937616662/75892013.jpg
715022985262;Shine Systems DA Foam Pad Green - полировальный круг экстра твердый зеленый, 130 мм;2;images/715022985262_1.jpg|images/715022985262_2.jpg;https://static.tildacdn.com/stor3162-3535-4935-b135-643738303334/91445204.jpg|https://static.tildacdn.com/stor3239-3433-4333-a138-306264383066/89500297.jpg
541363830352;Shine Systems DA Foam Pad Green - полировальный круг экстра твердый зеленый, 155 мм;2;images/541363830352_1.jpg|images/541363830352_2.jpg;https://static.tildacdn.com/stor3035-3933-4337-b137-646662393962/26183345.jpg|https://static.tildacdn.com/stor6565-3936-4962-b435-333637373231/80041022.jpg
573161792452;Shine Systems DA Foam Pad Green - полировальный круг экстра твердый зеленый, 75 мм;2;images/573161792452_1.jpg|images/573161792452_2.jpg;https://static.tildacdn.com/stor3838-6133-4635-b763-306635383031/80437675.jpg|https://static.tildacdn.com/stor3463-3331-4237-b439-626539643838/43755303.jpg
623197558482;Shine Systems DA Foam Pad Maroon - полировальный круг полутвердый бордовый, 130 мм;2;images/623197558482_1.jpg|images/623197558482_2.jpg;https://static.tildacdn.com/stor6230-3361-4661-a137-386239303664/83895851.jpg|https://static.tildacdn.com/stor6166-3864-4239-b538-303264333737/36559377.jpg
661496605552;Shine Systems DA Foam Pad Orange - полировальный круг мягкий оранжевый, 130 мм;2;images/661496605552_1.jpg|images/661496605552_2.jpg;https://static.tildacdn.com/stor3832-3633-4966-b966-336261363338/32138789.jpg|https://static.tildacdn.com/stor6139-6137-4438-a133-326561623335/43392034.jpg
798822503502;Shine Systems DA Foam Pad Purple - полировальный круг твердый лиловый, 130 мм;2;images/798822503502_1.jpg|images/798822503502_2.jpg;https://static.tildacdn.com/stor6233-3961-4335-b933-663261343634/98868494.jpg|https://static.tildacdn.com/stor3331-6239-4263-b864-643162663465/74803782.jpg
953963062262;Shine Systems DA Foam Pad Purple - полировальный круг твердый лиловый, 155 мм;2;images/953963062262_1.jpg|images/953963062262_2.jpg;https://static.tildacdn.com/stor3435-3564-4664-a434-373738646363/38615317.jpg|https://static.tildacdn.com/stor6532-3730-4237-a539-333361313830/88535905.jpg
175172347872;Shine Systems DA Foam Pad Purple - полировальный круг твердый лиловый, 75 мм;2;images/175172347872_1.jpg|images/175172347872_2.jpg;https://static.tildacdn.com/stor3237-3635-4861-a261-353661383662/10025348.jpg|https://static.tildacdn.com/stor3130-6165-4633-a164-343539383330/27564772.jpg
329525489792;Shine Systems DA Foam Pad Yellow - полировальный круг антиголограммный желтый, 130 мм;2;images/329525489792_1.jpg|images/329525489792_2.jpg;https://static.tildacdn.com/stor6563-3966-4133-b663-353264343266/35094461.jpg|https://static.tildacdn.com/stor3162-6433-4862-b538-303137353030/95619034.jpg
789454233652;Shine Systems DA Foam Pad Yellow - полировальный круг антиголограммный желтый, 155 мм;2;images/789454233652_1.jpg|images/789454233652_2.jpg;https://static.tildacdn.com/stor3530-6666-4537-b664-666162616230/99584304.jpg|https://static.tildacdn.com/stor6233-3266-4766-b534-373035333536/80059966.jpg
797975931292;Shine Systems DA Foam Pad Yellow - полировальный круг антиголограммный желтый, 75 мм;2;images/797975931292_1.jpg|images/797975931292_2.jpg;https://static.tildacdn.com/stor3533-3962-4466-a362-626131383565/36358527.jpg|https://static.tildacdn.com/stor3466-3439-4539-a439-316164643130/95160052.jpg
901564850982;Shine Systems Glass Pad - войлочный круг для полировки стекла 125 мм;2;images/901564850982_1.jpg|images/901564850982_2.jpg;https://static.tildacdn.com/stor3537-6230-4934-b331-326165363230/83773345.jpg|https://static.tildacdn.com/stor6438-6433-4265-a132-643238383634/38573653.jpg
362976115912;Shine Systems Glass Pad - войлочный круг для полировки стекла 75 мм;2;images/362976115912_1.jpg|images/362976115912_2.jpg;https://static.tildacdn.com/stor3035-6530-4336-a236-613432633733/13529884.jpg|https://static.tildacdn.com/stor3233-6635-4762-a163-323761353132/67438939.jpg
987630798182;Shine Systems Gray Wool Pad - полировальный круг из серого меха, 130 мм;2;images/987630798182_1.jpg|images/987630798182_2.jpg;https://static.tildacdn.com/stor3532-6131-4430-b765-636535386666/56354350.jpg|https://static.tildacdn.com/stor3634-3961-4534-b562-653434313662/31049197.jpg
346436222402;Shine Systems Hybrid Pad - гибридный полировальный круг, 130 мм;2;images/346436222402_1.jpg|images/346436222402_2.jpg;https://static.tildacdn.com/stor6566-3266-4064-b037-363662326161/84788902.jpg|https://static.tildacdn.com/stor3735-6237-4662-a132-343630333836/92812103.jpg
202441643602;Shine Systems Hybrid Pad - гибридный полировальный круг, 155 мм;2;images/202441643602_1.jpg|images/202441643602_2.jpg;https://static.tildacdn.com/stor6638-6262-4564-b566-633761363035/63174364.jpg|https://static.tildacdn.com/stor6231-6139-4434-a433-356535643036/74253231.jpg
665411324852;Shine Systems Hybrid Pad - гибридный полировальный круг, 75 мм;2;images/665411324852_1.jpg|images/665411324852_2.jpg;https://static.tildacdn.com/stor6561-6333-4135-a337-663632613661/15814760.jpg|https://static.tildacdn.com/stor6531-3864-4963-b836-343338643531/69040536.jpg
512380686482;Shine Systems Lila Wool Pad - полировальный круг из лилового меха, 130 мм;2;images/512380686482_1.jpg|images/512380686482_2.jpg;https://static.tildacdn.com/stor3035-3737-4635-b538-663763623364/61200490.jpg|https://static.tildacdn.com/stor6161-6436-4163-a237-653130373532/45781825.jpg
413537827722;Shine Systems Lila Wool Pad - полировальный круг из лилового меха, 155 мм;2;images/413537827722_1.jpg|images/413537827722_2.jpg;https://static.tildacdn.com/stor3338-3936-4631-a264-356634623564/75847030.jpg|https://static.tildacdn.com/stor3132-6539-4565-b438-346561656137/74323866.jpg
599890459652;Shine Systems Lila Wool Pad - полировальный круг из лилового меха, 75 мм;2;images/599890459652_1.jpg|images/599890459652_2.jpg;https://static.tildacdn.com/stor3133-6430-4463-b564-386136666634/80304522.jpg|https://static.tildacdn.com/stor6562-3664-4130-a461-383166333163/57926019.jpg
363130465472;Shine Systems Microfiber Pad - полировальный круг из микрофибры, 130 мм;2;images/363130465472_1.jpg|images/363130465472_2.jpg;https://static.tildacdn.com/stor3038-6631-4234-b738-393863356561/40896963.jpg|https://static.tildacdn.com/stor6336-3961-4236-b631-336439306439/39149828.jpg
976319403032;Shine Systems Microfiber Pad - полировальный круг из микрофибры, 155 мм;2;images/976319403032_1.jpg|images/976319403032_2.jpg;https://static.tildacdn.com/stor6166-3436-4430-b335-313563616133/11264720.jpg|https://static.tildacdn.com/stor3133-3535-4030-b762-373465653862/11135882.jpg
450916741772;Shine Systems Microfiber Pad - полировальный круг из микрофибры, 75 мм;2;images/450916741772_1.jpg|images/450916741772_2.jpg;https://static.tildacdn.com/stor6135-3430-4834-b337-383633326561/56585556.jpg|https://static.tildacdn.com/stor3534-6263-4365-b838-316562343331/11940623.jpg
488825695152;Shine Systems Microfiber Pad Set - комплект микрофибровых кругов 30 мм, 5 шт;2;images/488825695152_1.jpg|images/488825695152_2.jpg;https://static.tildacdn.com/stor3232-3532-4933-b338-393835343439/30256652.jpg|https://static.tildacdn.com/stor3232-6566-4162-a634-363936636332/27271999.jpg
123421274512;Shine Systems Microfiber Pad Set - комплект микрофибровых кругов 50 мм, 3 шт;2;images/123421274512_1.jpg|images/123421274512_2.jpg;https://static.tildacdn.com/stor6435-3834-4737-a362-616639383565/87122020.jpg|https://static.tildacdn.com/stor3832-6539-4564-b065-386534386463/11773098.jpg
116057172002;Shine Systems Nano Polisher Pad Set - набор мини-падов для iBrid, 30 мм 7шт;2;images/116057172002_1.jpg|images/116057172002_2.jpg;https://static.tildacdn.com/stor3963-3538-4264-b438-643136353830/71273722.jpg|https://static.tildacdn.com/stor3638-3336-4561-b237-663435393937/70686540.jpg
983857304752;Shine Systems Nano Polisher Pad Set - набор мини-падов для iBrid, 50 мм 7шт;2;images/983857304752_1.jpg|images/983857304752_2.jpg;https://static.tildacdn.com/stor6131-3137-4165-a466-353564363239/96524822.jpg|https://static.tildacdn.com/stor3632-3931-4564-b831-333564333832/98335737.jpg
672717574342;Shine Systems Pad Cleaning Brush - щетка для чистки полировальных кругов;1;images/672717574342_1.jpg;https://static.tildacdn.com/stor6633-3138-4339-b537-613437353037/12505668.jpg
964029117892;Shine Systems PadCleaner - очиститель полировальных кругов, 750 мл;1;images/964029117892_1.jpg;https://static.tildacdn.com/stor6436-6633-4231-a362-313439623339/50683742.jpg
451892608082;Shine Systems RO Foam Pad Green - полировальный круг твердый зеленый, 130 мм;2;images/451892608082_1.jpg|images/451892608082_2.jpg;https://static.tildacdn.com/stor3462-3433-4230-b566-323561643865/50991154.jpg|https://static.tildacdn.com/stor3962-3261-4565-b966-316132303637/51940316.jpg
664545244152;Shine Systems RO Foam Pad Green - полировальный круг твердый зеленый, 155 мм;2;images/664545244152_1.jpg|images/664545244152_2.jpg;https://static.tildacdn.com/stor3533-3537-4235-a636-343333326532/18695943.jpg|https://static.tildacdn.com/stor3736-3965-4833-b037-343662313437/39083988.jpg
727227671242;Shine Systems RO Foam Pad Green - полировальный круг твердый зеленый, 75 мм;2;images/727227671242_1.jpg|images/727227671242_2.jpg;https://static.tildacdn.com/stor3337-3938-4539-a663-316533656466/66872296.jpg|https://static.tildacdn.com/stor3366-3839-4437-b132-323661386564/51173185.jpg
805254652852;Shine Systems RO Foam Pad Orange - полировальный круг мягкий оранжевый, 130 мм;2;images/805254652852_1.jpg|images/805254652852_2.jpg;https://static.tildacdn.com/stor3034-6566-4635-b066-366231316235/75485121.jpg|https://static.tildacdn.com/stor3538-6565-4336-b163-386139633839/47860531.jpg
782415094322;Shine Systems RO Foam Pad Orange - полировальный круг мягкий оранжевый, 155 мм;2;images/782415094322_1.jpg|images/782415094322_2.jpg;https://static.tildacdn.com/stor3437-6139-4139-b737-663131373036/64820211.jpg|https://static.tildacdn.com/stor3261-3338-4463-a164-636538646131/95328963.jpg
840132268972;Shine Systems RO Foam Pad Orange - полировальный круг мягкий оранжевый, 75 мм;2;images/840132268972_1.jpg|images/840132268972_2.jpg;https://static.tildacdn.com/stor3965-6431-4561-b266-626139643863/13740774.jpg|https://static.tildacdn.com/stor6363-6565-4736-b461-396339316239/10040553.jpg
825511527962;Shine Systems RO Foam Pad Yellow - полировальный круг полутвердый желтый, 130 мм;2;images/825511527962_1.jpg|images/825511527962_2.jpg;https://static.tildacdn.com/stor3834-6334-4735-b161-343939626564/23774463.jpg|https://static.tildacdn.com/stor3066-3063-4530-a566-613437663132/43557619.jpg
215506236212;Shine Systems RO Foam Pad Yellow - полировальный круг полутвердый желтый, 155 мм;2;images/215506236212_1.jpg|images/215506236212_2.jpg;https://static.tildacdn.com/stor3938-3130-4065-b037-353263666362/95652384.jpg|https://static.tildacdn.com/stor6533-3266-4964-b932-626662643830/18517252.jpg
492206811592;Shine Systems RO Foam Pad Yellow - полировальный круг полутвердый желтый, 75 мм;2;images/492206811592_1.jpg|images/492206811592_2.jpg;https://static.tildacdn.com/stor6262-6234-4664-b962-373234346537/93384506.jpg|https://static.tildacdn.com/stor3935-3537-4433-b137-626465373336/13022647.jpg
534497692322;Shine Systems Stripy Wool Pad - полировальный круг из стриженого меха, 130 мм;2;images/534497692322_1.jpg|images/534497692322_2.jpg;https://static.tildacdn.com/stor3734-6433-4630-b964-343762303333/26147394.jpg|https://static.tildacdn.com/stor6233-3763-4236-a634-383231633533/44279796.jpg
492684948922;Shine Systems Stripy Wool Pad - полировальный круг из стриженого меха, 155 мм;2;images/492684948922_1.jpg|images/492684948922_2.jpg;https://static.tildacdn.com/stor6636-3638-4639-a438-623865623230/86655308.jpg|https://static.tildacdn.com/stor6565-3035-4863-b437-363361666433/23640555.jpg
821556136492;Shine Systems Stripy Wool Pad - полировальный круг из стриженого меха, 75 мм;2;images/821556136492_1.jpg|images/821556136492_2.jpg;https://static.tildacdn.com/stor6166-3361-4861-a635-626563363662/89883896.jpg|https://static.tildacdn.com/stor3737-6538-4638-a439-656166333332/70748749.jpg
737258182992;Shine Systems Unicorn Wool Pad - полировальный круг из цветного меха, 130 мм;2;images/737258182992_1.jpg|images/737258182992_2.jpg;https://static.tildacdn.com/stor3864-6632-4537-a433-623233376665/45618485.jpg|https://static.tildacdn.com/stor3563-6433-4136-a437-303361313234/65850735.jpg
498531972742;Shine Systems Yellow Wool Pad - полировальный круг из желтого меха, 130 мм;3;images/498531972742_1.jpg|images/498531972742_2.jpg|images/498531972742_3.jpg;https://static.tildacdn.com/stor3765-6139-4563-a133-663461653132/37993758.jpg|https://static.tildacdn.com/stor3634-3133-4837-b837-396462313337/90733686.jpg|https://static.tildacdn.com/stor6139-3937-4736-a134-383939383764/82067801.jpg
690501493462;Shine Systems Yellow Wool Pad - полировальный круг из желтого меха, 155 мм;3;images/690501493462_1.jpg|images/690501493462_2.jpg|images/690501493462_3.jpg;https://static.tildacdn.com/stor6236-3231-4561-b035-353032366239/45999090.jpg|https://static.tildacdn.com/stor6162-3230-4638-a666-663038366234/73973580.jpg|https://static.tildacdn.com/stor6434-3632-4437-a531-346131303066/72864613.jpg
990611498862;Shine Systems Backing pad 125DA - подложка для эксцентриковой машинки, 125 мм;3;images/990611498862_1.jpg|images/990611498862_2.jpg|images/990611498862_3.jpg;https://static.tildacdn.com/stor3963-6336-4361-b331-653461386534/42269675.jpg|https://static.tildacdn.com/stor3936-6237-4538-a662-656436376666/89154873.jpg|https://static.tildacdn.com/stor3037-6132-4366-a161-303331623332/63079870.jpg
677696988942;Shine Systems Backing pad 125RO - подложка для ротационной машинки, 125 мм;3;images/677696988942_1.jpg|images/677696988942_2.jpg|images/677696988942_3.jpg;https://static.tildacdn.com/stor3864-3664-4131-b036-623066393934/54129743.jpg|https://static.tildacdn.com/stor3334-6161-4262-b661-666334383966/15111071.jpg|https://static.tildacdn.com/stor3530-3965-4261-b561-363633663333/93617933.jpg
591679956392;Shine Systems Backing pad 150DA - подложка для эксцентриковой машинки, 150 мм;3;images/591679956392_1.jpg|images/591679956392_2.jpg|images/591679956392_3.jpg;https://static.tildacdn.com/stor6430-3535-4634-b331-643962633563/71779745.jpg|https://static.tildacdn.com/stor3132-6337-4633-b366-323630333761/10953930.jpg|https://static.tildacdn.com/stor3566-3535-4935-b831-336234613730/97522154.jpg
461835862982;Shine Systems Backing pad 150RO - подложка для ротационной машинки, 150 мм;3;images/461835862982_1.jpg|images/461835862982_2.jpg|images/461835862982_3.jpg;https://static.tildacdn.com/stor6232-3136-4134-b161-646335373438/83682130.jpg|https://static.tildacdn.com/stor6233-6433-4161-b238-663030313135/34571075.jpg|https://static.tildacdn.com/stor3436-3364-4561-a330-623332343030/19635382.jpg
136328178032;Shine Systems Backing pad 25RO - подложка для ротационной машинки, 25 мм;2;images/136328178032_1.jpg|images/136328178032_2.jpg;https://static.tildacdn.com/stor3836-3836-4735-a531-643462343166/78745994.jpg|https://static.tildacdn.com/stor3831-6637-4238-a361-376635623530/56794419.jpg
885887705912;Shine Systems Backing pad 50RO - подложка для ротационной машинки, 50 мм;2;images/885887705912_1.jpg|images/885887705912_2.jpg;https://static.tildacdn.com/stor3761-3162-4234-b963-306239363537/68457517.jpg|https://static.tildacdn.com/stor3835-3332-4464-a234-636461353664/74906131.jpg
122777898752;Shine Systems Backing pad 75DA - подложка для эксцентриковой машинки, 75 мм;2;images/122777898752_1.jpg|images/122777898752_2.jpg;https://static.tildacdn.com/stor3631-3862-4163-b835-333965353264/57582610.jpg|https://static.tildacdn.com/stor3433-6630-4566-a136-383237383134/78499569.jpg
752985798682;Shine Systems Backing pad 75RO - подложка для ротационной машинки, 75 мм;2;images/752985798682_1.jpg|images/752985798682_2.jpg;https://static.tildacdn.com/stor6634-3963-4565-b332-396264386230/38900360.jpg|https://static.tildacdn.com/stor6531-6635-4232-b763-636166386132/74150511.jpg
500456066572;Shine Systems Flex Back Plate RO125 - гибкая подложка для ротационной машинки 125 мм;1;images/500456066572_1.jpg;https://static.tildacdn.com/stor3833-3432-4433-b466-313435633764/17218280.jpg
865566750262;Shine Systems Flex Back Plate RO150 - гибкая подложка для ротационной машинки 150 мм;1;images/865566750262_1.jpg;https://static.tildacdn.com/stor3936-6533-4138-a133-366666363836/73999065.jpg
933051031062;Shine Systems Buffing Towel - микрофибра для располировки составов 40*40см;3;images/933051031062_1.jpg|images/933051031062_2.jpg|images/933051031062_3.jpg;https://static.tildacdn.com/stor6364-3666-4334-b561-613030313939/99785818.jpg|https://static.tildacdn.com/stor3338-6466-4630-a265-383062393137/75267916.jpg|https://static.tildacdn.com/stor6661-3933-4563-b632-323931346162/92532575.jpg
916589483682;Shine Systems Easy Dry Double Max - двуслойная микрофибра для сушки кузова 50*80см, 1200гр/м2;4;images/916589483682_1.jpg|images/916589483682_2.jpg|images/916589483682_3.jpg|images/916589483682_4.jpg;https://static.tildacdn.com/stor3931-6566-4466-b935-396566306461/67734869.jpg|https://static.tildacdn.com/stor3737-3030-4139-b661-386330656634/60143981.jpg|https://static.tildacdn.com/stor3362-3937-4938-a130-356530653138/15293780.jpg|https://static.tildacdn.com/stor3431-6530-4161-a561-323165353062/89984378.jpg
230866577372;Shine Systems Easy Dry Towel - супервпитывающая микрофибра для сушки кузова 50*60см, 600гр/м2;4;images/230866577372_1.jpg|images/230866577372_2.jpg|images/230866577372_3.jpg|images/230866577372_4.jpg;https://static.tildacdn.com/stor3235-3265-4163-a636-316633333936/56294468.jpg|https://static.tildacdn.com/stor6338-3262-4961-b039-306238613538/38446611.jpg|https://static.tildacdn.com/stor3031-3337-4135-b034-613337313937/29288051.jpg|https://static.tildacdn.com/stor3563-6530-4537-a432-613365366536/28199684.jpg
875214558372;Shine Systems Edgeless Towel Blue – универсальная микрофибра без оверлока 40*40см, 400гр/м2, голубая;5;images/875214558372_1.jpg|images/875214558372_2.jpg|images/875214558372_3.jpg|images/875214558372_4.jpg|images/875214558372_5.jpg;https://static.tildacdn.com/stor6332-3235-4662-a161-633664373233/95087349.jpg|https://static.tildacdn.com/stor3430-3536-4631-a232-393865646664/44850388.jpg|https://static.tildacdn.com/stor3161-3138-4530-a665-353338373666/13876392.jpg|https://static.tildacdn.com/stor3661-3633-4365-a534-393635633061/58302757.jpg|https://static.tildacdn.com/stor3537-6233-4437-b061-393563343062/15597470.jpg
159673730272;Shine Systems Edgeless Towel Gray – универсальная микрофибра без оверлока 40*40см, 400гр/м2, серая;4;images/159673730272_1.jpg|images/159673730272_2.jpg|images/159673730272_3.jpg|images/159673730272_4.jpg;https://static.tildacdn.com/stor6132-3064-4835-b366-633238623366/57908473.jpg|https://static.tildacdn.com/stor6238-3262-4632-b433-633038323965/70367616.jpg|https://static.tildacdn.com/stor3764-3638-4234-b635-363538613233/54626306.jpg|https://static.tildacdn.com/stor3935-6563-4365-a664-353964346638/81569639.jpg
690575058172;Shine Systems FiberShampoo - шампунь для стирки микрофибры, 750 мл;1;images/690575058172_1.jpg;https://static.tildacdn.com/stor6662-3165-4835-b666-353431366130/95207712.jpg
415614120532;Shine Systems Glass Towel - безворсовая микрофибра для стекол 40*40 см;4;images/415614120532_1.jpg|images/415614120532_2.jpg|images/415614120532_3.jpg|images/415614120532_4.jpg;https://static.tildacdn.com/stor3266-3037-4934-a539-363930656139/57304134.jpg|https://static.tildacdn.com/stor6235-3838-4765-b138-633039393438/97092328.jpg|https://static.tildacdn.com/stor6539-3335-4438-b662-316561356232/28848310.jpg|https://static.tildacdn.com/stor3536-3033-4832-a136-323961653662/46037790.jpg
935657794862;Shine Systems Lint-Free Towel - безворсовая универсальная микрофибра стрейч 40*40 см;2;images/935657794862_1.jpg|images/935657794862_2.jpg;https://static.tildacdn.com/stor3031-3634-4361-b862-626364323430/49146571.jpg|https://static.tildacdn.com/stor3066-6132-4933-b838-656530353734/45413261.jpg
314125209532;Shine Systems Super Dry Towel - супервпитывающая микрофибра для сушки кузова 50*60см, 800 гр/м2;5;images/314125209532_1.jpg|images/314125209532_2.jpg|images/314125209532_3.jpg|images/314125209532_4.jpg|images/314125209532_5.jpg;https://static.tildacdn.com/stor3731-3162-4237-b765-663432616532/10134239.jpg|https://static.tildacdn.com/stor6362-3136-4464-b231-336266316534/74256408.jpg|https://static.tildacdn.com/stor3430-3035-4538-a662-613730323764/97193806.jpg|https://static.tildacdn.com/stor6133-3935-4062-b530-306635366664/15219020.jpg|https://static.tildacdn.com/stor6266-3130-4239-a463-663430353761/89467260.jpg
502872342582;Shine Systems Terry Towel - универсальная микрофибра без оверлока 40*40см, 6 шт;6;images/502872342582_1.jpg|images/502872342582_2.jpg|images/502872342582_3.jpg|images/502872342582_4.jpg|images/502872342582_5.jpg|images/502872342582_6.jpg;https://static.tildacdn.com/stor3334-6663-4334-b232-323633623732/87030888.jpg|https://static.tildacdn.com/stor3337-3534-4663-b262-343937373134/60876525.jpg|https://static.tildacdn.com/stor6132-6564-4235-b661-666464356530/13871589.jpg|https://static.tildacdn.com/stor3961-3164-4233-b737-323666323833/85229114.jpg|https://static.tildacdn.com/stor3934-3939-4235-a232-336631663031/97512547.jpg|https://static.tildacdn.com/stor3137-3265-4962-a338-653836653061/31388299.jpg
555920763052;Shine Systems Utility Towel - универсальная микрофибра 30*30см, 10шт;4;images/555920763052_1.jpg|images/555920763052_2.jpg|images/555920763052_3.jpg|images/555920763052_4.jpg;https://static.tildacdn.com/stor6639-3330-4232-a364-393764313936/13244541.jpg|https://static.tildacdn.com/stor6163-3937-4665-b337-336630346534/84811920.jpg|https://static.tildacdn.com/stor3266-3330-4536-b732-326337323431/68500281.jpg|https://static.tildacdn.com/stor3435-3036-4237-b166-306466356633/70685057.jpg
949409441782;Shine Systems Chenille Wash Mitt - шенилловая рукавица для мойки кузова;2;images/949409441782_1.jpg|images/949409441782_2.jpg;https://static.tildacdn.com/stor3461-3835-4333-a138-656137393935/78571219.jpg|https://static.tildacdn.com/stor3231-3534-4565-b264-363835353861/22471061.jpg
774485668662;Shine Systems Glass Applicator - аппликатор для чистки стекла и хрома 6*5*4 см;2;images/774485668662_1.jpg|images/774485668662_2.jpg;https://static.tildacdn.com/stor3465-6364-4261-a134-653139393461/28481013.jpg|https://static.tildacdn.com/stor3332-3337-4237-b933-643938626661/20299463.jpg
349146946892;Shine Systems Microfiber Sponge – микрофибровый аппликатор для нанесения составов;6;images/349146946892_1.jpg|images/349146946892_2.jpg|images/349146946892_3.jpg|images/349146946892_4.jpg|images/349146946892_5.jpg|images/349146946892_6.jpg;https://static.tildacdn.com/stor6562-3562-4461-b531-653036623337/92554620.jpg|https://static.tildacdn.com/stor3465-6433-4662-b264-656133623464/34467571.jpg|https://static.tildacdn.com/stor3034-3337-4633-b634-623535316536/22716375.jpg|https://static.tildacdn.com/stor6364-3632-4965-a637-376637326338/78052231.jpg|https://static.tildacdn.com/stor6235-3631-4837-a635-353335626230/80541182.jpg|https://static.tildacdn.com/stor6636-6435-4638-b465-363337626666/37429244.jpg
344963332092;Shine Systems Power Sponge - губка для удаления устойчивых загрязнений;2;images/344963332092_1.jpg|images/344963332092_2.jpg;https://static.tildacdn.com/stor6361-6232-4364-a633-383832613238/31214407.jpg|https://static.tildacdn.com/stor3038-3030-4263-b837-373733333664/88273234.jpg
200490044392;Shine Systems Tire Applicator - аппликатор для чернения резины и пластика;1;images/200490044392_1.jpg;https://static.tildacdn.com/stor3734-6663-4032-b931-386461636439/87963342.jpg
437618315512;Shine Systems Wash Sponge - губка крупноячеистая для мойки кузова 20*12*6см;3;images/437618315512_1.jpg|images/437618315512_2.jpg|images/437618315512_3.jpg;https://static.tildacdn.com/stor3065-3534-4035-b335-303831633235/19399334.jpg|https://static.tildacdn.com/stor3363-3630-4634-b837-373631333764/29112114.jpg|https://static.tildacdn.com/stor3230-6163-4737-b636-393634366637/94170595.jpg
320080991572;Shine Systems Wax Pad - аппликатор черный поролоновый круглый 10*2 см;3;images/320080991572_1.jpg|images/320080991572_2.jpg|images/320080991572_3.jpg;https://static.tildacdn.com/stor3762-6337-4538-a231-653831393564/87500332.jpg|https://static.tildacdn.com/stor3562-6436-4337-a661-666463366630/90561081.jpg|https://static.tildacdn.com/stor3835-6439-4636-b435-613666373737/30393272.jpg
871785464632;Shine Systems Bamboo Brush - щетка для труднодоступных мест 20 см;1;images/871785464632_1.jpg;https://static.tildacdn.com/stor3764-6337-4265-b535-626238366633/16289791.jpg
315748304952;Shine Systems Bamboo Brush XL - щетка для труднодоступных мест 40 см;1;images/315748304952_1.jpg;https://static.tildacdn.com/stor6265-3334-4564-b161-353432636233/94440746.jpg
767307519612;Shine Systems Detailing Brush N10 - деликатная кисть для детейлинга средняя;2;images/767307519612_1.jpg|images/767307519612_2.jpg;https://static.tildacdn.com/stor3633-3931-4661-b463-613763633065/20856488.jpg|https://static.tildacdn.com/stor3231-3733-4530-b265-363733353666/11162672.jpg
980810526512;Shine Systems Detailing Brush N18 - деликатная кисть для детейлинга большая;2;images/980810526512_1.jpg|images/980810526512_2.jpg;https://static.tildacdn.com/stor3033-3435-4332-a361-663532643539/79561925.jpg|https://static.tildacdn.com/stor3266-6137-4362-b438-666365323439/65491719.jpg
498459930012;Shine Systems Drill Brush - мягкая щетка для шуруповерта, 100 мм;3;images/498459930012_1.jpg|images/498459930012_2.jpg|images/498459930012_3.jpg;https://static.tildacdn.com/stor3865-3266-4662-a463-393633666637/57328157.jpg|https://static.tildacdn.com/stor3662-3436-4337-b335-373935613837/27576971.jpg|https://static.tildacdn.com/stor3735-3266-4839-b939-373033313063/88722343.jpg
645587629982;Shine Systems Interior Brush - щетка для чистки интерьера;2;images/645587629982_1.jpg|images/645587629982_2.jpg;https://static.tildacdn.com/stor6261-3937-4865-b361-373337333666/18720357.jpg|https://static.tildacdn.com/stor6161-6362-4364-b261-393864613138/30995960.jpg
263001874592;Shine Systems Leather Brush - щетка для чистки кожи с натуральной щетиной;3;images/263001874592_1.jpg|images/263001874592_2.jpg|images/263001874592_3.jpg;https://static.tildacdn.com/stor6138-3536-4363-b738-376335623861/93653952.jpg|https://static.tildacdn.com/stor3265-3630-4763-a139-346336646562/25370976.jpg|https://static.tildacdn.com/stor3365-6437-4732-b432-383466333233/23384470.jpg
189590232222;Shine Systems Mini Brush - мини щетка из натурального ворса;4;images/189590232222_1.jpg|images/189590232222_2.jpg|images/189590232222_3.jpg|images/189590232222_4.jpg;https://static.tildacdn.com/stor6662-3666-4433-a536-303535636564/31831044.jpg|https://static.tildacdn.com/stor6630-6533-4163-b132-386130313563/34336100.jpg|https://static.tildacdn.com/stor6664-3332-4537-b661-663436333963/26694985.jpg|https://static.tildacdn.com/stor3135-3139-4761-a434-666662663637/10197253.jpg
468815553572;Shine Systems Rim Brush L - щетка для чистки дисков 43*6,5 см;1;images/468815553572_1.jpg;https://static.tildacdn.com/stor6263-6430-4833-b235-306634613761/81405814.jpg
915869432062;Shine Systems Rim Brush XL - щетка для чистки дисков 43*10 см;1;images/915869432062_1.jpg;https://static.tildacdn.com/stor3163-3739-4762-b263-363062613736/34918141.jpg
852729086782;Shine Systems Tire Brush - щетка для чистки покрышек;2;images/852729086782_1.jpg|images/852729086782_2.jpg;https://static.tildacdn.com/stor6434-3930-4364-b234-663162643936/17637171.jpg|https://static.tildacdn.com/stor6639-3664-4733-b766-383532316539/14687360.jpg
277340485032;Shine Systems Ultra Soft Brush - ультрамягкая кисть для детейлинга;2;images/277340485032_1.jpg|images/277340485032_2.jpg;https://static.tildacdn.com/stor6133-3433-4533-a330-396534396639/90776756.jpg|https://static.tildacdn.com/stor3832-6266-4832-a633-373062616639/26217163.jpg
947466014712;Shine Systems Foam Trigger - распрыскиватель пенный;1;images/947466014712_1.jpg;https://static.tildacdn.com/stor6130-6566-4963-b331-343363393664/53071189.jpg
909199621622;Shine Systems Heavy Duty Trigger - распрыскиватель химически стойкий;3;images/909199621622_1.jpg|images/909199621622_2.jpg|images/909199621622_3.jpg;https://static.tildacdn.com/stor3439-3138-4832-a562-623633613233/37758156.jpg|https://static.tildacdn.com/stor3031-6664-4732-b632-356439653834/11211200.jpg|https://static.tildacdn.com/stor3336-3962-4666-a137-316533363338/38072495.jpg
482074444602;Shine Systems Standart Trigger - распрыскиватель дисперсионный;1;images/482074444602_1.jpg;https://static.tildacdn.com/stor6430-6165-4633-b561-353661663432/27581337.jpg
841161034232;Shine Systems Bucket + Filter - ведро для мойки автомобиля c сепаратором, 20 л;3;images/841161034232_1.jpg|images/841161034232_2.jpg|images/841161034232_3.jpg;https://static.tildacdn.com/stor3264-6364-4231-b837-343131373639/93958044.jpg|https://static.tildacdn.com/stor6162-3761-4661-a138-666262393361/34474707.jpg|https://static.tildacdn.com/stor3034-6164-4430-a634-393037386261/62250320.jpg
728867911402;Shine Systems Bucket - ведро для мойки автомобиля 20 л.;1;images/728867911402_1.jpg;https://static.tildacdn.com/stor3538-3665-4463-b062-613730386437/65755886.jpg
443242944202;Shine Systems Bucket Set - ведро для мойки автомобиля c крышкой и сепаратором, 20 л;5;images/443242944202_1.jpg|images/443242944202_2.jpg|images/443242944202_3.jpg|images/443242944202_4.jpg|images/443242944202_5.jpg;https://static.tildacdn.com/stor3934-3833-4236-a534-396639613265/48152179.jpg|https://static.tildacdn.com/stor6432-6333-4133-b231-333835386464/97436198.jpg|https://static.tildacdn.com/stor3362-3963-4336-a164-373366306633/93949537.jpg|https://static.tildacdn.com/stor6233-6634-4462-b033-306134663965/24380915.jpg|https://static.tildacdn.com/stor3637-3432-4537-b132-303734643561/82508126.jpg
398565545012;Shine Systems Foamer - Бутылка с пенообразователем для нейтральных составов, 150 мл;1;images/398565545012_1.jpg;https://static.tildacdn.com/stor6562-3362-4632-b266-303465646233/43556470.jpg
940415625942;Shine Systems Sand Filter - грязевой сепаратор для ведра 265*63мм;1;images/940415625942_1.jpg;https://static.tildacdn.com/stor3864-3962-4264-a361-383835653864/75661595.jpg
541309015052;Shine Systems Флакон 180 мл с распылителем;1;images/541309015052_1.jpg;https://static.tildacdn.com/stor3764-3664-4933-b032-653931353631/87943762.jpg
588085196432;Shine Systems Флакон 200 мл с распрыскивателем дисперсионным 24/410;1;images/588085196432_1.jpg;https://static.tildacdn.com/stor3864-3930-4436-b863-336166366531/45010881.jpg
872080794722;Shine Systems Флакон 200 мл с распылителем;1;images/872080794722_1.jpg;https://static.tildacdn.com/stor3638-6664-4230-b130-393439663132/48623498.jpg
935031076442;Shine Systems Clay Bar - полировальная глина, 100 гр;2;images/935031076442_1.jpg|images/935031076442_2.jpg;https://static.tildacdn.com/stor3136-6236-4834-b464-323562623536/94911143.jpg|https://static.tildacdn.com/stor6531-3433-4238-b566-666132383634/82572716.jpg
590457392732;Shine Systems Clay Glove - рукавица автоскраб;3;images/590457392732_1.jpg|images/590457392732_2.jpg|images/590457392732_3.jpg;https://static.tildacdn.com/stor6635-6435-4431-b430-613235653035/29991693.jpg|https://static.tildacdn.com/stor6130-3331-4565-b962-306361373636/63411368.jpg|https://static.tildacdn.com/stor6130-3139-4662-b831-376534623963/32931160.jpg
209685562292;Shine Systems Clay Pad - круг автоскраб, 150 мм;3;images/209685562292_1.jpg|images/209685562292_2.jpg|images/209685562292_3.jpg;https://static.tildacdn.com/stor3833-3331-4935-a665-313762383137/35527827.jpg|https://static.tildacdn.com/stor3031-6337-4338-b562-343262363834/65186159.jpg|https://static.tildacdn.com/stor3435-6564-4265-b065-333464643766/42689493.jpg
359988255722;"Shine Systems Nitrile Gloves - защитные универсальные нитриловые неопудренные перчатки, размер ""L"", цвет черный 100 шт";1;images/359988255722_1.jpg;https://static.tildacdn.com/stor3238-3934-4431-a430-326166646465/87367457.jpg
319962024552;"Shine Systems Nitrile Gloves - защитные универсальные нитриловые неопудренные перчатки, размер ""M"", цвет черный 100 шт";1;images/319962024552_1.jpg;https://static.tildacdn.com/stor3638-6331-4364-b133-306262633134/74746187.jpg
167466608822;"Shine Systems Nitrile Gloves - защитные универсальные нитриловые неопудренные перчатки, размер ""XL"", цвет черный 100 шт";1;images/167466608822_1.jpg;https://static.tildacdn.com/stor3839-3266-4565-a337-366437356635/63094783.jpg
134559889882;"Shine Systems Nitrile Gloves Diamond - текстурированные ультрапрочные нитриловые перчатки, размер ""L"", цвет оранжевый 100 шт";1;images/134559889882_1.jpg;https://static.tildacdn.com/stor6462-3231-4131-a565-366538633135/89160772.jpg
592139555302;"Shine Systems Nitrile Gloves Diamond - текстурированные ультрапрочные нитриловые перчатки, размер ""M"", цвет оранжевый 100 шт";1;images/592139555302_1.jpg;https://static.tildacdn.com/stor6230-3361-4938-b964-323861636362/70845161.jpg
993185629952;"Shine Systems Nitrile Gloves Diamond - текстурированные ультрапрочные нитриловые перчатки, размер ""XL"", цвет оранжевый 100 шт";1;images/993185629952_1.jpg;https://static.tildacdn.com/stor6635-3965-4332-b130-363562316539/42116686.jpg
475383830512;"Shine Systems Перчатки нитриловые высокопрочные, размер ""L"", цвет черный 100 шт";1;images/475383830512_1.jpg;https://static.tildacdn.com/stor6463-3734-4337-a431-336335373435/77178482.jpg
907056046062;"Shine Systems Перчатки нитриловые высокопрочные, размер ""M"", цвет черный 100 шт";1;images/907056046062_1.jpg;https://static.tildacdn.com/stor3338-3833-4238-a665-663333663664/94946418.jpg
523680514312;"Shine Systems Перчатки нитриловые высокопрочные, размер ""XL"", цвет черный 100 шт";1;images/523680514312_1.jpg;https://static.tildacdn.com/stor3762-6430-4835-a235-383033366464/13409148.jpg
207958108322;Shine Systems EasyFinish - мелкоабразивная полировальная паста, 200 мл;1;images/207958108322_1.jpg;https://static.tildacdn.com/stor3131-3664-4436-b238-316262356334/85512420.jpg
854278153072;Shine Systems EasyFinish - мелкоабразивная полировальная паста, 750 мл;1;images/854278153072_1.jpg;https://static.tildacdn.com/stor3336-3763-4335-b664-663566336461/55263217.jpg
871795954012;Shine Systems FastPolish - среднеабразивная полировальная паста, 200 мл;1;images/871795954012_1.jpg;https://static.tildacdn.com/stor3137-3836-4839-b235-633134663233/29566480.jpg
598571428282;Shine Systems FastPolish - среднеабразивная полировальная паста, 750 мл;1;images/598571428282_1.jpg;https://static.tildacdn.com/stor6431-6637-4664-b536-663434376337/92594549.jpg
583416282272;Shine Systems PowerCut - крупноабразивная полировальная паста, 200 мл;1;images/583416282272_1.jpg;https://static.tildacdn.com/stor6537-6438-4763-b865-643932333138/70151608.jpg
382755883412;Shine Systems PowerCut - крупноабразивная полировальная паста, 750 мл;1;images/382755883412_1.jpg;https://static.tildacdn.com/stor6637-3238-4465-a338-623738356262/23985134.jpg
395153572992;Shine Systems Carnauba WAX - защитный воск Карнауба 200 мл;2;images/395153572992_1.jpg|images/395153572992_2.jpg;https://static.tildacdn.com/stor6534-6266-4265-b465-666664323465/94210850.jpg|https://static.tildacdn.com/stor3862-6435-4765-b533-343963353966/60092477.jpg
882480432792;Shine Systems HYBRID Coat - защитное гидрофобное покрытие для кузова, 30 мл (набор);2;images/882480432792_1.jpg|images/882480432792_2.jpg;https://static.tildacdn.com/stor3638-3738-4234-b834-616265376366/20045975.jpg|https://static.tildacdn.com/stor3132-3932-4332-b362-643831633237/34536232.jpg
457787324072;Shine Systems HYBRID Coat 2.0 - защитное гидрофобное покрытие для кузова, 50 мл;1;images/457787324072_1.jpg;https://static.tildacdn.com/stor6635-3836-4630-b434-613265636363/76796401.jpg
838733821942;Shine Systems PPF Protect - защитное керамическое покрытие для пленок, 50 мл;1;images/838733821942_1.jpg;https://static.tildacdn.com/stor6332-6664-4038-a665-323461373231/48267022.jpg
577228776962;Shine Systems TOP Coat - гидрофобное керамическое покрытие для кузова, 50 мл;1;images/577228776962_1.jpg;https://static.tildacdn.com/stor6263-3139-4331-a230-623736316634/45578939.jpg
398261789552;Shine Systems TOP Coat 2.0 - гидрофобное керамическое покрытие для кузова, 50 мл;1;images/398261789552_1.jpg;https://static.tildacdn.com/stor6661-3561-4061-b339-343765356637/71548409.jpg
923373125982;Shine Systems AirLine TirePolish – чернение внешнего пластика и резины, 400 мл;1;images/923373125982_1.jpg;https://static.tildacdn.com/stor6332-3238-4365-b066-393534326264/93055130.jpg
886598153872;Shine Systems BlackStar - чернитель резины, 5 л;1;images/886598153872_1.jpg;https://static.tildacdn.com/stor3836-3664-4031-b537-616434653061/79116702.jpg
502979026542;Shine Systems BlackStar - чернитель резины, 750 мл;1;images/502979026542_1.jpg;https://static.tildacdn.com/stor3562-3465-4130-a133-366436633962/19899228.jpg
251059062182;Shine Systems BlackStar Matt - матовый полироль для резины, 200 мл;1;images/251059062182_1.jpg;https://static.tildacdn.com/stor3733-6262-4233-b633-313335643631/10303359.jpg
860471736232;Shine Systems BlackStar Matt - матовый полироль для резины, 5 л;1;images/860471736232_1.jpg;https://static.tildacdn.com/stor6134-3266-4663-b734-353431663964/54524146.jpg
451200704432;Shine Systems BlackStar Matt - матовый полироль для резины, 750 мл;1;images/451200704432_1.jpg;https://static.tildacdn.com/stor3238-3364-4434-b434-376639316639/90828201.jpg
702800125062;Shine Systems BlackTire - кондиционер для шин, 5 л;1;images/702800125062_1.jpg;https://static.tildacdn.com/stor3236-3838-4037-a130-623039653562/31626889.jpg
150069250892;Shine Systems BlackTire - кондиционер для шин, 750 мл;1;images/150069250892_1.jpg;https://static.tildacdn.com/stor6235-6661-4661-b738-643138656636/99579766.jpg
244612160012;Shine Systems Silicon - смазка для резиновых уплотнений, 200 мл;1;images/244612160012_1.jpg;https://static.tildacdn.com/stor3064-6239-4365-a536-633339336138/14086258.jpg
683319781952;Shine Systems Silicon - смазка для резиновых уплотнений, 750 мл;1;images/683319781952_1.jpg;https://static.tildacdn.com/stor3139-6132-4939-a164-373035353430/45188820.jpg
330915566792;Shine Systems AbrasiveOFF - очиститель стекла от пасты, 200 мл;1;images/330915566792_1.jpg;https://static.tildacdn.com/stor3331-3861-4161-b633-623266303063/12945754.jpg
922518142912;Shine Systems AbrasivePrep - абразивный очиститель стекла, 200 мл;1;images/922518142912_1.jpg;https://static.tildacdn.com/stor6637-6633-4030-a333-333838323061/24525451.jpg
363000338242;Shine Systems Glass Coat - защитное керамическое покрытие для стёкол, 50 мл;1;images/363000338242_1.jpg;https://static.tildacdn.com/stor3436-3532-4332-b661-376666613538/36010373.jpg
727616396432;Shine Systems GlassCut - полировальная паста для стекла, 200 мл;1;images/727616396432_1.jpg;https://static.tildacdn.com/stor3631-3563-4137-b562-373537653331/19466845.jpg
770631250382;Shine Systems GlassPolish - полировальная паста для стекла, 200 мл;1;images/770631250382_1.jpg;https://static.tildacdn.com/stor6164-6630-4763-b161-303038306138/20674778.jpg
467622625732;Shine Systems NanoGlass Kit - набор по уходу за стеклом (антидождь);2;images/467622625732_1.jpg|images/467622625732_2.jpg;https://static.tildacdn.com/stor6436-3261-4962-b538-616434663834/50669251.jpg|https://static.tildacdn.com/stor6463-3265-4533-a137-643335376230/30792522.jpg
560596885982;Shine Systems NanoGlass – защитное нанопокрытие для стекол K1(10мл) + K2(10мл);1;images/560596885982_1.jpg;https://static.tildacdn.com/stor3432-3137-4034-b962-363362353966/23636564.jpg
556018727542;Shine Systems NanoGlass – защитное нанопокрытие для стекол K1(200мл) + K2(200мл);1;images/556018727542_1.jpg;https://static.tildacdn.com/stor6532-3164-4234-b733-356161643866/80926513.jpg
935400248642;Shine Systems FilmON - установочный состав для пленок, 5 л;1;images/935400248642_1.jpg;https://static.tildacdn.com/stor3330-3462-4464-a565-626665393330/96741894.jpg
389134251202;Shine Systems FilmON - установочный состав для пленок, 750 мл;1;images/389134251202_1.jpg;https://static.tildacdn.com/stor6365-3239-4362-b839-333164636431/48957592.jpg
414026204352;Shine Systems IPA PPF - спиртовой обезжириватель, 5 л;1;images/414026204352_1.jpg;https://static.tildacdn.com/stor6138-6232-4437-a461-333831663232/52691651.jpg
963292021882;Shine Systems IPA PPF - спиртовой обезжириватель, 750 мл;1;images/963292021882_1.jpg;https://static.tildacdn.com/stor3537-3332-4662-a562-353437326237/72581154.jpg
614097349422;Shine Systems PPF Gel - установочный гель, 5 л;1;images/614097349422_1.jpg;https://static.tildacdn.com/stor6538-3364-4238-a239-643762373139/87969415.jpg
401527929012;Shine Systems PPF Gel - установочный гель, 750 мл;1;images/401527929012_1.jpg;https://static.tildacdn.com/stor3735-6132-4531-b661-613037353837/67623869.jpg
218473830822;Shine Systems PPF Protect - защитное керамическое покрытие для пленок, 30 мл (набор);2;images/218473830822_1.jpg|images/218473830822_2.jpg;https://static.tildacdn.com/stor3462-6163-4037-a361-306366356231/97109354.jpg|https://static.tildacdn.com/stor6464-3166-4831-b436-626463396530/78130952.jpg
296892479992;Shine Systems PPF Protect - защитное керамическое покрытие для пленок, 50 мл;1;images/296892479992_1.jpg;https://static.tildacdn.com/stor3034-6363-4636-b433-323262663763/39182577.jpg
924459566172;Shine Systems AirLine UniversalCleaner - универсальная химчистка, 400 мл;1;images/924459566172_1.jpg;https://static.tildacdn.com/stor3062-6532-4431-a136-646433313165/77371850.jpg
771749263052;Shine Systems Black Line MultiCleaner - универсальное средство для химчистки, 400 мл;1;images/771749263052_1.jpg;https://static.tildacdn.com/stor3336-3530-4463-a235-613933643539/22849068.jpg
818807459542;Shine Systems CarpetCleaner - очиститель ковров и напольных покрытий, 20 кг;1;images/818807459542_1.jpg;https://static.tildacdn.com/stor6337-3737-4931-b165-333461383266/78160476.jpg
146042382942;Shine Systems CarpetCleaner - очиститель ковров и напольных покрытий, 5 л;1;images/146042382942_1.jpg;https://static.tildacdn.com/stor3830-3265-4837-a338-333833373535/46104398.jpg
737957177702;Shine Systems CarpetCleaner - очиститель ковров и напольных покрытий, 750 мл;1;images/737957177702_1.jpg;https://static.tildacdn.com/stor3137-3662-4132-b931-663264363662/27849526.jpg
341304217132;Shine Systems FiberShampoo - шампунь для стирки микрофибры, 750 мл;1;images/341304217132_1.jpg;https://static.tildacdn.com/stor6138-6136-4433-b232-373766383961/27894456.jpg
851465792912;Shine Systems InteriorCleaner - универсальное средство для химчистки, 5 л;1;images/851465792912_1.jpg;https://static.tildacdn.com/stor3962-6464-4630-b166-393766303463/31328605.jpg
288755720932;Shine Systems InteriorCleaner - универсальное средство для химчистки, 750 мл;1;images/288755720932_1.jpg;https://static.tildacdn.com/stor6636-3166-4831-a231-313566383932/71773120.jpg
145208773722;Shine Systems LeatherCleaner - деликатный очиститель кожи, 5 л;1;images/145208773722_1.jpg;https://static.tildacdn.com/stor3061-6262-4634-b461-393162626430/97823649.jpg
178377126282;Shine Systems LeatherCleaner - деликатный очиститель кожи, 750 мл;1;images/178377126282_1.jpg;https://static.tildacdn.com/stor3031-3361-4132-b166-363434636534/76706395.jpg
121511638972;Shine Systems SoftCleaner - нейтральное средство для химчистки с кондиционером, 5 л;1;images/121511638972_1.jpg;https://static.tildacdn.com/stor6137-3665-4730-b061-313339613637/69410934.jpg
346209321972;Shine Systems SoftCleaner - нейтральное средство для химчистки с кондиционером, 750 мл;1;images/346209321972_1.jpg;https://static.tildacdn.com/stor3633-3466-4231-a330-646366356438/81760583.jpg
670631714402;Shine Systems AntiGraffiti - деликатный очиститель краски, клея, скотча, 750 мл;1;images/670631714402_1.jpg;https://static.tildacdn.com/stor6131-3437-4566-a462-623865643232/97885076.jpg
669313440282;Shine Systems CitrusCleaner - апельсиновый очиститель, 200 мл;1;images/669313440282_1.jpg;https://static.tildacdn.com/stor3263-3131-4438-b565-646563346433/59300512.jpg
846457493902;Shine Systems CitrusCleaner - апельсиновый очиститель, 750 мл;1;images/846457493902_1.jpg;https://static.tildacdn.com/stor3137-6337-4234-b136-646231386161/89847931.jpg
571850531842;Shine Systems Black Line InteriorDetailer Bergamot - средство для ухода за интерьером, 400 мл;1;images/571850531842_1.jpg;https://static.tildacdn.com/stor3532-3263-4339-b139-303635326165/94626888.jpg
684117113862;Shine Systems Black Line InteriorDetailer Bergamot - средство для ухода за интерьером, 5 л;1;images/684117113862_1.jpg;https://static.tildacdn.com/stor3065-6237-4933-b531-373364343133/18753460.jpg
982328158522;Shine Systems Black Line InteriorDetailer Macadamia - средство для ухода за интерьером, 400 мл;1;images/982328158522_1.jpg;https://static.tildacdn.com/stor3366-6661-4135-b038-356633613362/88130462.jpg
582022690812;Shine Systems Black Line InteriorDetailer Macadamia - средство для ухода за интерьером, 5 л;1;images/582022690812_1.jpg;https://static.tildacdn.com/stor6663-3039-4164-a163-306337653537/71307833.jpg
583065965352;Shine Systems Black Line InteriorDetailer Pineapple - средство для ухода за интерьером, 400 мл;1;images/583065965352_1.jpg;https://static.tildacdn.com/stor3165-6162-4330-b433-663830646539/75313276.jpg
568133030362;Shine Systems Black Line InteriorDetailer Pineapple - средство для ухода за интерьером, 5 л;1;images/568133030362_1.jpg;https://static.tildacdn.com/stor3239-3066-4734-b531-613832383266/94018952.jpg
798087827132;Shine Systems Black Line PlasticMatt - матовый полироль для пластика и винила салона, 400 мл;1;images/798087827132_1.jpg;https://static.tildacdn.com/stor6531-6635-4130-a238-363764616534/62536280.jpg
115268989422;Shine Systems QuickDetailer - спрей-очиститель для быстрого ухода, 200 мл;1;images/115268989422_1.jpg;https://static.tildacdn.com/stor6133-6130-4562-a163-383532386438/90764654.jpg
205586803882;Shine Systems QuickDetailer - спрей-очиститель для быстрого ухода, 5 л;1;images/205586803882_1.jpg;https://static.tildacdn.com/stor3530-3437-4165-a362-393833663438/95984141.jpg
524331391612;Shine Systems QuickDetailer - спрей-очиститель для быстрого ухода, 750 мл;1;images/524331391612_1.jpg;https://static.tildacdn.com/stor3661-3965-4463-b030-663838313135/42223611.jpg
822573526332;Shine Systems QuickDetailer Banana - спрей-очиститель для быстрого ухода, 5 л;1;images/822573526332_1.jpg;https://static.tildacdn.com/stor6535-3465-4339-b264-393735636632/37998322.jpg
499850077472;Shine Systems QuickDetailer Banana - спрей-очиститель для быстрого ухода, 750 мл;1;images/499850077472_1.jpg;https://static.tildacdn.com/stor3733-3530-4338-a565-326130333534/75652502.jpg
225954358712;Shine Systems QuickDetailer Fresh - спрей-очиститель для быстрого ухода, 5 л;1;images/225954358712_1.jpg;https://static.tildacdn.com/stor6530-3138-4664-a538-666439353236/49635515.jpg
107264801852;Shine Systems QuickDetailer Fresh - спрей-очиститель для быстрого ухода, 750 мл;1;images/107264801852_1.jpg;https://static.tildacdn.com/stor3663-3664-4533-a363-653935316637/66000510.jpg
507631164562;Shine Systems VinylGloss - глянцевый полироль для винила и пластика, 750 мл;1;images/507631164562_1.jpg;https://static.tildacdn.com/stor3234-3936-4363-b130-333261326562/33095315.jpg
615677540092;Shine Systems VinylMatt Cherry - матовый полироль для пластика салона, 200 мл;1;images/615677540092_1.jpg;https://static.tildacdn.com/stor3538-3433-4062-b861-656234306161/76942941.jpg
304354218492;Shine Systems VinylMatt Cherry - матовый полироль для пластика салона, 5 л;1;images/304354218492_1.jpg;https://static.tildacdn.com/stor6266-3736-4836-a532-343730356665/32703413.jpg
864017724752;Shine Systems VinylMatt Cherry - матовый полироль для пластика салона, 750 мл;1;images/864017724752_1.jpg;https://static.tildacdn.com/stor3736-3665-4664-b633-303161666530/27856236.jpg
736407034622;Shine Systems VinylMatt Wood - матовый полироль для пластика салона, 200 мл;1;images/736407034622_1.jpg;https://static.tildacdn.com/stor6530-3137-4130-a639-636636383737/66518868.jpg
256868493692;Shine Systems VinylMatt Wood - матовый полироль для пластика салона, 5 л;1;images/256868493692_1.jpg;https://static.tildacdn.com/stor6434-3463-4934-b266-646161333162/39901692.jpg
639941002462;Shine Systems VinylMatt Wood - матовый полироль для пластика салона, 750 мл;1;images/639941002462_1.jpg;https://static.tildacdn.com/stor3738-6363-4132-b139-343565666434/62390550.jpg
946907739912;Shine Systems LeatherCleaner - деликатный очиститель кожи, 5 л;1;images/946907739912_1.jpg;https://static.tildacdn.com/stor6635-3963-4535-a334-356361333330/73490083.jpg
496169358862;Shine Systems LeatherCleaner - деликатный очиститель кожи, 750 мл;1;images/496169358862_1.jpg;https://static.tildacdn.com/stor3164-6334-4462-a438-306264626665/79268320.jpg
444891057372;Shine Systems LeatherLotion - экспресс-лосьон для кожаных покрытий, 750 мл;1;images/444891057372_1.jpg;https://static.tildacdn.com/stor3139-3430-4130-b864-333366383333/61184159.jpg
312382277902;Shine Systems AroMatt Afgano - парфюм на водной основе, 200 мл;1;images/312382277902_1.jpg;https://static.tildacdn.com/stor6136-3839-4136-b039-653262323566/82253380.jpg
413696707672;Shine Systems AroMatt Creed - парфюм на водной основе, 200 мл;1;images/413696707672_1.jpg;https://static.tildacdn.com/stor3032-3865-4238-b839-336334306433/97309394.jpg
552203279962;Shine Systems AroMatt Desire - парфюм на водной основе, 200 мл;1;images/552203279962_1.jpg;https://static.tildacdn.com/stor3535-6232-4436-a562-643636323138/47242125.jpg
659248549802;Shine Systems AroMatt IntoYou - парфюм на водной основе, 200 мл;1;images/659248549802_1.jpg;https://static.tildacdn.com/stor6535-3332-4732-b336-373863623139/49888399.jpg
630961419042;Shine Systems AroMatt Magic - парфюм на водной основе, 200 мл;1;images/630961419042_1.jpg;https://static.tildacdn.com/stor3736-3033-4764-a333-646161623132/55547154.jpg
121878782482;Shine Systems AroMatt Opulent - парфюм на водной основе, 200 мл;1;images/121878782482_1.jpg;https://static.tildacdn.com/stor3738-3631-4364-b161-666338616538/79088192.jpg
251818551202;Shine Systems AroMatt Sunset - парфюм на водной основе, 200 мл;1;images/251818551202_1.jpg;https://static.tildacdn.com/stor3534-3433-4236-b238-616137646637/71008715.jpg
134740169632;Shine Systems AroMatt Wood - парфюм на водной основе, 200 мл;1;images/134740169632_1.jpg;https://static.tildacdn.com/stor6666-3938-4261-b266-396531383961/68450208.jpg
690238145802;Shine Systems Black Line Belle - ароматизатор для авто и дома, 50 мл;1;images/690238145802_1.jpg;https://static.tildacdn.com/stor3036-3161-4935-a230-386639383961/65466452.jpg
678408051152;Shine Systems Black Line Black Vanilla - ароматизатор для авто и дома, 50 мл;1;images/678408051152_1.jpg;https://static.tildacdn.com/stor3662-3730-4635-b233-333034643336/82389859.jpg
542267397212;Shine Systems Black Line CoCo - ароматизатор для авто и дома, 50 мл;1;images/542267397212_1.jpg;https://static.tildacdn.com/stor6464-6631-4230-a330-386161633833/77968420.jpg
717746505002;Shine Systems Black Line CoolWater - ароматизатор для авто и дома, 50 мл;1;images/717746505002_1.jpg;https://static.tildacdn.com/stor6432-3837-4331-b330-616263323136/34152900.jpg
372775582262;Shine Systems Black Line Invictus - ароматизатор для авто и дома, 50 мл;1;images/372775582262_1.jpg;https://static.tildacdn.com/stor6531-3265-4135-b231-303138386136/19253414.jpg
305573959962;Shine Systems Black Line Olympea - ароматизатор для авто и дома, 50 мл;1;images/305573959962_1.jpg;https://static.tildacdn.com/stor3337-3237-4564-b930-363431636361/22255776.jpg
174700309102;Shine Systems Black Line Siena - ароматизатор для авто и дома, 50 мл;1;images/174700309102_1.jpg;https://static.tildacdn.com/stor3137-3761-4832-b935-643666326539/44540615.jpg
420535933562;Shine Systems Black Line White Vanilla - ароматизатор для авто и дома, 50 мл;1;images/420535933562_1.jpg;https://static.tildacdn.com/stor3930-3663-4266-a161-626162316530/27880975.jpg
556928064002;Shine Systems StinkOFF - нейтрализатор запахов, 750 мл;1;images/556928064002_1.jpg;https://static.tildacdn.com/stor6264-3763-4233-b935-356331633532/84594787.jpg
117344967672;Очиститель текстиля LERATON T1 (готовый состав) 473мл;1;images/117344967672_1.png;https://static.tildacdn.com/stor3032-3166-4333-b464-646430383535/32099047.png
268153136142;Усиленный очиститель текстиля LERATON T1+ STRONG (готовый состав) 473мл;1;images/268153136142_1.png;https://static.tildacdn.com/stor6635-6434-4738-b334-343133643965/69108752.png
836898805852;Универсальный очиститель на основе цитрусовых LERATON G3 473мл;1;images/836898805852_1.png;https://static.tildacdn.com/stor6166-3038-4338-b438-373731613336/63757777.png
703519025572;Detail Концентрированный универсальный очиститель MU (Multi Cleaner) 1л DT-0157;1;images/703519025572_1.png;https://static.tildacdn.com/stor3836-3331-4762-a132-643134623364/75712906.png
250103344712;Detail Концентрированный универсальный очиститель TX (Textile) 1л DT-0277;1;images/250103344712_1.png;https://static.tildacdn.com/stor3564-3763-4663-a239-343534303131/34545339.png
848189134752;Detail Концентрированный универсальный очиститель TX (Textile) 5л DT-0278;1;images/848189134752_1.png;https://static.tildacdn.com/stor6134-3330-4366-b436-306137646137/32968754.png
861334530152;Detail Концентрированный универсальный очиститель MU (Multi Cleaner) 5л DT-0109;1;images/861334530152_1.png;https://static.tildacdn.com/stor3132-6366-4431-b437-323539333136/14102044.png
294315761152;Foam Heroes Clean Cabin слабощелочной состав для химчистки салона, 500мл;1;images/294315761152_1.png;https://static.tildacdn.com/stor3864-3236-4430-a439-643464653733/93549787.png
464322909602;Foam Heroes Clean Cabin слабощелочной состав для химчистки салона, 3л;1;images/464322909602_1.png;https://static.tildacdn.com/stor3737-3330-4764-a465-376239383161/96290840.png
640167790192;Foam Heroes Clean Cabin слабощелочной состав для химчистки салона, 8л;1;images/640167790192_1.png;https://static.tildacdn.com/stor3939-3134-4662-b261-393566363636/21911404.png
629051817212;Foam Heroes Inner Foam pH-нейтральный состав для химчистки салона, 500мл;1;images/629051817212_1.png;https://static.tildacdn.com/stor3962-6330-4565-b465-306166393662/40256518.png
976695324792;Foam Heroes Inner Foam pH-нейтральный состав для химчистки салона, 3л;1;images/976695324792_1.png;https://static.tildacdn.com/stor3838-3761-4130-b464-333938383635/89272131.png
462530689362;Foam Heroes Juicy Citrus универсальный органический очиститель, 3л;1;images/462530689362_1.png;https://static.tildacdn.com/stor3831-6438-4937-b761-366330613362/44523330.png
493931456342;Foam Heroes Juicy Citrus универсальный органический очиститель, 500мл;1;images/493931456342_1.png;https://static.tildacdn.com/stor3566-3230-4137-a635-653235636466/10821015.png
530950366442;Foam Heroes Cleanton универсальный очиститель интерьера, 500мл;1;images/530950366442_1.png;https://static.tildacdn.com/stor3739-6662-4336-b738-666665393332/95823111.png
348921498552;Detail Очиститель интерьера Ultra Clean Adapted Series 500мл DT-0490;1;images/348921498552_1.png;https://static.tildacdn.com/stor3266-6637-4363-b334-643165663562/29988577.png
352822455452;Smart Open Универсальный очиститель интерьера Farbic Magic 500мл;1;images/352822455452_1.png;https://static.tildacdn.com/stor6138-3930-4034-b265-663061643233/30292918.png
597777173302;Smart Open Универсальное средство для химчистки салона Multicomplex 500мл;1;images/597777173302_1.png;https://static.tildacdn.com/stor3565-3063-4130-b964-613334636333/68181780.png
874372651122;Smart Open Универсальное средство для химчистки салона Multicomplex 1л;1;images/874372651122_1.png;https://static.tildacdn.com/stor3435-3336-4330-b166-393464343138/79018954.png
308192428972;Koch Chemie Универсальное чистящее средство Green Star 1л;1;images/308192428972_1.png;https://static.tildacdn.com/stor6632-3333-4634-a438-303662643738/25786258.png
176511963602;Koch Chemie Универсальный очиститель Mehrzweckreiniger 1л;1;images/176511963602_1.png;https://static.tildacdn.com/stor6265-6132-4838-b235-623434396437/16096047.png
641273864792;Koch Chemie Универсальный очиститель Mehrzweckreiniger 21л;1;images/641273864792_1.png;https://static.tildacdn.com/stor3534-3537-4865-b861-663737623663/16024088.png
523831407822;Koch Chemie Универсальный очиститель Mehrzweckreiniger 11л;1;images/523831407822_1.png;https://static.tildacdn.com/stor3837-6432-4432-b234-633637366465/53949173.png
359471007662;Koch Chemie Средство для чистки кожи, алькантары, ткани с консервантом Pol Star 1л;1;images/359471007662_1.png;https://static.tildacdn.com/stor6564-3065-4539-b536-353638353734/43771821.png
570831761372;3D Органический очиститель для салона с обезжиривающим эффектом LVP Cleaner 3,785л;1;images/570831761372_1.png;https://static.tildacdn.com/stor3230-3132-4437-a531-396538376334/55116773.png
601729351732;CarPro Многофункциональный концентрированный очиститель MultiX 500мл;1;images/601729351732_1.png;https://static.tildacdn.com/stor6665-3831-4233-a565-326431323034/48334734.png
487390988872;BINDER Многоцелевой очиститель Premium All Purpose Cleaner (pH 9,5) 500мл;1;images/487390988872_1.png;https://static.tildacdn.com/stor6534-3830-4164-b663-323434616266/34426477.png
862250105502;Shine Systems GlassCleaner - универсальный очиститель стекол, 750 мл;1;images/862250105502_1.png;https://static.tildacdn.com/stor3432-3262-4666-a435-316433643530/27639033.png
912843349372;Shine Systems GlassCleaner - универсальный очиститель стекол, 5 л;1;images/912843349372_1.png;https://static.tildacdn.com/stor3533-3861-4438-b733-653938376465/63372021.png
889257218092;Shine Systems GlossyGlass - экспресс очиститель стекол, 750 мл;1;images/889257218092_1.png;https://static.tildacdn.com/stor3838-3265-4662-b238-363036633738/63980010.png
143482563032;Shine Systems GlossyGlass - экспресс очиститель стекол, 5 л;1;images/143482563032_1.png;https://static.tildacdn.com/stor3634-3937-4561-b463-663236613065/67417397.png
177519655072;Shine Systems Black Line PerfectGlass - бесспиртовой стеклоочиститель, 400 мл;1;images/177519655072_1.png;https://static.tildacdn.com/stor6333-3666-4664-b437-396364393331/19647713.png
542383365762;Shine Systems Black Line PerfectGlass - бесспиртовой стеклоочиститель, 5 л;1;images/542383365762_1.png;https://static.tildacdn.com/stor3933-6639-4133-b038-306265613262/83786950.png
414603281562;Очиститель стекол и зеркал LERATON L1 473мл (готовый состав);1;images/414603281562_1.png;https://static.tildacdn.com/stor6238-3330-4463-b439-373636356638/52029156.png
709474952542;"Detail Очиститель стекла ""Clean Glass"" 500мл Adapted Series DT-0491";1;images/709474952542_1.png;https://static.tildacdn.com/stor3462-6332-4231-a339-653737393839/72352073.png
288598377622;Smart Open Профессиональный очиститель-обезжириватель стекол Display 500мл;1;images/288598377622_1.png;https://static.tildacdn.com/stor6430-3830-4532-b563-326462346438/63100157.png
369717904512;Smart Open Профессиональный очиститель-обезжириватель стекол Display 5л;1;images/369717904512_1.png;https://static.tildacdn.com/stor3130-3564-4733-a238-613932366638/80008700.png
357139649502;Smart Open Профессиональный очиститель-обезжириватель стекол Display 1л;1;images/357139649502_1.png;https://static.tildacdn.com/stor3832-3964-4365-b038-333431363732/56030506.png
131916064202;Smart Open Профессиональный очиститель-обезжириватель стекол Display 0,25л;1;images/131916064202_1.png;https://static.tildacdn.com/stor3634-3665-4366-a537-396635653530/69371004.png
852116100422;Foam Heroes Glass Tonic универсальный очиститель стекол, 500мл;1;images/852116100422_1.png;https://static.tildacdn.com/stor6530-6137-4361-b461-386238373834/89479867.png
201006617902;Foam Heroes Glass Tonic универсальный очиститель стекол, 3л;1;images/201006617902_1.png;https://static.tildacdn.com/stor6466-3432-4661-b734-386266373336/72445022.png
672454270952;Foam Heroes Citrus Glass универсальный очиститель стекол, 500мл;1;images/672454270952_1.png;https://static.tildacdn.com/stor3138-3761-4731-a536-366339633136/50957072.png
925899513082;Foam Heroes Citrus Glass универсальный очиститель стекол, 3л;1;images/925899513082_1.png;https://static.tildacdn.com/stor3538-3835-4264-a366-383434336335/51631926.png
876358422072;Foam Heroes PRO Crystal Glass концентрированный очиститель стекол на спиртовой основе, 5л;1;images/876358422072_1.png;https://static.tildacdn.com/stor3263-3632-4939-b131-613334666431/84242462.png
942185648802;FIREBALL Очиститель стекол с антистатиком Glass 500мл;1;images/942185648802_1.png;https://static.tildacdn.com/stor6366-3761-4935-b564-346133346630/80792146.png
279482372692;FIREBALL MINI очиститель стекол с антистатиком GLASS 100мл;1;images/279482372692_1.png;https://static.tildacdn.com/stor3362-3663-4837-b439-383330343435/35156374.png
932143010902;BINDER Очиститель стекол с антистатиком Premium Glass Cleaner (pH 7,2) 500мл;1;images/932143010902_1.png;https://static.tildacdn.com/stor3938-6431-4332-a136-613366636331/30412821.png
973974286982;Koch Chemie Профессиональный состав для чистки стекла и мониторов Glass Cleaner 1л;1;images/973974286982_1.png;https://static.tildacdn.com/stor3666-3331-4234-a266-366465343631/11697584.png
761352378792;Koch Chemie Очиститель стекла Speed Glass Cleaner 140мл;1;images/761352378792_1.png;https://static.tildacdn.com/stor3735-3531-4438-a263-386162613435/90283879.png
463631138942;MA-FRA Многофункциональный стеклоочиститель SPLIT 750мл;1;images/463631138942_1.png;https://static.tildacdn.com/stor6264-3536-4263-b563-386261376332/69931277.png
196491542472;Shine Systems AirLine GlassShine - пенный стеклоочиститель, 400 мл;1;images/196491542472_1.png;https://static.tildacdn.com/stor3836-3734-4235-b263-656239623935/74843620.png
619058464262;Детейлер-спрей для интерьера LERATON IQ Detailer CLUB 473мл;1;images/619058464262_1.png;https://static.tildacdn.com/stor3163-6535-4238-b662-663730343665/30410208.png
929818730002;Детейлер-спрей для интерьера LERATON IQ Detailer ORIGINAL 473мл;1;images/929818730002_1.png;https://static.tildacdn.com/stor3330-3063-4430-b333-363630666238/30965848.png
329642232472;Детейлер-спрей для интерьера LERATON IQ Detailer RANCHERO 473мл;1;images/329642232472_1.png;https://static.tildacdn.com/stor3134-3662-4438-a233-323663643135/24706338.png
755697956592;Детейлер-спрей для интерьера LERATON IQ Detailer FRUIT JELLY 473мл;1;images/755697956592_1.png;https://static.tildacdn.com/stor6562-6133-4436-b366-343761356330/95164201.png
831235409312;Smart Open Средство для экспресс-очистки и блеска Quick Step 500мл;1;images/831235409312_1.png;https://static.tildacdn.com/stor3533-6239-4635-b364-363330306136/43466832.png
740197133732;Очиститель-полироль пластика LERATON P1 ARABIC DREAMS 473мл;1;images/740197133732_1.png;https://static.tildacdn.com/stor3866-3437-4430-b538-383663396630/42967791.png
587941882782;Очиститель-полироль пластика LERATON P1 TOBACCO VANILLA 473мл;1;images/587941882782_1.png;https://static.tildacdn.com/stor6663-3565-4861-b435-343361313163/77379063.png
114434324722;Очиститель-полироль пластика LERATON P1 TOBACCO VANILLA 3,8л;1;images/114434324722_1.png;https://static.tildacdn.com/stor6361-6532-4165-a533-356633326239/14535803.png
641475002442;Очиститель-полироль пластика LERATON P1 ARABIC DREAMS 3,8л;1;images/641475002442_1.png;https://static.tildacdn.com/stor3633-3531-4464-b730-386532383231/65709639.png
527111323452;Smart Open Матовое освежающее молочко для внутреннего пластика Plast Magic 500мл;1;images/527111323452_1.png;https://static.tildacdn.com/stor3032-3731-4632-b665-643332336337/82207978.png
731948511142;Smart Open Матовое освежающее молочко для внутреннего пластика Plast Magic 250мл;1;images/731948511142_1.png;https://static.tildacdn.com/stor6438-3938-4533-a539-363936346532/81721080.png
754374039312;Smart Open Матовое освежающее молочко для внутреннего пластика Plast Magic ICE STORM 250мл;1;images/754374039312_1.png;https://static.tildacdn.com/stor6465-6230-4664-b836-343039623135/16148874.png
416755808142;Smart Open Матовое освежающее молочко для внутреннего пластика Plast Magic NEW MEET 250мл;1;images/416755808142_1.png;https://static.tildacdn.com/stor3238-3063-4433-a233-373163376133/56670611.png
438874920542;Detail Полироль пластика Plastic Adapted Series 500мл DT-0489;1;images/438874920542_1.png;https://static.tildacdn.com/stor3934-3133-4538-b365-646134306661/25212137.png
358318275072;Foam Heroes Swipe Interior квик-детейлер для интерьера крем-сода, 500мл;1;images/358318275072_1.png;https://static.tildacdn.com/stor6533-6565-4364-b865-663034306536/86196322.png
348740076612;Foam Heroes Swipe Interior квик-детейлер для интерьера крем-сода, 3л;1;images/348740076612_1.png;https://static.tildacdn.com/stor6331-6533-4566-a465-623135386530/28082017.png
857225737492;Foam Heroes Swipe Interior квик-детейлер для интерьера таёжная брусника, 500мл;1;images/857225737492_1.png;https://static.tildacdn.com/stor6561-3735-4632-b838-613333643036/60749235.png
194170455372;Foam Heroes Swipe Interior квик-детейлер для интерьера миндаль и вишня, 500мл;1;images/194170455372_1.png;https://static.tildacdn.com/stor3962-3034-4034-a630-633665303033/62275793.png
801359951522;Foam Heroes Swipe Interior квик-детейлер для интерьера сельдерей, 500мл;1;images/801359951522_1.png;https://static.tildacdn.com/stor3062-3330-4235-b433-633730643235/60462400.png
277983584922;Foam Heroes Swipe Interior квик-детейлер для интерьера мармеладные мишки, 500мл;1;images/277983584922_1.png;https://static.tildacdn.com/stor3336-6431-4061-b930-633438386162/28409522.png
952789922922;Foam Heroes Ghost Wiper очиститель-консервант для ухода за интерьером, 500мл;1;images/952789922922_1.png;https://static.tildacdn.com/stor3136-6430-4333-b063-636531346136/28117286.png
732091726072;Koch Chemie Молочко для ухода за пластмассовыми поверхностями Top Star 1л;1;images/732091726072_1.png;https://static.tildacdn.com/stor3131-3234-4664-b462-386462343264/72319984.png
905957885262;MA-FRA Полироль для пластика матовая, спрей DIAMANT PLAST SATIN 500ML;1;images/905957885262_1.png;https://static.tildacdn.com/stor3239-3965-4261-b833-613831626631/88110993.png
671789766562;MA-FRA Защитная полироль для пластика матовая, спрей SCIC GREEN 600ML;1;images/671789766562_1.png;https://static.tildacdn.com/stor3739-6663-4366-b762-376534353164/35642070.png
785742941312;MA-FRA Защитная полироль для пластика со средним блеском SCIC BLUE 600мл;1;images/785742941312_1.png;https://static.tildacdn.com/stor6538-3739-4964-b732-366239333962/69746904.png
479542519112;Koch Chemie Молочко для ухода за пластмассовыми поверхностями Refresh Cockpit Care 1л;1;images/479542519112_1.png;https://static.tildacdn.com/stor3034-3332-4630-b230-363230366136/11245562.png
849941704652;Koch Chemie Средство для ухода за пластмассовыми поверхностями внутри салона автомобиля Cockpit-super-pflege 1л;1;images/849941704652_1.png;https://static.tildacdn.com/stor3162-3333-4266-b562-323430653233/92986386.png
995716683102;Очиститель кожи LERATON D1 473мл;1;images/995716683102_1.png;https://static.tildacdn.com/stor3634-6261-4532-b839-656265613932/71771180.png
899030125432;Крем-кондиционер для кожи LERATON D2 473мл;1;images/899030125432_1.png;https://static.tildacdn.com/stor3932-6462-4865-a432-373834333534/16199399.png
868183419632;Детейлер-спрей для кожи LERATON LQ Detailer 473мл;1;images/868183419632_1.png;https://static.tildacdn.com/stor6337-3034-4530-b833-326532616631/52287065.png
791545010112;Smart Open Средство для ухода за кожей Skin Virgin очиститель 500мл;1;images/791545010112_1.png;https://static.tildacdn.com/stor6234-6334-4464-a664-356536643331/29323487.png
771952636732;Smart Open Защитный крем для кожи Skin Magic 500мл;1;images/771952636732_1.png;https://static.tildacdn.com/stor6362-3637-4135-a238-326138303865/97724747.png
927770996312;Foam Heroes Pure Leather деликатный очиститель кожи, 500мл;1;images/927770996312_1.png;https://static.tildacdn.com/stor6534-3062-4435-b238-643535393762/63504473.png
710992399652;Foam Heroes Velvet Leather питательный кондиционер для кожи, 500мл;1;images/710992399652_1.png;https://static.tildacdn.com/stor3937-6566-4133-a234-356164353939/93565443.png
585844206002;MA-FRА Чистящее средство для кожаных поверхностей CHARME DETERGENT 150мл;1;images/585844206002_1.png;https://static.tildacdn.com/stor3633-3562-4833-a165-393935353336/33800490.png
603007640372;LeTech Набор для ухода за кожей (Leather Care Kit Complete);1;images/603007640372_1.png;https://static.tildacdn.com/stor6138-3837-4963-b435-633063303737/58020098.png
759507109472;LeTech Защитный крем для кожи X-Guard (Leather Protection Cream X-Guard Protected) Expert Line 200мл;1;images/759507109472_1.png;https://static.tildacdn.com/stor3435-3063-4634-b561-396330316162/11833253.png
244556139822;Letech Защитный крем для кожи Leather Protection Cream X-GUARD PROTECTED 100 мл;1;images/244556139822_1.png;https://static.tildacdn.com/stor6632-3934-4862-a539-306262303365/58193243.png
498773113452;LeTech Защитный крем для кожи X-Guard (Leather Protection Cream X-Guard Protected) Expert Line 500мл;1;images/498773113452_1.png;https://static.tildacdn.com/stor6561-6235-4332-b066-383937336663/83098528.png
133136680912;LeTech Средство для чистки кожи (Leather Ultimate Cleaner Biocare Formula) Expert Line 500мл;1;images/133136680912_1.png;https://static.tildacdn.com/stor3038-3530-4565-a430-323830393030/85042115.png
704296351702;LeTech средство для чистки кожи (Leather Ultimate Cleaner Biocare Formula) Expert Line 200мл;1;images/704296351702_1.png;https://static.tildacdn.com/stor3534-3334-4535-b135-336537623662/75384213.png
962523055212;Letech Средство для чистки кожи с пенообразователем Leather Ultimate Cleaner BIOCARE FORMULA 200 мл;1;images/962523055212_1.png;https://static.tildacdn.com/stor3838-3266-4432-a336-356363313537/55433585.png
362584408912;Koch Chemie Косметическое молочко для ухода за кожаными поверхностями Leather Star 1л;1;images/362584408912_1.png;https://static.tildacdn.com/stor6366-6539-4365-a136-623039346534/18698472.png
933819795402;FIREBALL Очиститель кожи и интерьера Nappa Cleaner;1;images/933819795402_1.png;https://static.tildacdn.com/stor3039-3430-4931-a131-633235656431/26428190.png
652456745802;FIREBALL MINI Очиститель кожи и интерьера Nappa Cleaner, 100 мл;1;images/652456745802_1.png;https://static.tildacdn.com/stor6534-3463-4533-a164-333036316564/11583330.png
283561412812;FIREBALL Кондиционер и покрытие для кожи и пластика Nappa Coat, 500 мл;1;images/283561412812_1.png;https://static.tildacdn.com/stor3435-3239-4334-b233-353935343537/96824261.png
841833839632;FIREBALL mini Кондиционер и покрытие для кожи и пластика Nappa Coat, 100 мл;1;images/841833839632_1.png;https://static.tildacdn.com/stor6465-3062-4332-b735-616366363566/92571944.png
840598645502;BINDER Средство 2в1 - Очиститель и кондиционер для кожи и пластика Premium Interior ONE STEP, 500 мл;1;images/840598645502_1.png;https://static.tildacdn.com/stor3531-6536-4135-a264-656335643162/25967106.png
419315857122;Foam Heroes Leather Tag квик-детейлер для кожаных поверхностей, 500мл;1;images/419315857122_1.png;https://static.tildacdn.com/stor3431-3465-4539-a532-396432363763/55355791.png
737128515262;BINDER Очиститель салона (кожи и пластика) с кондиционером Premium Interior Cleaner (pH 7,0) 500мл;1;images/737128515262_1.png;https://static.tildacdn.com/stor3530-3132-4363-b731-643764303633/60665611.png
572393070492;CarPro Покрытие для резины и пластика Perl 500мл;1;images/572393070492_1.png;https://static.tildacdn.com/stor6565-3363-4736-b231-326565346535/27954850.png
440058897882;CarPro Покрытие для резины и пластика Perl 1000мл;1;images/440058897882_1.png;https://static.tildacdn.com/stor3436-6333-4637-a536-333263383366/64998539.png
329951042112;KRYTEX PARFUME PRO №1;1;images/329951042112_1.png;https://static.tildacdn.com/stor3666-3738-4035-b635-393236373630/96408701.png
842497783662;KRYTEX PARFUME PRO №2;1;images/842497783662_1.png;https://static.tildacdn.com/stor6166-3161-4766-b265-643862353063/54244308.png
321544717792;KRYTEX PARFUME PRO №3;1;images/321544717792_1.png;https://static.tildacdn.com/stor3963-3537-4236-a464-303030393663/97217679.png
963835343862;KRYTEX PARFUME PRO №4;1;images/963835343862_1.png;https://static.tildacdn.com/stor6630-6535-4531-b333-333165356332/38986918.png
884899430072;KRYTEX PARFUME PRO №5;1;images/884899430072_1.png;https://static.tildacdn.com/stor6333-6438-4538-a363-306535643761/98109977.png
945146275092;KRYTEX PARFUME PRO №6;1;images/945146275092_1.png;https://static.tildacdn.com/stor6238-3833-4130-a662-363462373966/36145357.png
419000939232;KRYTEX PARFUME PRO № 7;1;images/419000939232_1.png;https://static.tildacdn.com/stor6132-3632-4634-b466-623164343463/13527331.png
192397199842;KRYTEX PARFUME PRO №8;1;images/192397199842_1.png;https://static.tildacdn.com/stor3438-3666-4332-b964-306664383634/33743023.png
826285829052;KRYTEX PARFUME PRO №9;1;images/826285829052_1.png;https://static.tildacdn.com/stor3535-3035-4466-a566-376239383732/32081366.png
533396587182;KRYTEX PARFUME PRO №10;1;images/533396587182_1.png;https://static.tildacdn.com/stor6261-6433-4535-b937-346636643036/76844652.png
115546683982;EIKOSHA (A-37) Ароматизатор меловой Spirit Refill - SAMURAI MAN;1;images/115546683982_1.jpg;https://static.tildacdn.com/stor3334-3239-4533-a436-336332336431/55320054.jpg
833128224112;EIKOSHA (A-85) Ароматизатор меловой Spirit Refill - BLUE MUSK;1;images/833128224112_1.jpg;https://static.tildacdn.com/stor3030-3163-4330-a362-623961626163/27601612.jpg
765548345602;EIKOSHA (A-69) Ароматизатор меловой Spirit Refill - GUCINI;1;images/765548345602_1.jpg;https://static.tildacdn.com/stor3763-3863-4535-b537-373066656639/91933798.jpg
808922294892;EIKOSHA (A-9) Ароматизатор меловой Spirit Refill - SQUASH;1;images/808922294892_1.jpg;https://static.tildacdn.com/stor3766-6131-4965-b234-323637323138/98274616.jpg
889336749232;EIKOSHA (A-73) Ароматизатор меловой Spirit Refill - DRY SQUASH;1;images/889336749232_1.jpg;https://static.tildacdn.com/stor6565-6234-4165-b731-346530373538/29212758.jpg
341220962152;Eikosha Ароматизатор меловой SPIRIT REFILL - MARINE BLUE SQUASH;1;images/341220962152_1.jpg;https://static.tildacdn.com/stor6431-3966-4164-b331-633430393639/90326876.jpg
807190641502;EIKOSHA (A-19) Ароматизатор меловой Spirit Refill - MARINE SQUASH;1;images/807190641502_1.jpg;https://static.tildacdn.com/stor6234-3334-4263-b732-323064353932/62365572.jpg
157087647342;EIKOSHA (A-15) Ароматизатор меловой Spirit Refill - GREEN BREEZE;1;images/157087647342_1.jpg;https://static.tildacdn.com/stor3336-3231-4032-b437-613939386363/80056589.jpg
396515600432;EIKOSHA (A-43) Ароматизатор меловой Spirit Refill - WHITY MUSK;1;images/396515600432_1.jpg;https://static.tildacdn.com/stor3861-6362-4664-a661-343263643930/87822468.jpg
924129751892;EIKOSHA (A-44) Ароматизатор меловой Spirit Refill - W BERRY;1;images/924129751892_1.jpg;https://static.tildacdn.com/stor3835-3232-4634-b631-383839353339/42269011.jpg
105976580402;EIKOSHA (A-1) Ароматизатор меловой Spirit Refill - CITRUS;1;images/105976580402_1.jpg;https://static.tildacdn.com/stor6133-3435-4930-b162-323432353434/91504733.jpg
946377085922;EIKOSHA (A-24) Ароматизатор меловой Spirit Refill - CLEAR SQUASH;1;images/946377085922_1.jpg;https://static.tildacdn.com/stor3563-6638-4030-b538-363130356331/14622479.jpg
750431420232;EIKOSHA (A-42) Ароматизатор меловой Spirit Refill - PINK SHOWER;1;images/750431420232_1.png;https://static.tildacdn.com/stor3638-3435-4263-b232-383562633136/74529027.png
127331353152;EIKOSHA (A-31) Ароматизатор меловой Spirit Refill - AQUA SHOWER EIKOSHA (A-31) Ароматизатор меловой Spirit Refill - AQUA SHOWER;1;images/127331353152_1.jpg;https://static.tildacdn.com/stor6637-6431-4637-b433-336461613931/46889547.jpg
442858010232;EIKOSHA (A-52) Ароматизатор меловой Spirit Refill - LEMON SQUASH;1;images/442858010232_1.jpg;https://static.tildacdn.com/stor3137-3561-4361-b631-646138383461/28240200.jpg
926620413032;EIKOSHA (A-100) Ароматизатор меловой Spirit Refill - JOLI AIR;1;images/926620413032_1.jpg;https://static.tildacdn.com/stor3266-3430-4333-b930-343631666232/19477741.jpg
884922846112;EIKOSHA (A-56) Ароматизатор меловой Spirit Refill - MUSKY SHOWER EIKOSHA (A-56) Ароматизатор меловой Spirit Refill - MUSKY SHOWER;1;images/884922846112_1.jpg;https://static.tildacdn.com/stor3539-3064-4262-a261-646631643733/24921933.jpg
316994119752;Eikosha Ароматизатор меловой SPIRIT REFILL - BOTANICAL SHOWER A-107;1;images/316994119752_1.jpg;https://static.tildacdn.com/stor3363-6130-4766-a632-343038353061/91844544.jpg
950576285302;EIKOSHA Spirit Refill WOODY MUSK - ДРЕВЕСНЫЙ МУСКУС, арт. А-109;1;images/950576285302_1.jpg;https://static.tildacdn.com/stor6330-3330-4134-b562-346538613763/48461972.jpg
894238814142;EIKOSHA Spirit Refill - WHITE LILY / БЕЛАЯ лилия;1;images/894238814142_1.jpg;https://static.tildacdn.com/stor6333-3238-4163-b331-306432366266/11740902.jpg
634960473392;EIKOSHA (A-55) Ароматизатор меловой Spirit Refill - TONIGHT;1;images/634960473392_1.jpg;https://static.tildacdn.com/stor3530-6165-4765-a639-353539356465/82041174.jpg
188247180242;EIKOSHA (A-22) Ароматизатор меловой Spirit Refill - AFTER SHOWER;1;images/188247180242_1.jpg;https://static.tildacdn.com/stor3563-3734-4563-a631-333939313133/30309798.jpg
717877741312;Koch Chemie ACID SHAMPOO SiO2 - Глубоко очищающий от песка и частиц металла шампунь;1;images/717877741312_1.webp;https://static.tildacdn.com/stor3064-6164-4136-b932-653866393561/45922808.webp
154189695392;LERATON Z3 ORANGE 473мл Нейтральная пена для бесконтактной мойки;1;images/154189695392_1.png;https://static.tildacdn.com/stor6332-3735-4136-a330-626532646132/22049159.png
381592314802;LERATON Z3 Blue нейтральная пена для бесконтактной мойки, 473мл;1;images/381592314802_1.webp;https://static.tildacdn.com/stor3031-3931-4433-b930-343039623735/98883354.webp
465727330352;LERATON Z3 Green нейтральная пена для бесконтактной мойки, 473мл;1;images/465727330352_1.webp;https://static.tildacdn.com/stor3564-6533-4539-a461-663833353937/82348406.webp
478685816302;LERATON Z3 Pink нейтральная пена для бесконтактной мойки, 473мл;1;images/478685816302_1.webp;https://static.tildacdn.com/stor6134-6261-4133-b632-376166356264/26304486.webp
406652300522;Кислотный шампунь LERATON N2 473мл;1;images/406652300522_1.png;https://static.tildacdn.com/stor6536-6337-4233-b339-393836643538/35365730.png
196676687622;KRYTEX Парфюм Parfume Pro №1 «Синее небо» (аэрозоль) 65мл;1;images/196676687622_1.png;https://static.tildacdn.com/stor3037-3839-4632-a138-346232353261/12033210.png
670550909922;KRYTEX Парфюм Parfume Pro №2 «Морской бриз» (аэрозоль) 65мл;1;images/670550909922_1.png;https://static.tildacdn.com/stor6264-6666-4331-b038-303939326461/76025084.png
415126878312;KRYTEX Парфюм Parfume Pro №3 «Мужская душа» (аэрозоль) 65мл;1;images/415126878312_1.png;https://static.tildacdn.com/stor3138-6536-4430-a561-363366343638/68750778.png
221600303872;KRYTEX Парфюм Parfume Pro №4 «Сладкий день» (аэрозоль) 65мл;1;images/221600303872_1.png;https://static.tildacdn.com/stor3130-6439-4639-b738-306530306566/57353809.png
289132815752;KRYTEX Парфюм Parfume Pro №5 «Наркотический цветок» (аэрозоль) 65мл;1;images/289132815752_1.png;https://static.tildacdn.com/stor3638-3363-4763-b735-393365386363/16639492.png
805952021172;KRYTEX Парфюм Parfume Pro №6 «Ирландский виски» (аэрозоль) 65мл;1;images/805952021172_1.png;https://static.tildacdn.com/stor6634-3038-4564-b663-653537623031/80744939.png
407579664092;KRYTEX Парфюм Parfume Pro №7 «Арабские ночи» (аэрозоль) 65мл;1;images/407579664092_1.png;https://static.tildacdn.com/stor6430-3335-4233-b637-316639363138/82464786.png
835854936882;KRYTEX Парфюм Parfume Pro №8 «Свободный ветер» (аэрозоль) 65мл;1;images/835854936882_1.png;https://static.tildacdn.com/stor6664-3135-4936-a337-383336386461/73268635.png
264615221562;KRYTEX Парфюм Parfume Pro №9 «Восточные звуки» (аэрозоль) 65мл;1;images/264615221562_1.png;https://static.tildacdn.com/stor3862-3062-4139-b161-393732636361/47610443.png
532759903032;KRYTEX Парфюм Parfume Pro №10 «Золотая пыль» (аэрозоль) 65мл;1;images/532759903032_1.png;https://static.tildacdn.com/stor6664-6663-4663-a132-333961336562/94408515.png
380577016362;Eikosha запасной элемент Blue Musk Ледяной шторм;1;images/380577016362_1.png;https://static.tildacdn.com/stor3163-6632-4461-a163-306631636162/97224553.png
989898443702;Eikosha запасной элемент Dry Squash Восточная свежесть;1;images/989898443702_1.png;https://static.tildacdn.com/stor6465-6631-4566-a161-343432333732/80928176.png
323184519332;Eikosha запасной элемент Gucini Гучини;1;images/323184519332_1.png;https://static.tildacdn.com/stor3935-3564-4130-a362-303532323833/93866605.png
998025625172;Eikosha запасной элемент Squash Свежесть;1;images/998025625172_1.png;https://static.tildacdn.com/stor3332-3033-4232-b331-376464306465/74222104.png
410162194832;Eikosha запасной элемент Marine Squash Морская свежесть;1;images/410162194832_1.png;https://static.tildacdn.com/stor3239-6237-4262-b939-373761356639/79263539.png
494410889252;Eikosha запасной элемент Pink Shower Розовый дождь;1;images/494410889252_1.png;https://static.tildacdn.com/stor6335-6238-4331-a465-333766323765/52017799.png
657713200302;Eikosha запасной элемент White lily Белая лилия;1;images/657713200302_1.png;https://static.tildacdn.com/stor6430-3732-4862-b036-636135643261/43387617.png
133471107142;Eikosha запасной элемент Whity Musk Белый мускус;1;images/133471107142_1.png;https://static.tildacdn.com/stor6266-3532-4935-a138-373138373765/86425267.png
291982761112;Eikosha запасной элемент Green Breeze Зеленый бриз;1;images/291982761112_1.png;https://static.tildacdn.com/stor6261-6139-4534-a665-643030663139/49432674.png
164452788832;EIKOSHA (Q-5) Ароматизатор на кондиционер Giga Clip - MARINE SQUASH;1;images/164452788832_1.png;https://static.tildacdn.com/stor6539-3063-4564-b632-363363633062/80855598.png
244757953452;EIKOSHA (G-51) Ароматизатор на кондиционер Giga Clip - SQUASH;1;images/244757953452_1.png;https://static.tildacdn.com/stor3366-3166-4165-b062-323131383132/34690674.png
512467564592;EIKOSHA (G-50) Ароматизатор на кондиционер Giga Clip - GREEN BREEZE;1;images/512467564592_1.png;https://static.tildacdn.com/stor3236-6637-4063-a664-633134313065/32500984.png
573090458212;EIKOSHA (Q-54) Ароматизатор на кондиционер Giga Kaguwa - WHITY MUSK;1;images/573090458212_1.png;https://static.tildacdn.com/stor6535-3563-4533-b935-393566333830/73674286.png
844681650562;MA-FRA Освежитель воздуха для дома и автомобиля СОЛНЕЧНЫЕ ЦВЕТЫ Mr.GUGU' SUN FLOWERS;1;images/844681650562_1.png;https://static.tildacdn.com/stor3233-3036-4533-b730-633964336237/59168236.png
958060865592;MA-FRA Освежитель воздуха для дома и автомобиля ДЫХАНИЕ ОКЕАНА Mr. GUGU' OCEAN BREEZE;1;images/958060865592_1.png;https://static.tildacdn.com/stor6636-3062-4631-b661-323061366432/10231453.png
160918225112;"MA-FRA Освежитель воздуха для дома и автомобиля ЛИМОН И ЦИТРУС Mr. GUGU' LEMON &amp; CITRUS";1;images/160918225112_1.png;https://static.tildacdn.com/stor6139-3061-4333-b038-353138666636/86034886.png
991496794312;Нейтральная пена для бесконтактной мойки LERATON Z3 GREEN 3,8л;1;images/991496794312_1.png;https://static.tildacdn.com/stor3139-3061-4164-b464-353339623061/13409153.png
210585313202;Нейтральная пена для бесконтактной мойки LERATON Z3 ORANGE 3,8л;1;images/210585313202_1.png;https://static.tildacdn.com/stor3135-6132-4236-b733-386333333731/96759199.png
398208592722;Нейтральная пена для бесконтактной мойки LERATON Z3 BLUE 3,8л;1;images/398208592722_1.png;https://static.tildacdn.com/stor6139-3233-4632-b631-363861343362/76494636.png
785864196022;Нейтральная пена для бесконтактной мойки LERATON Z3 PINK 3,8л;1;images/785864196022_1.png;https://static.tildacdn.com/stor6338-6163-4262-b466-633764373430/53382400.png
344279881002;Smart Open Первичный бесконтактный состав без фосфата и растворителей Ecosafe 1л;1;images/344279881002_1.png;https://static.tildacdn.com/stor3337-3463-4066-b835-396261633636/96973558.png
503346870302;Smart Open Первичный бесконтактный состав с защитой хрома и алюминия Safe 1л;1;images/503346870302_1.png;https://static.tildacdn.com/stor6466-6165-4563-b064-323736303561/13351421.png
966304745362;Smart Open Первичный бесконтактный состав без фосфата и растворителей Ecosafe 5л;1;images/966304745362_1.png;https://static.tildacdn.com/stor3735-3264-4666-b363-333335336130/73608527.png
376767223682;Foam Heroes Citrus Buddy шампунь на основе цитрусовых для предварительной мойки, 500мл;1;images/376767223682_1.png;https://static.tildacdn.com/stor6162-3934-4661-a639-323531666663/16056286.png
262258311562;Foam Heroes Citrus Buddy шампунь на основе цитрусовых для предварительной мойки, 3л;1;images/262258311562_1.png;https://static.tildacdn.com/stor6434-6236-4239-b964-366666353330/18100009.png
740229216602;Foam Heroes Citrus Buddy шампунь на основе цитрусовых для предварительной мойки, 8л;1;images/740229216602_1.png;https://static.tildacdn.com/stor3166-6235-4434-b136-353038326538/61334140.png
750964357882;Foam Heroes Gentle Soap Amber деликатный состав для предварительной мойки, 500мл;1;images/750964357882_1.png;https://static.tildacdn.com/stor3835-6264-4536-b463-656466653165/24024711.png
197220861282;Foam Heroes PRO 600 шампунь для бесконтактной мойки автомобиля, 5л;1;images/197220861282_1.png;https://static.tildacdn.com/stor3435-6538-4565-b132-383337313561/20419372.png
395380260322;Foam Heroes PRO 600 шампунь для бесконтактной мойки автомобиля, 20л;1;images/395380260322_1.png;https://static.tildacdn.com/stor6132-3536-4134-b234-393134353635/23275740.png
987550254072;CarPro Состав для предварительной мойки Lift Snow Foam 500мл;1;images/987550254072_1.png;https://static.tildacdn.com/stor3437-6462-4635-b261-313332373566/73470566.png
418357330582;FIREBALL Нейтральная пена для бесконтактной мойки Snow Foam 1:30 PH7;1;images/418357330582_1.png;https://static.tildacdn.com/stor6137-3934-4335-a139-373364323936/32204575.png
935153368172;BINDER Бесконтактный щелочной состав для предварительной мойки Premium Pre-Wash 1:30-1:50 (pH 12,3) 500мл;1;images/935153368172_1.png;https://static.tildacdn.com/stor3030-3233-4535-b233-346233386631/16012678.png
421862958272;FURY'S First Kick Бесконтактный, деликатный шампунь, 2Л;1;images/421862958272_1.png;https://static.tildacdn.com/stor3465-6530-4166-b037-333930386133/61896269.png
750660420922;FURY'S First Kick Бесконтактный, деликатный шампунь First Kick, 500 мл;1;images/750660420922_1.png;https://static.tildacdn.com/stor6162-3631-4232-b061-643666373966/16361337.png
998093957112;Leraton A3 Шампунь для ручной мойки Bubble gum 473мл;1;images/998093957112_1.png;https://static.tildacdn.com/stor3932-6466-4564-a436-386536356138/65843972.png
836001414482;Leraton A3 Шампунь для ручной мойки Sweet melons 473мл;1;images/836001414482_1.png;https://static.tildacdn.com/stor6261-3662-4661-a365-656266633434/36841379.png
555699736012;Leraton A3 Шампунь для ручной мойки Choco nut 473мл;1;images/555699736012_1.png;https://static.tildacdn.com/stor3134-3435-4762-b530-316139626561/81733528.png
160953603562;Шампунь для ручной мойки LERATON A1 473мл;1;images/160953603562_1.png;https://static.tildacdn.com/stor3466-6366-4766-a262-303365396565/10471157.png
866238634972;Нейтральный шампунь + очиститель с индикатором 2в1 LERATON M2 Shampoo 473мл;1;images/866238634972_1.png;https://static.tildacdn.com/stor3665-3036-4539-b563-666130633237/73371999.png
404405973342;Суперконцентрированный шампунь для ручной мойки LERATON A3 HANDWASH SHAMPOO BARBERRY 473мл;1;images/404405973342_1.png;https://static.tildacdn.com/stor6437-6434-4032-a466-373839396432/51429404.png
803810762072;Smart Open Высокопенный ручной шампунь без фосфата и растворителей Too Shampoo Gold 500мл;1;images/803810762072_1.png;https://static.tildacdn.com/stor6631-6438-4336-b032-386137373439/93354331.png
328386917012;Smart Open Высокопенный ручной шампунь без фосфата и растворителей Too Shampoo Fenix 500мл;1;images/328386917012_1.png;https://static.tildacdn.com/stor3231-6531-4931-a535-613636653538/24333871.png
404259984282;Smart Open Наношампунь для ручной мойки Nano Shampoo 500мл;1;images/404259984282_1.png;https://static.tildacdn.com/stor3537-6532-4431-a666-653234353361/39967014.png
429416535792;Detail Шампунь для ручной мойки SP (Second Phase) 1л DT-0151;1;images/429416535792_1.png;https://static.tildacdn.com/stor6230-3139-4166-a564-396264613534/73295061.png
307955660112;Detail Шампунь для ручной мойки SP (Second Phase) 5л DT-0152;1;images/307955660112_1.png;https://static.tildacdn.com/stor3066-6364-4165-b836-356466313463/45975401.png
705632012752;Foam Heroes Slick Ice Sweety шампунь для ручной мойки автомобиля, 500мл;1;images/705632012752_1.png;https://static.tildacdn.com/stor3532-6333-4632-b935-303434343036/14597231.png
976170212602;Foam Heroes Slick Ice Berry шампунь для ручной мойки автомобиля, 500мл;1;images/976170212602_1.png;https://static.tildacdn.com/stor3933-3231-4664-b061-643661343331/23390529.png
573672020012;Foam Heroes Slick Ice Zippy шампунь для ручной мойки автомобиля, 500мл;1;images/573672020012_1.png;https://static.tildacdn.com/stor3939-6561-4134-b537-383239363262/54332317.png
778508172252;Foam Heroes Slick Ice Zippy шампунь для ручной мойки автомобиля, 3л;1;images/778508172252_1.png;https://static.tildacdn.com/stor3538-3732-4232-b533-633137636463/88164281.png
744689428042;Foam Heroes Slick Ice Sweety шампунь для ручной мойки автомобиля, 3л;1;images/744689428042_1.png;https://static.tildacdn.com/stor6135-6466-4461-b339-333366313330/79822569.png
509195033022;Foam Heroes Cola Bay шампунь для ручной мойки автомобиля, 500мл;1;images/509195033022_1.png;https://static.tildacdn.com/stor3939-3663-4666-a332-633635623466/88409119.png
226679582542;Foam Heroes Christmas Bubbles шампунь для ручной мойки автомобиля, 500мл;1;images/226679582542_1.png;https://static.tildacdn.com/stor3762-3662-4834-a165-613362366531/15909587.png
379391633502;Foam Heroes Acid Shock кислотный шампунь для ручной мойки автомобиля, 500мл;1;images/379391633502_1.png;https://static.tildacdn.com/stor3037-3963-4961-a633-346433376364/88160570.png
950841788062;Foam Heroes Acid Shock кислотный шампунь для ручной мойки автомобиля, 3л;1;images/950841788062_1.png;https://static.tildacdn.com/stor3866-6563-4961-b838-633436623765/98420419.png
719124308362;Foam Heroes Acid Citrus кислотный шампунь для ручной мойки автомобиля, 500мл;1;images/719124308362_1.png;https://static.tildacdn.com/stor6231-3031-4261-a436-636337623336/40656530.png
291419617852;Foam Heroes Acid Citrus кислотный шампунь для ручной мойки автомобиля, 3л;1;images/291419617852_1.png;https://static.tildacdn.com/stor3666-6439-4530-b265-663631643665/61601908.png
276389887292;Foam Heroes PRO GAP шампунь для ручной мойки автомобиля, 5л;1;images/276389887292_1.png;https://static.tildacdn.com/stor6532-3461-4837-a532-343330353237/45323249.png
287299052702;MA-FRA Наношампунь NANO SHAMPOO 900мл;1;images/287299052702_1.png;https://static.tildacdn.com/stor6465-6635-4466-b662-643435316364/68778627.png
994853341402;Koch Chemie Автошампунь для ручной мойки без ополаскивания Ceramic Effect Shampoo 1л;1;images/994853341402_1.png;https://static.tildacdn.com/stor3532-3134-4230-b337-663663393131/55155137.png
712086611742;Koch Chemie Автошампунь для ручной мойки Autoshampoo 1л;1;images/712086611742_1.png;https://static.tildacdn.com/stor6665-6165-4065-a535-616636333936/52715563.png
726989469132;FIREBALL Кислотный шампунь Ph3 Shampoo 1:1000, 500 мл;1;images/726989469132_1.png;https://static.tildacdn.com/stor3737-6633-4362-a238-396266313733/37852754.png
644135260052;FIREBALL Шампунь-концентрат для ручной мойки SHOW CAR TiO 1:1000 pH7,5 500мл;1;images/644135260052_1.png;https://static.tildacdn.com/stor3834-3938-4731-a163-383834666332/29853829.png
371596638032;FIREBALL mini Шампунь-концентрат для ручной мойки SHOW CAR SHAMPOO TiO 1:1000 pH7,5, 100мл;1;images/371596638032_1.png;https://static.tildacdn.com/stor3738-6464-4461-b437-643861303062/57361441.png
486447233592;FIREBALL Шампунь для ручной мойки Pearl TiO 1:1000 PH7,5, 500мл;1;images/486447233592_1.png;https://static.tildacdn.com/stor3331-3864-4239-b266-636363373362/41726849.png
861635530532;FIREBALL Шампунь для ручной мойки Emerald Green 1:1000 PH7,5;1;images/861635530532_1.png;https://static.tildacdn.com/stor3765-6665-4932-b337-616637363063/84547837.png
205504426862;FIREBALL Ручной Шампунь SiO2 гидрофоб и защита Hydro Shampoo 1:500 PH7, 500 мл;1;images/205504426862_1.png;https://static.tildacdn.com/stor3032-3163-4637-b632-316633313765/33039509.png
205971331752;FIREBALL Шампунь для ручной мойки Super Star Car Shampoo 1:500 PH7 Фруктово-Цитрусовый (синий) 1л;1;images/205971331752_1.png;https://static.tildacdn.com/stor6238-6236-4230-a162-356534326533/54896260.png
814874355372;FIREBALL Шампунь для ручной мойки Super Star Car Shampoo 1:500 PH7 Лесное настроение (зеленый) 1л;1;images/814874355372_1.png;https://static.tildacdn.com/stor6138-3765-4530-b735-356662613466/76377239.png
445038017412;FIREBALL Шампунь для ручной мойки Super Star Car Shampoo 1:500 PH7 Медово-Банановый (желтый) 1л;1;images/445038017412_1.png;https://static.tildacdn.com/stor3032-6432-4737-b662-613836353532/98802204.png
754092231252;FIREBALL Шампунь для ручной мойки Super Star Car Shampoo 1:500 PH7 Папайя-Манго (красный) 1л;1;images/754092231252_1.png;https://static.tildacdn.com/stor3966-3936-4064-b733-363766306435/26165117.png
582396421682;FIREBALL Шампунь для ручной мойки Super Star Car Shampoo 1:500 PH7 Французский виноград (фиолетовый) 1л;1;images/582396421682_1.png;https://static.tildacdn.com/stor3539-3735-4036-b563-366137323633/12531620.png
161350788712;CarPro Шампунь Reset Car Shampoo 500мл;1;images/161350788712_1.png;https://static.tildacdn.com/stor3239-3133-4266-b131-646331343662/24999064.png
568383704352;CarPro Шампунь Reset Car Shampoo 50мл;1;images/568383704352_1.png;https://static.tildacdn.com/stor6562-3136-4538-b661-656363643434/23120912.png
118813868792;CarPro Кислотный шампунь Descale 500мл;1;images/118813868792_1.png;https://static.tildacdn.com/stor3838-3963-4436-b932-376637653863/40126852.png
238769367892;CarPro Шампунь консервант с гидрофобным эффектом HydrO2 Foam 500мл;1;images/238769367892_1.png;https://static.tildacdn.com/stor3064-3038-4230-b264-623835653834/42737679.png
871794007392;FURY'S Second Punch Шампунь для ручной мойки, 2Л;1;images/871794007392_1.png;https://static.tildacdn.com/stor3536-3032-4166-b762-313464616232/81259669.png
506189728362;FURY'S Second Punch Шампунь для ручной мойки, 500 мл;1;images/506189728362_1.png;https://static.tildacdn.com/stor3933-3434-4431-b237-646336386139/29929138.png
877354214612;FURY'S Bucket Punch Шампунь для ведра, 2Л;1;images/877354214612_1.png;https://static.tildacdn.com/stor6166-3263-4036-b266-663836666232/51514404.png
500648606052;FURY'S Bucket Punch Ручной шампунь для ведра, 500 мл;1;images/500648606052_1.png;https://static.tildacdn.com/stor6466-3165-4661-a564-623464353035/62869925.png
839727367082;Кварцевый состав для быстрого блеска и гидрофоба LERATON S6 PASSION FRUIT 473мл;1;images/839727367082_1.png;https://static.tildacdn.com/stor3737-3461-4633-b765-393634363733/44482203.png
854193464752;Кварцевый состав для быстрого блеска и гидрофоба LERATON S6 GRAPE 473мл;1;images/854193464752_1.png;https://static.tildacdn.com/stor3637-6131-4932-b937-336536336236/95049668.png
970456003982;Детейлер-спрей с карнаубой LERATON S2 473мл;1;images/970456003982_1.png;https://static.tildacdn.com/stor6333-3538-4938-a639-386139393031/48003288.png
198000849482;Синтетический детейлер-спрей LERATON S4 ORIGINAL 473мл;1;images/198000849482_1.png;https://static.tildacdn.com/stor3563-3735-4531-a135-326336393465/77351224.png
897935126252;Полирующий нановоск LERATON C1 (473 мл.);1;images/897935126252_1.png;https://static.tildacdn.com/stor6533-3161-4336-b538-373238303736/42352552.png
679514710572;Полирующий воск LERATON C1 3,8л;1;images/679514710572_1.png;https://static.tildacdn.com/stor3163-3530-4534-b161-333732366165/72829876.png
663565468732;Воск для быстрой сушки LERATON C2 473мл.;1;images/663565468732_1.png;https://static.tildacdn.com/stor3239-6637-4132-a231-653363326432/11567227.png
531480567542;Воск для быстрой сушки LERATON C2 3,8л;1;images/531480567542_1.png;https://static.tildacdn.com/stor3539-3038-4332-b064-663930343163/91902804.png
598739046862;Водоотталкивающий воск LERATON C3 473мл;1;images/598739046862_1.png;https://static.tildacdn.com/stor3163-3230-4066-b538-326334663134/11254468.png
472842904592;Водоотталкивающий воск LERATON C3 3,8л;1;images/472842904592_1.png;https://static.tildacdn.com/stor3036-3339-4430-b665-353034366263/78362046.png
816387026712;Горячий воск LERATON C4 473 мл.;1;images/816387026712_1.png;https://static.tildacdn.com/stor6436-6661-4136-b464-333563376566/17311371.png
785620265992;Foam Heroes Silk Finish квик-детейлер для экстерьера по мотивам Aventus, 500мл;1;images/785620265992_1.webp;https://static.tildacdn.com/stor6337-3131-4335-b038-653862323736/65805688.webp
386032380842;Foam Heroes Silk Finish квик-детейлер для экстерьера морковный фреш, 500мл;1;images/386032380842_1.webp;https://static.tildacdn.com/stor3761-3265-4264-b233-336133313931/87943752.webp
457944315272;Foam Heroes Mad Drops Raspberry быстрое гидрофобное покрытие для ЛКП, 500мл;1;images/457944315272_1.webp;https://static.tildacdn.com/stor3037-3566-4336-b163-613736303838/81499419.webp
918981613302;Foam Heroes Mad Drops Candy быстрое гидрофобное покрытие для ЛКП, 500мл;1;images/918981613302_1.webp;https://static.tildacdn.com/stor3638-3735-4666-a463-303964623065/86022001.webp
484255933362;Foam Heroes Mad Drops Candy быстрое гидрофобное покрытие для ЛКП, 3л;1;images/484255933362_1.webp;https://static.tildacdn.com/stor3132-6163-4137-b539-366564343435/65089531.webp
323514201402;Foam Heroes Mad Drops Raspberry быстрое гидрофобное покрытие для ЛКП, 3л;1;images/323514201402_1.webp;https://static.tildacdn.com/stor3064-3162-4638-a562-613936623038/53941857.webp
538790474242;Koch Chemie SCHLEIFPASTE H7.01 - Шлифовальная паста без силикона (1 л);1;images/538790474242_1.webp;https://static.tildacdn.com/stor6235-6237-4061-b465-636530663732/87816111.webp
399842133062;Koch Chemie HEAVY CUT H8.02 (1л) - Шлифовальная паста;1;images/399842133062_1.webp;https://static.tildacdn.com/stor3963-3162-4938-b931-323930663133/72673787.webp
916843985412;Koch Chemie HEAVY CUT H8.02 (250мл) - Шлифовальная паста Абразивная полировальная паста;1;images/916843985412_1.webp;https://static.tildacdn.com/stor3031-3434-4764-b731-643666323731/53931463.webp
634015361222;Koch Chemie HEAVY CUT H9.02 (1л) - Абразивная полировальная паста для твёрдых лаков;1;images/634015361222_1.webp;https://static.tildacdn.com/stor6239-6133-4633-a665-316464336363/38444434.webp
204726909632;Koch Chemie HEAVY CUT H9.02 (250мл) - Абразивная полировальная паста для твёрдых лаков;1;images/204726909632_1.webp;https://static.tildacdn.com/stor3965-6266-4366-a164-653465346133/30083035.webp
637199529352;Koch Chemie FEINSCHLEIFPASTE F5.01 - Шлифовальная паста без силикона (1 л);1;images/637199529352_1.webp;https://static.tildacdn.com/stor3836-3337-4566-b362-373663616435/36464388.webp
491408553622;Koch Chemie FINE CUT F6.01 (1л) - Мелкозернистая абразивная полировальная паста;1;images/491408553622_1.webp;https://static.tildacdn.com/stor3930-3834-4139-a536-663862303165/12348848.webp
410448435452;Koch Chemie FINE CUT F6.01(250мл) - Мелкозернистая абразивная полировальная паста;1;images/410448435452_1.webp;https://static.tildacdn.com/stor3066-3333-4530-a462-363931666339/75129998.webp
859319355582;"Koch Chemie ONE CUT &amp; FINISH P6.02(1л) - Одношаговая полировальная паста с защитным эффектом";1;images/859319355582_1.png;https://static.tildacdn.com/stor6330-3538-4235-a339-313364386661/7958d467fd1114ae2e292e712cffc9dd.png
933944596422;"Koch Chemie ONE CUT &amp; FINISH P6.01(250мл) - Одношаговая полировальная паста с защитным эффектом";1;images/933944596422_1.webp;https://static.tildacdn.com/stor3866-3765-4264-b737-396661613564/65053583.webp
896960929642;"Koch Chemie One Cut &amp; Finish P6.02 (250мл) - Высокоглянцевая полировальная паста с герметизирующим эффектом";1;images/896960929642_1.webp;https://static.tildacdn.com/stor3963-3333-4531-b731-373531663634/94811680.webp
795315839852;"Koch Chemie MICRO CUT &amp; FINISH P3.01(1л) - Антиголограммная финишная абразивная паста с воском карнауба";1;images/795315839852_1.png;https://static.tildacdn.com/stor3865-6464-4161-a131-353831376162/80441358.png
327247948352;"Koch Chemie MICRO CUT &amp; FINISH P3.01(250мл) - Антиголограммная финишная абразивная паста с воском карнауба";1;images/327247948352_1.webp;https://static.tildacdn.com/stor3733-6636-4437-b163-363661303161/56724708.webp
248619428952;MA-FRA Защитная полироль для ЛКП METAL CAR (spray) 500мл;1;images/248619428952_1.png;https://static.tildacdn.com/stor3131-3437-4261-b330-356434303638/55782858.png
108015761722;Koch Chemie Консервирующий воск Protector Wax 1л;1;images/108015761722_1.png;https://static.tildacdn.com/stor3565-6433-4530-a330-393066376135/23524602.png
928679223902;Koch Chemie Силиконовый полимер-консервант Hartwachs BMP SO.01 1л;1;images/928679223902_1.png;https://static.tildacdn.com/stor6666-3430-4033-b236-633630633062/41545314.png
640710122442;FIREBALL Легкое кварцевое покрытие SiO2 Pirouette;1;images/640710122442_1.png;https://static.tildacdn.com/stor3136-6236-4932-b137-396333393234/93122973.png
689913469712;FIREBALL mini Легкое кварцевое покрытие SiO2 Pirouette, 100мл;1;images/689913469712_1.png;https://static.tildacdn.com/stor3939-6266-4230-a365-366563653734/42475456.png
296336351102;BINDER Супергидрофобное кварцевое покрытие Premium Hydrophobic Wax 500мл;1;images/296336351102_1.png;https://static.tildacdn.com/stor6230-3030-4165-b732-636236333165/84963477.png
978428049642;BINDER Синтетический жидкий воск с антистатиком Premium Slick Wax 500мл;1;images/978428049642_1.png;https://static.tildacdn.com/stor6431-6230-4364-a662-613963613432/62926735.png
408789157032;FIREBALL Керамический силант GRACE SiO2 500мл;1;images/408789157032_1.png;https://static.tildacdn.com/stor3461-3534-4031-a431-353262363639/10212673.png
388272059182;FIREBALL mini Керамический силант GRACE SiO2, 100мл;1;images/388272059182_1.png;https://static.tildacdn.com/stor3663-3739-4166-b035-373464373565/47620301.png
460168485362;FIREBALL Ультраконцентрат моментального гидрофоба c SiO2 Easy Coat Extra 1:25, 100 мл;1;images/460168485362_1.png;https://static.tildacdn.com/stor6337-6634-4266-b032-383436646462/91429994.png
942782912202;FIREBALL Ультраконцентрат моментального гидрофоба c SiO2 Easy Coat Extra 1:25, 500 мл;1;images/942782912202_1.png;https://static.tildacdn.com/stor3937-6236-4664-a265-303137623431/27522968.png
357077914152;Быстрый блеск LERATON S1 473мл;1;images/357077914152_1.png;https://static.tildacdn.com/stor3339-3838-4334-b863-336266383038/57125052.png
535820126972;CarPro Сухая мойка без воды EcH2O (концентрат) 500мл;1;images/535820126972_1.png;https://static.tildacdn.com/stor6338-3739-4737-b039-656234626637/13786732.png
540733198452;CarPro Сухая мойка без воды EcH2O (концентрат) 1000мл;1;images/540733198452_1.png;https://static.tildacdn.com/stor6163-3834-4561-b462-613134646634/46689831.png
867132335762;CarPro Легкое кварцевое покрытие ReLoad 100мл;1;images/867132335762_1.png;https://static.tildacdn.com/stor3936-3264-4265-b931-303365393364/80632046.png
842407547512;CarPro Моментальный гидрофоб (концентрат) HydrO2 100мл;1;images/842407547512_1.png;https://static.tildacdn.com/stor3765-3135-4936-b936-386434323237/65054037.png
796300186792;GYEON Кварцевый усилитель гидрофобных свойств Q2M Wet Coat 500мл;1;images/796300186792_1.png;https://static.tildacdn.com/stor3534-3739-4138-a366-353431393163/13499128.png
750953885572;ZviZZer Высокоэффективный спрей-силант Wet Coat 500мл;1;images/750953885572_1.png;https://static.tildacdn.com/stor6233-3461-4336-a164-346131373861/31146909.png
433139104122;Meguiar's Гибридный керамический воск Hybrid Ceramic Wax 770мл;1;images/433139104122_1.png;https://static.tildacdn.com/stor6636-3835-4730-a234-666130313730/71628158.png
228319674912;3D Спрей-детейлер «Последний штрих» Final Touch 0,48л;1;images/228319674912_1.png;https://static.tildacdn.com/stor3738-3762-4137-b462-363138356632/10441653.png
422768080782;3D Спрей для детейлинга без силикона для ЛКП Spray Detailer 0,48л;1;images/422768080782_1.png;https://static.tildacdn.com/stor3334-6464-4562-b037-376563636264/85412139.png
893156935532;3D Полимерное покрытие Bead it Up 0,473мл;1;images/893156935532_1.png;https://static.tildacdn.com/stor3232-3165-4031-b965-376636616133/92019743.png
797801569812;FIREBALL Детейлер спрей на основе воска карнаубы с SiO2 Carnauba Spray Wax, 500 мл;1;images/797801569812_1.png;https://static.tildacdn.com/stor6432-3865-4337-b036-353634343136/69219184.png
118229529112;FIREBALL Керамический жидкий воск SHOW CAR DUKE (graphene), 500мл;1;images/118229529112_1.png;https://static.tildacdn.com/stor3634-3331-4332-b466-363331643436/18935771.png
746659848672;FIREBALL mini Керамический жидкий воск SHOW CAR DUKE (graphene), 100мл;1;images/746659848672_1.png;https://static.tildacdn.com/stor3364-6461-4536-a139-366566393136/97023881.png
538014885842;Консервант поверхностей на основе диоксида кремния Ultra MIZU Coat 500мл;1;images/538014885842_1.png;https://static.tildacdn.com/stor3332-3335-4236-a337-366530396234/12378226.png
250109474812;Detail Кварцевое покрытие HW (Hydro Wet Coat) 500мл DT-0104;1;images/250109474812_1.png;https://static.tildacdn.com/stor3365-3431-4531-b136-363165303062/46028681.png
281482615722;Detail Кварцевое покрытие HW (Hydro Wet Coat) 250мл DT-0186;1;images/281482615722_1.png;https://static.tildacdn.com/stor3835-3861-4339-a566-306565373734/33917195.png
304745318322;Очиститель клея и граффити LERATON G10 473мл;1;images/304745318322_1.png;https://static.tildacdn.com/stor3365-3637-4834-a166-306637616361/78375714.png
363910985592;Удалитель битума LERATON G2 473 мл.;1;images/363910985592_1.png;https://static.tildacdn.com/stor3961-6164-4638-b962-346661663662/42221374.png
445239986222;Очиститель битума LERATON G2 3,8л;1;images/445239986222_1.png;https://static.tildacdn.com/stor6539-3639-4066-a664-376339333034/30263257.png
379487061682;Очиститель битума LERATON G2 1л;1;images/379487061682_1.png;https://static.tildacdn.com/stor3239-3236-4463-a233-353530663034/13505160.png
536028464472;Smart Open Деликатный очиститель битума, смолы и реагента Clean Excess 500мл;1;images/536028464472_1.png;https://static.tildacdn.com/stor6662-3236-4965-a231-333934393837/38027633.png
891443025682;Smart Open Деликатный очиститель битума, смолы и реагента Clean Excess 5л;1;images/891443025682_1.png;https://static.tildacdn.com/stor6564-6364-4961-b666-653562333138/80993665.png
418107738112;Detail Антибитум BT (Bitum) 1л DT-0180;1;images/418107738112_1.png;https://static.tildacdn.com/stor3962-6231-4135-b833-333034643963/13098486.png
496473005122;Detail Антибитум BT (Bitum) 5л DT-0129;1;images/496473005122_1.png;https://static.tildacdn.com/stor6336-3737-4666-b337-633862306232/66958354.png
952334677852;Foam Heroes Tar Spirit очиститель битума, смолы и дорожного реагента, 500мл;1;images/952334677852_1.png;https://static.tildacdn.com/stor3864-3862-4266-b931-366162316238/25329269.png
552656445762;Foam Heroes Tar Spirit очиститель битума, смолы и дорожного реагента, 3л;1;images/552656445762_1.png;https://static.tildacdn.com/stor6565-3962-4466-a331-323431323633/23904425.png
742083787902;Foam Heroes Orange Spirit цитрусовый очиститель, 100мл;1;images/742083787902_1.png;https://static.tildacdn.com/stor3031-6433-4561-b438-333863346162/32225809.png
332927295712;Foam Heroes Orange Spirit цитрусовый очиститель, 500мл;1;images/332927295712_1.png;https://static.tildacdn.com/stor3330-6435-4230-b936-333363316631/12873399.png
630175311942;Апельсиновый очиститель LERATON G4 200мл;1;images/630175311942_1.png;https://static.tildacdn.com/stor3865-3535-4833-b263-633231383933/73145806.png
536545364722;Апельсиновый очиститель LERATON G4 473мл;1;images/536545364722_1.png;https://static.tildacdn.com/stor6266-6237-4061-b231-633165336631/90513989.png
142820769772;Smart Open Очиститель устойчивых загрязнений с экстрактом апельсина Orange King 100мл;1;images/142820769772_1.png;https://static.tildacdn.com/stor3361-6636-4931-a433-666134396263/80015195.png
598501123662;Koch Chemie Пятновыводитель наружного применения Orange Power 1л;1;images/598501123662_1.png;https://static.tildacdn.com/stor3466-3866-4837-a633-383361393434/93574001.png
327501265652;Koch Chemie Очиститель смолы и битума TeerWasche A 1л;1;images/327501265652_1.png;https://static.tildacdn.com/stor3935-3732-4339-b964-643438393834/12434186.png
856212512322;FIREBALL Очиститель битума, клея, разметки Tar Remover, 500 мл;1;images/856212512322_1.png;https://static.tildacdn.com/stor3734-3630-4439-b661-646663613235/29273323.png
378895130222;CarPro Очиститель металлических вкраплений и битума TriX 500мл;1;images/378895130222_1.png;https://static.tildacdn.com/stor6534-3130-4631-b737-366339386239/85691087.png
684780088132;CarPro Очиститель битума TarX 500мл;1;images/684780088132_1.png;https://static.tildacdn.com/stor6535-3935-4965-a332-636230336166/50314754.png
762555862482;CarPro Очиститель металлических вкраплений и битума TriX 100мл;1;images/762555862482_1.png;https://static.tildacdn.com/stor3133-6562-4439-b232-313566643964/46107154.png
238276516342;3D Удалитель битума и других липких веществ Gum and Tar Remover 0,48л;1;images/238276516342_1.png;https://static.tildacdn.com/stor6334-6236-4464-a334-383135356364/83107122.png
624584695242;Shine Systems BitumFree - деликатный очиститель битумных пятен и дорожных реагентов, 5 л;1;images/624584695242_1.png;https://static.tildacdn.com/stor3038-3032-4163-a163-613361323439/53286669.png
805513348192;Shine Systems BitumFree - деликатный очиститель битумных пятен и дорожных реагентов, 750 мл;1;images/805513348192_1.png;https://static.tildacdn.com/stor3166-3736-4931-a263-396135343530/40290984.png
685867729572;Нейтральный очиститель дисков и кузова (с индикацией) LERATON M2 473мл;1;images/685867729572_1.png;https://static.tildacdn.com/stor3838-3663-4062-b432-333838303038/20834520.png
906820015752;Нейтральный очиститель дисков и кузова (с индикацией) LERATON M2 STRONG 473мл;1;images/906820015752_1.png;https://static.tildacdn.com/stor3338-6563-4334-a331-303761663739/36518738.png
360519201302;Нейтральный очиститель дисков и кузова (с индикацией) LERATON M2 3,8л;1;images/360519201302_1.png;https://static.tildacdn.com/stor6236-3465-4136-b162-363035646638/44009031.png
525010554202;Нейтральный очиститель дисков и кузова (с индикацией) LERATON M2 1л;1;images/525010554202_1.png;https://static.tildacdn.com/stor3963-3337-4665-b639-666332336330/44150110.png
546120897982;Высококонцентрированный очиститель покрышек и колесных дисков LERATON G11 STRONG 1л;1;images/546120897982_1.png;https://static.tildacdn.com/stor3761-6439-4034-a366-376636623933/40384128.png
486350164662;Detail Очиститель резины Soft Cleaner Adapted Series 500мл DT-0519;1;images/486350164662_1.png;https://static.tildacdn.com/stor3735-6330-4639-b966-626434373239/55027480.png
851082297162;Detail Очиститель дисков Iron Adapted Series 500мл DT-0518;1;images/851082297162_1.png;https://static.tildacdn.com/stor6639-3064-4136-a538-353464353934/99838787.png
112713586192;Detail Очиститель дисков IR (Iron) 5л DT-0133;1;images/112713586192_1.png;https://static.tildacdn.com/stor3337-3164-4432-a662-643130336662/75160243.png
985896400922;Smart Open Нейтральный очиститель дисков и кузова с индикатором Metal Color 500мл;1;images/985896400922_1.png;https://static.tildacdn.com/stor3863-3939-4939-b139-646261373262/51784484.png
295377250132;Smart Open Нейтральный очиститель дисков и кузова с индикатором Metal Color 5л;1;images/295377250132_1.png;https://static.tildacdn.com/stor3563-6466-4636-b537-386232306639/30854956.png
229394223152;Smart Open Нейтральный очиститель дисков и кузова с индикатором Metal Color 1л;1;images/229394223152_1.png;https://static.tildacdn.com/stor6665-6636-4961-a338-346262303063/78171613.png
117655516042;Smart Open Сильнокислотный очиститель неорганических загрязнений Acid Clean 1л;1;images/117655516042_1.png;https://static.tildacdn.com/stor3461-3838-4162-a662-393937653664/84030106.png
449001176952;Foam Heroes Double Iron очиститель металлических вкраплений, 500мл;1;images/449001176952_1.png;https://static.tildacdn.com/stor3466-3338-4834-b433-613234613163/71876107.png
284980705612;Foam Heroes Double Iron очиститель металлических вкраплений, 3л;1;images/284980705612_1.png;https://static.tildacdn.com/stor3031-6431-4835-b935-303564356665/99043468.png
978227563472;Foam Heroes PRO T1000 удалитель металлических вкраплений, 5л;1;images/978227563472_1.png;https://static.tildacdn.com/stor6238-3337-4662-b539-646162373135/64962638.png
748558640772;FURY'S Liquid8 Очиститель шин и дисков с индикатором 500 мл;1;images/748558640772_1.png;https://static.tildacdn.com/stor3836-3731-4033-b831-613837303862/36442354.png
603642248022;FURY'S LIQUID8 Очиститель шин и дисков с индикатором 2л;1;images/603642248022_1.png;https://static.tildacdn.com/stor6231-3965-4433-a661-313631316566/61749717.png
445668969172;"FIREBALL Очиститель шин, резины, арок и колесных дисков Wheel &amp; Tire";1;images/445668969172_1.png;https://static.tildacdn.com/stor3038-3538-4964-b830-303266373766/57599465.png
892882721102;BINDER Очиститель резины и дисков 2в1 с индикатором Extreme Wheel Cleaner+ (pH 8,5) 500мл;1;images/892882721102_1.png;https://static.tildacdn.com/stor3034-6466-4065-a436-633934613034/21727520.png
178914877832;FIREBALL Очиститель металлических вкраплений Iron Burn PH7,5;1;images/178914877832_1.png;https://static.tildacdn.com/stor3265-6137-4566-a532-626636323662/85460177.png
869201137292;3D Удалитель тормозной пыли и жирных пятен c покрышек Yellow Degreaser 0,48л;1;images/869201137292_1.png;https://static.tildacdn.com/stor3063-6338-4336-b133-323733613235/93072623.png
969818748162;Foam Heroes Pure Wheels+ концентрат очистителя шин и дисков, 500мл;1;images/969818748162_1.png;https://static.tildacdn.com/stor3361-6661-4134-b737-643862333065/45421381.png
438068910522;Foam Heroes Pure Wheels+ концентрат очистителя шин и дисков, 3л;1;images/438068910522_1.png;https://static.tildacdn.com/stor3336-6262-4264-a439-376435303466/80005220.png
775769182882;Foam Heroes Pure Wheels концентрированный очиститель шин и дисков, 500мл;1;images/775769182882_1.png;https://static.tildacdn.com/stor3736-6331-4131-b339-636466633163/24164716.png
516993895512;Foam Heroes Pure Wheels концентрированный очиститель шин и дисков, 3л;1;images/516993895512_1.png;https://static.tildacdn.com/stor6436-3531-4166-a461-306335366261/18263908.png
610671637192;CarPro Очиститель металлических вкраплений IronX Cherry 500мл;1;images/610671637192_1.png;https://static.tildacdn.com/stor3563-3435-4437-a631-653434316365/72355387.png
984549307022;CarPro Очиститель металлических вкраплений IronX LS;1;images/984549307022_1.png;https://static.tildacdn.com/stor3336-3234-4765-b535-386264663165/13934430.png
937899036452;CarPro Очиститель резины ReTyre 500мл;1;images/937899036452_1.png;https://static.tildacdn.com/stor6165-3539-4533-b632-613432613230/79414936.png
796070273682;Foam Heroes Blaze Booster Mango керамический детейлер-спрей, 500мл;1;images/796070273682_1.png;https://static.tildacdn.com/stor3464-6334-4330-b739-356463346436/33131269.png
302473238752;Foam Heroes Blaze Booster Сherry Bone керамический детейлер-спрей, 500мл;1;images/302473238752_1.png;https://static.tildacdn.com/stor3339-3561-4364-a432-333163336666/60316157.png
344350357222;Foam Heroes Blaze Booster Mango керамический детейлер-спрей, 3л;1;images/344350357222_1.png;https://static.tildacdn.com/stor3465-6564-4735-a634-623234646365/50391256.png
180629416552;Foam Heroes Blaze Booster Сherry Bone керамический детейлер-спрей, 3л;1;images/180629416552_1.png;https://static.tildacdn.com/stor3733-6531-4665-b661-613663333537/34271281.png
475625259672;Koch Chemie Полироль для всех металлов Metal polish 75мл;1;images/475625259672_1.png;https://static.tildacdn.com/stor3363-3730-4336-a566-393038373666/27049260.png
488538050672;Autosol Паста для полировки металла Metal Polish 75мл;1;images/488538050672_1.png;https://static.tildacdn.com/stor3830-3031-4130-b666-396235396534/36259838.png
366013812242;Autosol Полироль для хром-пластика М1 75мл;1;images/366013812242_1.png;https://static.tildacdn.com/stor3762-6233-4935-b633-316631353830/94982344.png
515834281762;Autosol Полироль для алюминия Aluminium Politur 75мл;1;images/515834281762_1.png;https://static.tildacdn.com/stor3833-3564-4466-b561-326261303763/38929443.png
523676670952;Очиститель покрышек и колесных дисков LERATON G11 473мл;1;images/523676670952_1.png;https://static.tildacdn.com/stor3363-3633-4638-a163-366637366637/42985136.png
131185549652;Очиститель двигателя, диэлектрик LERATON G6 473мл;1;images/131185549652_1.png;https://static.tildacdn.com/stor6238-6364-4437-b761-633132356339/67285365.png
294944923792;Detail Очиститель двигателя MT (Motor) 1л DT-0163;1;images/294944923792_1.png;https://static.tildacdn.com/stor3065-3832-4337-b630-323438643631/65826071.png
683773579682;Detail Консервант двигателя MC (Motor Concervant) 500мл DT-0137;1;images/683773579682_1.png;https://static.tildacdn.com/stor3463-6165-4137-b362-313665373262/11093643.png
111476957982;Smart Open Высокостойкий консервант двигателя Motor Protector 500мл;1;images/111476957982_1.png;https://static.tildacdn.com/stor3865-3563-4239-b538-316363323066/24559317.png
719338818822;Foam Heroes Hello Motor очиститель двигателя, 500мл;1;images/719338818822_1.png;https://static.tildacdn.com/stor6262-6439-4462-b864-343935396266/72594538.png
263447365552;Foam Heroes Hello Motor очиститель двигателя, 3л;1;images/263447365552_1.png;https://static.tildacdn.com/stor3037-6639-4662-b063-626634353532/76200719.png
472750643552;Foam Heroes Well Done консервант двигателя, 500мл;1;images/472750643552_1.png;https://static.tildacdn.com/stor6462-6161-4031-b765-366165343939/19291065.png
494194398652;Foam Heroes Well Done консервант двигателя, 3л;1;images/494194398652_1.png;https://static.tildacdn.com/stor6664-3263-4663-a332-663932653532/74453073.png
385409122812;MA-FRA Многоцелевой очиститель-обезжириватель для сложных загрязнений HP 12 500мл;1;images/385409122812_1.png;https://static.tildacdn.com/stor3030-3534-4334-b262-303731316532/63630071.png
173161402062;MA-FRA Многоцелевой очиститель-обезжириватель для сложных загрязнений HP 12 125мл;1;images/173161402062_1.png;https://static.tildacdn.com/stor3339-3566-4662-a230-353662323466/29952858.png
729015288532;FURY'S Eco APC Универсальный очиститель, 2Л;1;images/729015288532_1.png;https://static.tildacdn.com/stor3865-6130-4565-b465-393239613361/68989837.png
574358495202;FURY'S Eco APC Универсальный очиститель, 500 мл;1;images/574358495202_1.png;https://static.tildacdn.com/stor6661-3131-4036-b861-333561616130/87142505.png
191268363042;FURY'S APC Концентрированный многоцелевой очиститель, 2Л;1;images/191268363042_1.png;https://static.tildacdn.com/stor3030-6238-4332-b262-653835323330/25621760.png
569044630392;MA-FRA Жидкий воск антидождь для экстерьера автомобиля LAST TOUCH EXPRESS 500мл;1;images/569044630392_1.png;https://static.tildacdn.com/stor3635-3766-4630-b465-633936363331/22252468.png
556548096882;MA-FRA Экспресс-полироль с очищающим эффектом для автомобиля FAST CLEANER 500мл;1;images/556548096882_1.png;https://static.tildacdn.com/stor3233-6431-4238-b438-383034366361/44257005.png
634587998192;FURY'S Spotter Квик детейлер для экстерьера, 2Л;1;images/634587998192_1.png;https://static.tildacdn.com/stor3161-3865-4337-b535-363535633938/64465427.png
980904263922;FURY'S Spotter Квик детейлер для экстерьера, 500 мл;1;images/980904263922_1.png;https://static.tildacdn.com/stor6266-6130-4635-b064-393138376536/59669798.png
184897002782;Foam Heroes Kickdown антидождь для стекол, 50мл;1;images/184897002782_1.webp;https://static.tildacdn.com/stor3562-6637-4663-a632-323030333030/80600892.webp
402555249012;Foam Heroes Lime Scrub абразивный очиститель стекол, 100мл;1;images/402555249012_1.webp;https://static.tildacdn.com/stor3936-6430-4233-b965-326232663231/66602203.webp
606077506372;LERATON U1 - Антидождь для стекол 200мл;1;images/606077506372_1.png;https://static.tildacdn.com/stor3365-6466-4263-b866-393264343533/11234921.png
888360363892;Smart Open Абразивный очиститель для стекла Glass Scrub 250мл 1535025;1;images/888360363892_1.png;https://static.tildacdn.com/stor3066-3636-4262-a262-646533666333/99744659.png
820059576712;KRYTEX Защитное гидрофобное покрытие для стекла (антидождь) MEGA Glass 50мл K001G;1;images/820059576712_1.png;https://static.tildacdn.com/stor3234-3261-4839-b361-333938653138/42695309.png
192367809642;KRYTEX Защитное гидрофобное покрытие для стекла (антидождь) MEGA GLASS 2.0 (Z) 50мл;1;images/192367809642_1.jpg;https://static.tildacdn.com/stor3939-3964-4334-a631-333838306662/14492714.jpg
397279916852;OOPSY Паста для глубокой очистки стекла OFR Glass Polish 150 мл R103;1;images/397279916852_1.png;https://static.tildacdn.com/stor6339-3865-4238-a135-313965303037/13429412.png
116841168862;FTORSIC CeOH Ультра-очиститель для стекол 250мл;1;images/116841168862_1.png;https://static.tildacdn.com/stor3463-3765-4636-b031-303634356334/46621841.png
911610920932;Meguiar's Состав для полировки стекол Perfect Clarity Glass Polishing Compound 236мл G8408;1;images/911610920932_1.png;https://static.tildacdn.com/stor3865-3863-4639-b366-313061643933/27228734.png
296767134862;OOPSY Кварцевая защита Антидождь CRAZY 102 set 50 мл S102;1;images/296767134862_1.png;https://static.tildacdn.com/stor3364-3161-4237-a437-313661363930/73527669.png
766461472812;Smart Open Защитное водоотталкивающее нанопокрытие для стекол (комплект) Glass Box 15GB;1;images/766461472812_1.png;https://static.tildacdn.com/stor3436-6633-4266-b732-343434343761/58409154.png
757967703182;Soft99 Антидождь Glaco Blave для стекол и пластика 70мл 04953;1;images/757967703182_1.png;https://static.tildacdn.com/stor6461-3630-4561-a562-303665343562/73326157.png
253374603472;Soft99 Полироль-антидождь для стекол Glaco Roll On 75мл 04951;1;images/253374603472_1.png;https://static.tildacdn.com/stor3161-6631-4464-a362-333663616332/71746709.png
262820456142;Soft99 Антидождь Glaco Roll On Large 120мл 04107;1;images/262820456142_1.png;https://static.tildacdn.com/stor3035-3264-4935-b333-313635323036/27422061.png
679666068562;Soft99 Абразивный очиститель стекол Glass compound Z 100мл 05064;1;images/679666068562_1.png;https://static.tildacdn.com/stor3636-6136-4462-a439-363762353265/64765508.png
622470403792;"Detail - Керамическая защита GQ ""General Quartz"" 50мл DT-0195";1;images/622470403792_1.png;https://static.tildacdn.com/stor3366-6432-4131-b937-663736366266/75542486.png
324089732682;Foam Heroes Keramos керамическое покрытие для ЛКП автомобиля, 15мл;1;images/324089732682_1.webp;https://static.tildacdn.com/stor3261-6666-4061-b631-653137363566/17055542.webp
221056389472;Foam Heroes Keramos керамическое покрытие для ЛКП автомобиля, 30мл;1;images/221056389472_1.webp;https://static.tildacdn.com/stor3261-6666-4061-b631-653137363566/17055542.webp
108278046712;Foam Heroes Keramos керамическое покрытие для ЛКП автомобиля, 50мл;1;images/108278046712_1.webp;https://static.tildacdn.com/stor3261-6666-4061-b631-653137363566/17055542.webp
724779226642;Foam Heroes Keramos+ керамическое покрытие для ЛКП автомобиля, 15мл;1;images/724779226642_1.webp;https://static.tildacdn.com/stor6265-6462-4231-b233-333535656161/99003271.webp
513875278592;Foam Heroes Keramos+ керамическое покрытие для ЛКП автомобиля, 30мл;1;images/513875278592_1.webp;https://static.tildacdn.com/stor6265-6462-4231-b233-333535656161/99003271.webp
478205052572;Foam Heroes Keramos+ керамическое покрытие для ЛКП автомобиля, 50мл;1;images/478205052572_1.webp;https://static.tildacdn.com/stor6265-6462-4231-b233-333535656161/99003271.webp
701958092162;FIREBALL Защитное покрытие GLASS SHIELD PRO 50мл FB-GLSP-50;1;images/701958092162_1.png;https://static.tildacdn.com/stor3638-6337-4261-b037-393462373766/37675841.png
563204533582;KRYTEX MEGA 8 2.0 (Z) Композитное защитное покрытие для ЛКП, 50 мл K002Z8;1;images/563204533582_1.png;https://static.tildacdn.com/stor3034-3961-4533-b262-646233613963/78516048.png
423862081022;Smart Open Твердый воск с усиленным блеском Glow Wax 180г;1;images/423862081022_1.png;https://static.tildacdn.com/stor3962-3962-4566-b331-643363633138/38552016.png
645872841692;Detail Твёрдый воск HD (Hard Wax) 200г DT-0155;1;images/645872841692_1.png;https://static.tildacdn.com/stor3634-6430-4137-b763-616637653033/35369167.png
581894905832;Soft99 Покрытие для кузова защитное (для светлых авто) Fusso 12 Months 200г;1;images/581894905832_1.png;https://static.tildacdn.com/stor6134-6232-4164-b134-303232396562/95425945.png
697969165422;Soft99 Покрытие для кузова защитное (для темных авто) Fusso 12 Months 200г;1;images/697969165422_1.png;https://static.tildacdn.com/stor6335-3936-4663-b331-633232353765/15151798.png
734656206882;Soft99 Полироль для кузова защитный (для темных) Soft Wax 300г;1;images/734656206882_1.png;https://static.tildacdn.com/stor3735-6235-4334-a239-646639333030/54802322.png
132516120912;Soft99 Полироль для кузова защитный (для светлых) Soft Wax 350г;1;images/132516120912_1.png;https://static.tildacdn.com/stor3131-3137-4231-b030-353337666665/48951282.png
434722091762;Soft99 Полироль для кузова усиление блеска (для светлых) The King of Gloss 300г;1;images/434722091762_1.png;https://static.tildacdn.com/stor3236-3463-4932-b038-653161646537/64459662.png
438084166202;Soft99 Полироль для кузова усиление блеска (для темных) The King of Gloss 300г;1;images/438084166202_1.png;https://static.tildacdn.com/stor6438-6561-4933-a434-393465616136/10289939.png
418813305922;MA-FRA Защитный воск для ЛКП автомобиля для ручного нанесения на основе силоксана CARLUX 250мл;1;images/418813305922_1.png;https://static.tildacdn.com/stor3462-6337-4365-a536-643338346230/39922223.png
417581687282;Meguiar's Hybrid Ceramic Liquid Wax (крем), 473 мл Гибридный керамический воск;1;images/417581687282_1.png;https://static.tildacdn.com/stor3730-3531-4430-a635-623034336636/38897910.png
286086781762;FIREBALL Мини Воск LIBERTY WAX T1 +SiO2 Show Car Wax 15мл;1;images/286086781762_1.png;https://static.tildacdn.com/stor3737-3634-4035-a234-313566303365/37068390.png
898280202152;FIREBALL Мини Воск CHERRY BLOSSOM T1 +SiO2 Show Car Wax 15мл;1;images/898280202152_1.png;https://static.tildacdn.com/stor6332-3936-4134-b635-333833613166/71163177.png
330804566032;FIREBALL Мини Воск BLACK WAX T1 +SiO2 Show Car Wax 15мл;1;images/330804566032_1.png;https://static.tildacdn.com/stor6263-3232-4432-b839-643237613163/74265173.png
642041211142;FIREBALL Мини Воск MILK CREAM T1 +SiO2 Show Car Wax 15мл;1;images/642041211142_1.png;https://static.tildacdn.com/stor3362-3839-4738-a334-633736326432/10228664.png
437811374762;FIREBALL Мини Воск карнауба SEXY LADY T1 +SiO2 15мл;1;images/437811374762_1.png;https://static.tildacdn.com/stor3764-3732-4938-a338-653434636165/24188924.png
909953510382;FIREBALL Мини Воск карнауба CANDY SHERBET T1 +SiO2 15мл;1;images/909953510382_1.png;https://static.tildacdn.com/stor6265-3134-4638-a564-373264663464/45094316.png
771330542892;FIREBALL Мини Воск карнауба GRAPHENE T1 +SiO2 15мл;1;images/771330542892_1.png;https://static.tildacdn.com/stor6562-3536-4438-a438-346335393233/76740722.png
482288498512;FIREBALL Мини Воск карнауба FUSION T1 +SiO2 15мл;1;images/482288498512_1.png;https://static.tildacdn.com/stor6337-3336-4237-b330-333864353931/93101385.png
433559118192;FIREBALL Мини Воск карнауба BRAZIL T1 +SiO2 15мл;1;images/433559118192_1.png;https://static.tildacdn.com/stor3234-6638-4636-b866-653137643236/41324784.png
948947160732;FIREBALL Мини Воск карнауба ALIEN BLOOD T1 +SiO2 15мл;1;images/948947160732_1.png;https://static.tildacdn.com/stor6639-6635-4137-b634-316466323130/60518073.png
253502934962;FIREBALL BUTTERFLY GRAPHENE [9-ЛЕТ] - Защитное покрытие, 50 мл;1;images/253502934962_1.png;https://static.tildacdn.com/stor3132-3331-4865-b837-323835643861/12108904.png
989117669462;FIREBALL BUTTERFLY [7-ЛЕТ] - Защитное покрытие;1;images/989117669462_1.png;https://static.tildacdn.com/stor3832-3039-4062-a439-353263393966/48114954.png
526390481912;POLYTOP NEOX GLAZE Гибридное кремне-полимерное защитное покрытие, 50 мл;1;images/526390481912_1.png;https://static.tildacdn.com/stor3765-3438-4533-b938-393962346634/30530250.png
149919602072;FIREBALL ANGEL'S TEARS v.2, 35мл -Защитное керамическое покрытие для кузова;1;images/149919602072_1.png;https://static.tildacdn.com/stor6163-3735-4233-b765-323365313664/96500371.png
206165722082;FIREBALL SILLA [5-ЛЕТ] - Защитное покрытие, 50 мл;1;images/206165722082_1.png;https://static.tildacdn.com/stor6230-6231-4938-a464-336166313330/25862654.png
939780766252;FIREBALL DEVIL'S BLOOD [3-ГОДА] - Защитное покрытие;1;images/939780766252_1.png;https://static.tildacdn.com/stor3331-6562-4731-b365-636136343238/44358051.png
997965053422;FIREBALL TALON - Защитное покрытие для дисков;1;images/997965053422_1.png;https://static.tildacdn.com/stor3233-6164-4333-a364-303665346539/74406810.png
780225374332;BINDER Защитное керамическое покрытие для кузова ACE 35мл;1;images/780225374332_1.png;https://static.tildacdn.com/stor6463-3465-4536-b935-343738613439/92130312.png
884579403032;FIREBALL NANO COAT v.2, 35мл - Керамическое покрытие для всех поверхностей;1;images/884579403032_1.png;https://static.tildacdn.com/stor6263-6636-4063-b934-633265636435/84810878.png
448298938972;FIREBALL DEVIL'S BLOOD [3-ГОДА] - Защитное покрытие;1;images/448298938972_1.png;https://static.tildacdn.com/stor6330-3262-4535-b664-653531343734/17176351.png
301834668162;CarPro Защитное покрытие (набор) Cquartz Lite 150мл;1;images/301834668162_1.png;https://static.tildacdn.com/stor3864-3538-4436-b465-363332313230/49194613.png
221709057742;CarPro Кварцевое керамическое покрытие Cquartz Finest Reserve Kit CP-CQFR 50мл;1;images/221709057742_1.png;https://static.tildacdn.com/stor3032-3861-4863-a666-613334326561/65449581.png
875611817042;Meguiar's Защитное керамическое покрытие Beyond Ceramic Coating;1;images/875611817042_1.png;https://static.tildacdn.com/stor3932-6364-4963-a265-663535333334/28122122.png
788920211932;FTORSiC SIC Керамическое покрытие для ЛКП 50мл;1;images/788920211932_1.png;https://static.tildacdn.com/stor6131-6233-4162-a438-373465396230/59447879.png
272323516782;FTORSIC SICF Покрытие для ЛКП «Жидкое стекло» 50мл;1;images/272323516782_1.png;https://static.tildacdn.com/stor6230-3639-4564-b562-656236343734/55528276.png
227753263422;ZviZZer Спрей покрытие с графеном Graphene Spray Coat 250мл;1;images/227753263422_1.png;https://static.tildacdn.com/stor3531-6231-4661-b232-303864653630/15043916.png
602800522782;GYEON Гидрофобное покрытие на основе жидкого стекла Q2 Can Coat 200мл;1;images/602800522782_1.png;https://static.tildacdn.com/stor3163-6330-4131-b765-346261643563/31196285.png
189331435672;GYEON Профессиональная кварцевая защита ЛКП Q2 Can Coat Pro 200мл;1;images/189331435672_1.png;https://static.tildacdn.com/stor6164-6236-4438-b439-616332626233/46675502.png
987881278832;GYEON Керамическое кварцевое покрытие для матовых ЛКП и пленок Q2 Matte Light box 50мл;1;images/987881278832_1.png;https://static.tildacdn.com/stor3564-3435-4439-b635-653661356538/33587626.png
782675690362;3D Полимерное покрытие Ceramic Touch 60мл;1;images/782675690362_1.png;https://static.tildacdn.com/stor6437-6565-4362-b262-363737306633/88703525.png
139968646232;Кондиционер шин и резиновых изделий (матовый) LERATON P4 MATT 473мл;1;images/139968646232_1.png;https://static.tildacdn.com/stor3665-3232-4335-b634-313439613638/80979049.png
746254592882;Гель-кондиционер для шин и резины LERATON P6 473мл;1;images/746254592882_1.png;https://static.tildacdn.com/stor3132-6362-4238-a637-373232663863/33293858.png
458042860042;Кондиционер пластика LERATON P3 473мл;1;images/458042860042_1.png;https://static.tildacdn.com/stor3462-3435-4665-b237-363931383865/56621178.png
445551572932;Smart Open Средство по уходу за колесами автомобиля Black Round 500мл;1;images/445551572932_1.png;https://static.tildacdn.com/stor3164-3963-4364-b465-663834363837/60885585.png
472853494572;Smart Open Средство по уходу за колесами автомобиля Black Round 250мл;1;images/472853494572_1.png;https://static.tildacdn.com/stor3936-3363-4361-a531-663730393932/44199131.png
900297933952;Smart Open Средство по уходу за колесами автомобиля Black Kiss 500мл;1;images/900297933952_1.png;https://static.tildacdn.com/stor6666-3965-4664-b662-393938333564/87343947.png
870477091322;Smart Open Средство по уходу за колесами автомобиля Black Kiss 250мл;1;images/870477091322_1.png;https://static.tildacdn.com/stor3730-3935-4135-a132-323966616630/94315072.png
336698710832;Smart Open Средство по уходу за колесами автомобиля Black Kiss Matt 500мл;1;images/336698710832_1.png;https://static.tildacdn.com/stor3138-3566-4565-a662-386632386564/80794607.png
545478543392;Smart Open Восстановитель внешнего пластика Pride Plast 500мл;1;images/545478543392_1.png;https://static.tildacdn.com/stor3237-3563-4962-a264-326334646138/97065153.png
643931765292;Smart Open Восстановитель внешнего пластика Pride Plast 250мл;1;images/643931765292_1.png;https://static.tildacdn.com/stor6135-6664-4438-a364-663839616466/21066058.png
594461809582;Foam Heroes Hydro Matte матовое чернение для автомобильных шин c SiO2, 500мл;1;images/594461809582_1.png;https://static.tildacdn.com/stor3832-3064-4937-b033-653135343030/68209391.png
939593828632;Foam Heroes Hydro Matte матовое чернение шин c SiO2, 3л;1;images/939593828632_1.png;https://static.tildacdn.com/stor3030-3566-4138-b465-663733393237/79386488.png
302429928692;Foam Heroes Black Slipper чернение для автомобильных шин, 500мл;1;images/302429928692_1.png;https://static.tildacdn.com/stor6266-6336-4730-b562-303634636430/87186320.png
557167935672;Foam Heroes Black Slipper чернение для автомобильных шин, 3л;1;images/557167935672_1.png;https://static.tildacdn.com/stor3165-3033-4230-a264-643136623239/27638580.png
148850194182;MA-FRA Защитный обновляющий состав для шин (концентрат) NERISSIMO 1л;1;images/148850194182_1.png;https://static.tildacdn.com/stor6633-6266-4365-b536-326633333834/44661116.png
431674604382;MA-FRA Полироль для шин (концентрат) NERISSIMO 6кг;1;images/431674604382_1.png;https://static.tildacdn.com/stor3264-3166-4530-b338-323666323533/77890941.png
668189790962;MA-FRA Обновляющий состав для шин BLACK 3PLUS 500мл;1;images/668189790962_1.png;https://static.tildacdn.com/stor6161-3338-4030-b937-383939383736/59447512.png
620772240712;MA-FRA Защитный состав для шин NOUVEAU NOIR 500мл;1;images/620772240712_1.png;https://static.tildacdn.com/stor3364-6339-4731-a534-303635386232/91250501.png
126302908982;"MA-FRA VIP чернение для шин с восстанавливающим эффектом FAST &amp; BLACK (spray) 500мл";1;images/126302908982_1.png;https://static.tildacdn.com/stor3135-6232-4534-b230-633631643564/40060924.png
849163077582;"MA-FRA VIP чернение для шин с восстанавливающим эффектом FAST &amp; BLACK (spray) 250мл";1;images/849163077582_1.png;https://static.tildacdn.com/stor3862-6462-4263-b230-343630656332/30967175.png
760005246352;KochChemie Средство для пластика и резиновых уплотнителей Plast Star SiliconOlfrei 1л;1;images/760005246352_1.png;https://static.tildacdn.com/stor3762-3864-4461-b563-373330636537/34133227.png
348802013602;3D Средство по восстановлению первоначального цвета Trim Care Protectant 0,48л;1;images/348802013602_1.png;https://static.tildacdn.com/stor6337-3061-4036-a539-313335653836/12949651.png
133307103372;3D Универсальное защитное средство на водной основе Universal Protectant (Tire shine) 0,48л;1;images/133307103372_1.png;https://static.tildacdn.com/stor3461-6438-4237-b139-353636333631/70210389.png
425487727122;CarPro Полироль для резины и пластика (защитное покрытие) DarkSide 500мл;1;images/425487727122_1.png;https://static.tildacdn.com/stor6232-3465-4131-b761-366632333861/16032584.png
270829816162;CarPro Полироль для резины и пластика (защитное покрытие) DarkSide 1000мл;1;images/270829816162_1.png;https://static.tildacdn.com/stor3766-6438-4665-b863-383138393336/62166216.png
146230626202;FIREBALL Кварцевая пропитка шин SiO2 Tire SHOW CAR (влажный блеск) 500мл;1;images/146230626202_1.png;https://static.tildacdn.com/stor3233-3764-4666-b438-326330353630/31493398.png
941886659232;FIREBALL Кварцевая пропитка шин SiO2 Tire Janus (перламутр) 500 мл;1;images/941886659232_1.png;https://static.tildacdn.com/stor6363-3339-4035-b334-356366376333/32874771.png
354847225292;FIREBALL Кварцевая пропитка шин SiO2 Tire Gloss (глянец) 500 мл;1;images/354847225292_1.png;https://static.tildacdn.com/stor3339-3163-4236-b836-313636396132/11586982.png
261120205822;FIREBALL Кварцевая пропитка шин SiO2 Tire Satin (сатин), 500 мл;1;images/261120205822_1.png;https://static.tildacdn.com/stor6564-3234-4839-b466-323333656631/96507454.png
857727488152;FIREBALL mini Кварцевая пропитка шин SiO2 Tire SHOW CAR (влажный блеск) 100 мл;1;images/857727488152_1.png;https://static.tildacdn.com/stor3130-3739-4330-b334-363464313665/98381142.png
178188889542;FIREBALL mini Кварцевая пропитка шин SiO2 Tire Janus (перламутр) 100 мл;1;images/178188889542_1.png;https://static.tildacdn.com/stor3862-3739-4162-a566-653232353438/25282260.png
585150112302;FIREBALL mini Кварцевая пропитка шин SiO2 Tire Gloss (глянец) 100 мл;1;images/585150112302_1.png;https://static.tildacdn.com/stor3062-6532-4232-b133-633062393236/98885327.png
389818474302;FIREBALL mini Кварцевая пропитка шин SiO2 Tire Satin (сатин), 100 мл;1;images/389818474302_1.png;https://static.tildacdn.com/stor6264-3264-4337-b565-343030396432/27128435.png
943127397302;FIREBALL Усилитель шинных пропиток Tire Sio2 Booster 250мл (для Gloss, Janus, Satin) 250мл;1;images/943127397302_1.png;https://static.tildacdn.com/stor6165-3337-4866-a230-323936333636/41883103.png
540866769062;POLYTOP Чернитель резины и пластика NEOPLAST MAXIMUS, 500 мл;1;images/540866769062_1.png;https://static.tildacdn.com/stor6136-6239-4464-b761-346336336338/73383912.png
576091488022;POLYTOP Гель для ухода за внешним пластиком и резиной PLASTIC CARE GEL, 500 мл;1;images/576091488022_1.png;https://static.tildacdn.com/stor6161-3535-4461-a261-663831366330/23144041.png
980668345182;Кондиционер для шин Meguiars G7516 Endurance High Gloss (473 мл.);1;images/980668345182_1.png;https://static.tildacdn.com/stor3837-3962-4635-a637-366662316563/18945150.png
912641845982;FTORSIC RSIC Полимерное чернение для резины 250мл;1;images/912641845982_1.png;https://static.tildacdn.com/stor3435-3661-4531-b631-646232336566/47048360.png
533135686862;POLYTOP Полироль пластика салона (матовый) PLASTIC CARE, 500 мл;1;images/533135686862_1.png;https://static.tildacdn.com/stor3435-6364-4465-b635-303838393366/38067462.png
534324290952;POLYTOP Крем-кондиционер для кожи LEATHER CARE, 500 мл;1;images/534324290952_1.png;https://static.tildacdn.com/stor3935-3261-4533-b535-333232626561/56990107.png
304060627122;FTORSIC CF Покрытие для стекол «Антидождь» 50мл;1;images/304060627122_1.png;https://static.tildacdn.com/stor6631-3330-4062-b263-666633326138/87767458.png
871165478662;Smart Open Очиститель от следов насекомых Bug Fix 500мл;1;images/871165478662_1.png;https://static.tildacdn.com/stor3462-6630-4535-a232-653136626437/50870868.png
876860996152;Detail Очиститель насекомых BC (Bug Cleaner) 500мл DT-0177;1;images/876860996152_1.png;https://static.tildacdn.com/stor3235-6633-4534-a336-623231363462/49480645.png
992318271342;MA-FRA Очиститель для удаления следов насекомых и органических смол KILLER 500мл;1;images/992318271342_1.png;https://static.tildacdn.com/stor3065-6466-4663-a636-633066356663/27383845.png
704414826542;FURY'S Orange Hit Цитрусовый превош, 500 мл;1;images/704414826542_1.png;https://static.tildacdn.com/stor6239-3965-4430-b762-343165366536/80278115.png
739933525622;FURY'S Orange Hit Цитрусовый превош, 2Л;1;images/739933525622_1.png;https://static.tildacdn.com/stor6230-3466-4966-a363-303838383234/55178015.png
450734286342;FIREBALL Очиститель следов насекомых, смолы и птичьего помета Bug Cleaner, 500 мл;1;images/450734286342_1.png;https://static.tildacdn.com/stor6365-6431-4565-a136-636262663734/55713278.png
487256886122;BINDER Очиститель следов насекомых, птичьего помета и древесной смолы Premium Bug Cleaner (pH 11,5) 500мл;1;images/487256886122_1.png;https://static.tildacdn.com/stor3033-3733-4264-a465-393034663365/52819653.png
531344617692;Гель для установки пленки LERATON PPF GEL 473мл;1;images/531344617692_1.png;https://static.tildacdn.com/stor3866-6564-4262-b333-353435613564/36704980.png
144196099032;Спиртовой обезжириватель LERATON PPF DEGREASER 473мл;1;images/144196099032_1.png;https://static.tildacdn.com/stor6532-3038-4835-b238-623231336634/84332407.png
986287743932;Праймер для установки пленки LERATON PRIMER 50 мл;1;images/986287743932_1.png;https://static.tildacdn.com/stor3033-3165-4636-a336-336562666632/83654175.png
101776133512;Koch Chemie Микро-абразивная политура Micro Cut M3.02 1л;1;images/101776133512_1.png;https://static.tildacdn.com/stor6136-6265-4363-b230-376330393235/48783574.png
158928087212;Koch Chemie Микро-абразивная политура Micro Cut M3.02 250мл;1;images/158928087212_1.png;https://static.tildacdn.com/stor6530-6639-4366-b732-366336616162/59854163.png
260898066002;KochChemie Высокоглянцевая антиголограммная полироль HochGlanz AntiHologramm Politur M2.01 1л;1;images/260898066002_1.png;https://static.tildacdn.com/stor3463-3561-4463-a161-396536656432/82738715.png
842749947302;POLYTOP Diamant 2000 Ultimate Cut - Высокоабразивная полировальная паста (P1000) 1л;1;images/842749947302_1.png;https://static.tildacdn.com/stor3162-6361-4433-a633-646438373235/96564598.png
792826108982;POLYTOP Diamant 2000 Ultimate Cut - Высокоабразивная полировальная паста (P1000) 250мл;1;images/792826108982_1.png;https://static.tildacdn.com/stor6338-6131-4863-a363-636637383464/19770580.png
774031853332;POLYTOP Diamant 3000 Ultra Cut - Абразивная полировальная паста (P1500) 1л;1;images/774031853332_1.png;https://static.tildacdn.com/stor6139-3338-4263-b539-383738356633/17247191.png
181571237142;POLYTOP Diamant 3000 Ultra Cut - Абразивная полировальная паста (P1500) 250мл;1;images/181571237142_1.png;https://static.tildacdn.com/stor3865-3938-4237-a237-653565303137/66105148.png
603635661182;POLYTOP Diamant 5000 Super Cut - Среднеабразивная (одношаговая) полировальная паста (P3000) 1л;1;images/603635661182_1.png;https://static.tildacdn.com/stor3133-3836-4131-a234-653766396562/62980708.png
258416020972;POLYTOP Diamant 5000 Super Cut - Среднеабразивная (одношаговая) полировальная паста (P3000) 250мл;1;images/258416020972_1.png;https://static.tildacdn.com/stor3563-6461-4465-b439-386137333631/11181447.png
220633716742;POLYTOP Diamant 7000 Fine Cut - Микроабразивная и антиголограммная полировальная паста (P5000) 1л;1;images/220633716742_1.png;https://static.tildacdn.com/stor6638-3036-4862-b664-363734643638/21049501.png
706698576482;POLYTOP Diamant 7000 Fine Cut - Микроабразивная и антиголограммная полировальная паста (P5000) 250мл;1;images/706698576482_1.png;https://static.tildacdn.com/stor3233-6530-4535-a665-646462306533/56625517.png
251441006032;POLYTOP Rapid One-Step Plus - Универсальная 3в1 полировальная паста 1л;1;images/251441006032_1.png;https://static.tildacdn.com/stor6162-3339-4761-a237-303830336165/48301779.png
968530564312;POLYTOP Rapid One-Step Plus - Универсальная 3в1 полировальная паста 250мл;1;images/968530564312_1.png;https://static.tildacdn.com/stor3338-3938-4233-a663-663762353436/41126781.png
362304054632;POLYTOP Reflex Anti-Hologramm - Финишная антиголограммная полировальная паста 1л;1;images/362304054632_1.png;https://static.tildacdn.com/stor3062-3734-4365-b064-616465633934/62395084.png
926650409112;POLYTOP Reflex Anti-Hologramm - Финишная антиголограммная полировальная паста 250мл;1;images/926650409112_1.png;https://static.tildacdn.com/stor6666-6633-4330-b364-666638376562/92733484.png
170786333832;POLYTOP Oxide Ultimate Cut P11 - Абразивная полировальная паста (P1500), 1L;1;images/170786333832_1.png;https://static.tildacdn.com/stor6232-6133-4062-b336-663762333061/66812138.png
516907306262;POLYTOP Oxide Ultra Cut P9 - Одношаговая полировальная паста (P2000), 1L;1;images/516907306262_1.png;https://static.tildacdn.com/stor3766-3131-4531-a562-366562353466/57601220.png
553782609682;POLYTOP Oxide Anti Hologram - Антиголограммная полировальная паста, 1L;1;images/553782609682_1.png;https://static.tildacdn.com/stor6439-3431-4863-b136-346166353664/78348229.png
397185507032;Farecla Profile 350 Premium Liquid абразивная полировальная паста, 1л;1;images/397185507032_1.png;https://static.tildacdn.com/stor6430-6636-4735-b031-343031643365/91401661.png
195853197852;FARECLA Полироль абразивная Profile Advanced Plus 400 Liquid Compound 1кг;1;images/195853197852_1.png;https://static.tildacdn.com/stor3138-6662-4266-a530-653331643766/25652483.png
846509990692;FARECLA Абразивная паста G360 Super Fast Compound 1кг;1;images/846509990692_1.png;https://static.tildacdn.com/stor3234-6335-4130-a433-393163653866/34234078.png
801945674932;FARECLA Универсальная абразивная паста G3 Regular 1кг;1;images/801945674932_1.png;https://static.tildacdn.com/stor3138-6635-4831-b030-663234633430/67724166.png
343353633812;ZviZZer Высокоабразивная полировальная паста PC 5000 Pre Cut 750мл;1;images/343353633812_1.png;https://static.tildacdn.com/stor3537-3033-4731-b737-313138366565/92972150.png
985026409272;ZviZZer Высокоабразивная полировальная паста PC 5000 Pre Cut 250мл;1;images/985026409272_1.png;https://static.tildacdn.com/stor6634-3233-4332-a362-323634656435/15671346.png
250823535282;ZviZZer Крупнозернистая полировальная паста HC 4000 Heavy Cut 750мл;1;images/250823535282_1.png;https://static.tildacdn.com/stor3662-3664-4363-a132-353236356535/32119688.png
240022124852;ZviZZer Крупнозернистая полировальная паста HC 4000 Heavy Cut 250мл;1;images/240022124852_1.png;https://static.tildacdn.com/stor6239-3166-4334-b666-373264306530/73976923.png
511851415462;ZviZZer Среднезернистая полировальная паста MC 3000 Medium Cut 750мл;1;images/511851415462_1.png;https://static.tildacdn.com/stor3163-6661-4739-b861-646130646462/28759713.png
579636240402;ZviZZer Среднезернистая полировальная паста MC 3000 Medium Cut 250мл;1;images/579636240402_1.png;https://static.tildacdn.com/stor3664-3462-4264-b635-386235336331/57028362.png
197560530252;ZviZZer Полировальная паста антиголограммная FC 2000 Fine Cut 750мл;1;images/197560530252_1.png;https://static.tildacdn.com/stor6134-3537-4664-b134-323965303064/19460442.png
232937510272;ZviZZer Полировальная паста антиголограммная FC 2000 Fine Cut 250мл;1;images/232937510272_1.png;https://static.tildacdn.com/stor3465-3437-4632-a365-393666646665/60608602.png
195685350332;ZviZZer Полировальная паста финишная UC 1000 Ultrafine Cut 750мл;1;images/195685350332_1.png;https://static.tildacdn.com/stor6532-3236-4461-a330-383865383032/20787807.png
237814507912;ZviZZer Полировальная паста финишная UC 1000 Ultrafine Cut 250мл;1;images/237814507912_1.png;https://static.tildacdn.com/stor6237-6561-4932-a234-616436386261/63352386.png
783939160982;ZviZZer Универсальная полировальная паста 3-в-1 ONE Polish 750мл;1;images/783939160982_1.png;https://static.tildacdn.com/stor3033-3730-4234-b962-386236376534/40350025.png
740770648332;ZviZZer Универсальная полировальная паста 3-в-1 ONE Polish 250мл;1;images/740770648332_1.png;https://static.tildacdn.com/stor3636-3665-4338-b335-663230396363/38182173.png
876499595982;ZviZZer Крупноабразивная полировальная паста Thermo HC 1500 Heavy Cut 750 мл;1;images/876499595982_1.png;https://static.tildacdn.com/stor3937-3437-4636-a238-323266643064/18082944.png
151984161842;ZviZZer Одношаговая полировальная паста Professional One Step 3000 750 мл;1;images/151984161842_1.png;https://static.tildacdn.com/stor3066-6435-4863-b565-393435366330/37855411.png
528868866332;Высокоабразивная полировальная паста Menzerna Super Heavy Cut Compound 300, 1л;1;images/528868866332_1.png;https://static.tildacdn.com/stor3231-6439-4665-b632-623634616364/37474252.png
849040620382;Одношаговая крупнозернистая полировальная паста Menzerna HCC400 1кг.;1;images/849040620382_1.png;https://static.tildacdn.com/stor3735-3535-4131-b066-623364336163/83815477.png
382583934362;Высокоабразивная полировальная паста Menzerna Heavy Cut Compound 1000 1кг.;1;images/382583934362_1.png;https://static.tildacdn.com/stor3436-6236-4162-b236-633237653265/93849990.png
961593373682;Полировальный состав MENZERNA PF2500 1л;1;images/961593373682_1.png;https://static.tildacdn.com/stor3239-3837-4031-b836-623030383037/43048117.png
572968199042;Полировальная паста на основе оксида алюминия Menzerna FF3000, 1л.;1;images/572968199042_1.png;https://static.tildacdn.com/stor6631-3535-4662-b265-643161646532/32886022.png
169517379142;MENZERNA Низкоабразивная доводочная полировальная паста One step polish 3 in 1, 1л;1;images/169517379142_1.png;https://static.tildacdn.com/stor6465-6262-4664-a636-663862343363/87108748.png
987813127292;Scholl Concepts Универсальная абразивная паста с содержанием воска E-All All in One Allround Polish 1л ECO2501;1;images/987813127292_1.png;https://static.tildacdn.com/stor3132-3938-4438-b263-353737633931/33638250.png
250809984272;Scholl Concepts Одношаговая полировальная паста E2000 Schleifcreme medium 1л;1;images/250809984272_1.png;https://static.tildacdn.com/stor6239-6336-4064-a235-356136393433/34524287.png
769283091342;Scholl Concepts Полировальная паста E3000 Mikro Schleifcreme medium 1л;1;images/769283091342_1.png;https://static.tildacdn.com/stor3562-3562-4036-b039-323861333838/82467171.png
654438397622;Scholl Concepts Одношаговая полировальная паста S20 Black Real 1-Step Compound 500г;1;images/654438397622_1.png;https://static.tildacdn.com/stor6663-6638-4538-b431-363661363137/97717622.png
180515806112;Scholl Concepts Антиголограммная паста для твердых лаков S30+ Nano-Schleifcreme grun 1л;1;images/180515806112_1.png;https://static.tildacdn.com/stor3334-6234-4637-b438-303436616336/71127868.png
297050795852;Sonax ProfiLine Высокоабразивный полироль Ultimate Cut 06-03 1л;1;images/297050795852_1.png;https://static.tildacdn.com/stor6435-6339-4239-a666-383666323834/28060528.png
993262219842;Sonax Xtreme Полироль для сияющего блеска Brilliant Shine Detailer 750мл;1;images/993262219842_1.png;https://static.tildacdn.com/stor3562-3735-4330-b037-396563366230/68767139.png
686682487002;Sonax ProfiLine Высокоабразивный полироль CutMax 06-04 1л;1;images/686682487002_1.png;https://static.tildacdn.com/stor6264-6433-4766-b035-333234666337/82525519.png
920715657002;Sonax ProfiLine Высокоабразивный полироль CutMax 06-04 250мл;1;images/920715657002_1.png;https://static.tildacdn.com/stor6334-3731-4632-b630-616537633133/64446008.png
342884608522;Sonax Антиголограммный полироль для орбитальных машин EX 04-06 1л;1;images/342884608522_1.png;https://static.tildacdn.com/stor3232-3131-4339-b238-643666343536/39442709.png
571183504942;Sonax ProfiLine Финишная полировальная паста Perfect Finish 04-06 1л;1;images/571183504942_1.png;https://static.tildacdn.com/stor3666-6438-4231-a564-316432363336/58041481.png
540874496042;Sonax ProfiLine Мелкоабразивная паста FS-05-04 1л;1;images/540874496042_1.png;https://static.tildacdn.com/stor3365-6233-4333-a436-303134356634/31143275.png
977730943682;Sonax ProfiLine Финальная полировальная паста XP 02-06 1л;1;images/977730943682_1.png;https://static.tildacdn.com/stor3963-3637-4965-b732-643165663564/59701600.png
430698113082;Sonax ProfiLine HW 02-04 Твердый воск NanoPro 1L.;1;images/430698113082_1.png;https://static.tildacdn.com/stor6264-3338-4761-b461-643965303064/49202762.png
982525159462;Sonax ProfiLine Финальная полировальная паста Final 01-06 1л;1;images/982525159462_1.png;https://static.tildacdn.com/stor3735-6436-4331-a632-333239616634/63936848.png
694398825372;Sonax Абразивный полироль для орбитальных машин ExCut 05-05 1л;1;images/694398825372_1.png;https://static.tildacdn.com/stor3234-3133-4639-b538-393633393963/92399191.png
309088085012;Meguiar's Корректирующий состав DA Microfiber Correction Compound 473мл;1;images/309088085012_1.png;https://static.tildacdn.com/stor3435-3735-4531-a431-396339613730/86756357.png
829223948782;Meguiar's Полироль Pro Speed Compound 945мл;1;images/829223948782_1.png;https://static.tildacdn.com/stor6134-3035-4366-b363-663865326366/47404758.png
989301308332;Meguiar's Полироль абразивная Ultra Pro Speed Compound 945мл;1;images/989301308332_1.png;https://static.tildacdn.com/stor6336-3561-4833-b433-623030623531/49901432.png
834199165352;Meguiar's Высокоабразивная полировальная паста Foam-Cut Compound 945мл;1;images/834199165352_1.png;https://static.tildacdn.com/stor3939-3464-4530-b464-376263613334/77066987.png
169419372512;Meguiar's Полироль антиголограммная Ultra Finishing Polish 945мл;1;images/169419372512_1.png;https://static.tildacdn.com/stor6535-3737-4161-a263-323132303633/85332494.png
436130101782;Meguiar's Полироль антиголограммная Ultra Pro Finishing Polish 945мл;1;images/436130101782_1.png;https://static.tildacdn.com/stor6439-6664-4566-b764-353464303564/36679876.png
107005840712;Meguiar's Полироль Pro Speed Polish M200 946мл;1;images/107005840712_1.png;https://static.tildacdn.com/stor6661-3361-4131-b865-353432376164/17726608.png
203396976972;3D Абразивная и полировальная паста 2 в 1 с оксидом алюминия One Hybrid 0,95л;1;images/203396976972_1.png;https://static.tildacdn.com/stor6333-3230-4466-a237-366533623831/30080998.png
422691850582;3D Корректирующая полироль 2в1 AAT Correction Glaze 0,95л;1;images/422691850582_1.png;https://static.tildacdn.com/stor3333-3837-4163-b733-366133353135/63864025.png
889249636062;3D Финишный полироль с нано-составом AAT Finishing Polish 0.95л;1;images/889249636062_1.png;https://static.tildacdn.com/stor3039-3338-4264-b461-353662343836/33178810.png
472251268472;3D Универсальная полировальная паста I-Cut 0,94л;1;images/472251268472_1.png;https://static.tildacdn.com/stor6439-6530-4261-a633-346231373061/52415865.png
371699292422;3D Полироль для удаления легких и средних царапин HD Speed 0,95л;1;images/371699292422_1.png;https://static.tildacdn.com/stor3438-6334-4866-b635-633731323365/49760471.png
452474917592;3D Антиголограммная полироль с оксидом алюминия на водной основе ACA Finishing Polish 0,95л;1;images/452474917592_1.png;https://static.tildacdn.com/stor3361-3238-4439-b166-393062633962/46802152.png
730238065472;3D Абразивная и полировальная паста 2 в 1 с оксидом алюминия One Hybrid 0,47л;1;images/730238065472_1.png;https://static.tildacdn.com/stor3934-3837-4632-b661-353964383937/76503965.png
706528876232;3D Полировальная паста с микро-абразивами AAT Cutting Compound 0,95л;1;images/706528876232_1.png;https://static.tildacdn.com/stor3266-3865-4534-b565-616437616239/70414734.png
836541034182;3D Паста на водной основе для низкотемпературной полировки ACA X-tra Cut Compound 0,95л;1;images/836541034182_1.png;https://static.tildacdn.com/stor3764-6664-4366-a137-653465393465/78073708.png
554502095572;3D Полировальная паста ACA 510 Rubbing Compound 0,95л;1;images/554502095572_1.png;https://static.tildacdn.com/stor3732-6638-4162-b166-383836303362/60177363.png
512163279582;GYEON Уникальная финишная полировальная паста с содержанием керамики Q2 Primer 120мл;1;images/512163279582_1.png;https://static.tildacdn.com/stor6534-6165-4330-a262-656139306531/91751891.png
112428664782;CarPro Абразивная полировальная паста ClearCUT 500мл;1;images/112428664782_1.png;https://static.tildacdn.com/stor3036-6335-4438-a539-346666666138/87992668.png
789106472742;CarPro Абразивная полировальная паста ClearCUT 250мл;1;images/789106472742_1.png;https://static.tildacdn.com/stor3336-3133-4339-b332-633330323634/54210261.png
499465642182;CarPro Экстра режущая полировальная паста Extreme Cut Compound UltraCut 500мл;1;images/499465642182_1.png;https://static.tildacdn.com/stor3534-6564-4036-b637-306337356631/46177295.png
928307364192;CarPro Экстра режущая полировальная паста Extreme Cut Compound UltraCut 250мл;1;images/928307364192_1.png;https://static.tildacdn.com/stor6565-3530-4330-b330-383361333938/88078652.png
878809851162;CarPro Одношаговая полировальная паста Fixer 500мл;1;images/878809851162_1.png;https://static.tildacdn.com/stor3661-3238-4531-b730-633135303735/42969440.png
912064970222;CarPro Одношаговая полировальная паста Fixer 250мл;1;images/912064970222_1.png;https://static.tildacdn.com/stor6237-3161-4830-a435-363362656232/61690318.png
753794369872;CarPro Финишная полировальная паста Reflect Super Fine Polish 500мл;1;images/753794369872_1.png;https://static.tildacdn.com/stor3764-6364-4238-b038-663533646366/24878100.png
448782163462;CarPro Полировальная паста-подложка Essence с SiO2 500мл;1;images/448782163462_1.png;https://static.tildacdn.com/stor3938-6334-4663-b639-333939653266/57296988.png
273393952902;Detail Среднеабразивная полировальная паста MD (Medium Cut) 1л DT-0375;1;images/273393952902_1.png;https://static.tildacdn.com/stor3635-6239-4361-a333-383762653263/25013611.png
569254158062;Detail Антиголограммная полировальная паста DP (Diamond Polish) 1л DT-0377;1;images/569254158062_1.png;https://static.tildacdn.com/stor6364-6266-4662-b233-313831346564/79226305.png
842429088362;Detail Антиголограммная полировальная паста DP (Diamond Polish) 250мл DT-0376;1;images/842429088362_1.png;https://static.tildacdn.com/stor3835-6361-4532-b739-623531643030/72469617.png
326513569652;FIREBALL Удалитель восков, силантов и старых керамических покрытий Wax Off, 500 мл;1;images/326513569652_1.png;https://static.tildacdn.com/stor3665-6461-4266-b332-343861316661/27442485.png
860444859982;FIREBALL Очиститель пятен от воды и водного камня Water Spot, 500 мл;1;images/860444859982_1.png;https://static.tildacdn.com/stor6330-6637-4036-a132-326265656535/91888500.png
848683105132;CarPro Синтетический детейлер-спрей Elixir 500мл;1;images/848683105132_1.png;https://static.tildacdn.com/stor3164-6635-4236-b063-346139646536/31830381.png
548616294562;FIREBALL Концентрат гидрофобной пены с SiO2 Hydro Foam 1:15;1;images/548616294562_1.png;https://static.tildacdn.com/stor6335-3631-4131-b664-636335393364/56926737.png
913779208502;CarPRO Spotless 2.0 очиститель водных пятен, 500мл;1;images/913779208502_1.png;https://static.tildacdn.com/stor6631-3962-4337-b961-333066313136/40215365.png
819649505252;CarPRO Spotless 2.0 очиститель водных пятен, 50мл;1;images/819649505252_1.png;https://static.tildacdn.com/stor3632-6262-4230-b935-396531353132/24459802.png
881948454932;3D Гель для удаления пятен воды и водного камня Eraser Water Spot Remover 0,48л;1;images/881948454932_1.png;https://static.tildacdn.com/stor6132-3366-4264-b032-633531376139/37491505.png
980426257692;"155 мм - Агрессивный полировальник ""Синий Мех"" (ворс 23мм) на тонком интерфейсе А302";1;images/980426257692_1.png;https://static.tildacdn.com/stor3964-3539-4362-b535-646564396431/42902241.png
416662045912;"130 мм - Агрессивный полировальник ""Синий Мех"" (ворс 23мм) на тонком интерфейсе А302";1;images/416662045912_1.png;https://static.tildacdn.com/stor3263-3731-4363-b838-663335393235/74279381.png
463580890572;"80 мм - Агрессивный полировальник ""Синий Мех"" (ворс 23мм) на тонком интерфейсе А302";1;images/463580890572_1.png;https://static.tildacdn.com/stor3562-3064-4063-a538-313766613966/79090498.png
567747539492;"155 мм - Меховой круг ""Лиловый"" на Поролоне DA (короткий ворс 8мм) / A302";1;images/567747539492_1.png;https://static.tildacdn.com/stor3166-3431-4334-b732-326639373336/41692256.png
847762655942;"130 мм - Меховой круг ""Лиловый"" на Поролоне DA (короткий ворс 8мм) A302";1;images/847762655942_1.png;https://static.tildacdn.com/stor3066-3238-4230-a239-363031336164/61288100.png
390847925072;"80 мм - Меховой круг ""Лиловый"" на Поролоне DA (короткий ворс 8мм) / A302";1;images/390847925072_1.png;https://static.tildacdn.com/stor6665-3932-4030-a464-363935313639/70214174.png
643755958582;150/160 Меховой полировальник на поролоне RO-DA (ворс 16 мм) / A302;1;images/643755958582_1.png;https://static.tildacdn.com/stor3931-3936-4637-b265-333532356338/34080471.png
503939562552;125/135 Меховой полировальник на поролоне RO-DA (ворс 16 мм) / A302;1;images/503939562552_1.png;https://static.tildacdn.com/stor3833-3761-4332-a466-313531306662/77272618.png
524375923992;80/90 Меховой полировальник на поролоне RO-DA (ворс 16 мм) / A302;1;images/524375923992_1.png;https://static.tildacdn.com/stor6163-3763-4162-b763-613335353166/63689977.png
571058550942;155/165 Меховой полировальник термо сэндвич (ворс 5 мм) A302;1;images/571058550942_1.png;https://static.tildacdn.com/stor6533-6137-4264-b465-303361376233/26246228.png
259503648332;130/140 Меховой полировальник термо сэндвич (ворс 5 мм) A302;1;images/259503648332_1.png;https://static.tildacdn.com/stor3633-3538-4436-b639-343632346630/12222816.png
199746075712;80/90 Меховой полировальник термо сэндвич (ворс 5 мм) A302;1;images/199746075712_1.png;https://static.tildacdn.com/stor3966-3131-4062-a563-306363383936/69048054.png
333733194522;"150/160 - Гибридный полировальник ""Зеленая шерсть"" (ворс 8мм) на поролоне / A302";1;images/333733194522_1.png;https://static.tildacdn.com/stor3166-6663-4639-b164-616564356631/98913989.png
216540661862;"125/135 - Гибридный полировальник ""Зеленая шерсть"" (ворс 8мм) на поролоне / A302";1;images/216540661862_1.png;https://static.tildacdn.com/stor3534-3864-4764-a132-393861356634/24955003.png
650363797262;"80/90 - Гибридный полировальник ""Зеленая шерсть"" (ворс 8мм) на поролоне / A302";1;images/650363797262_1.png;https://static.tildacdn.com/stor6664-3434-4261-b837-306336343238/49430456.png
175055345972;150/25/160 Твердый термопад DA сэндвич (зеленый) A302;1;images/175055345972_1.png;https://static.tildacdn.com/stor6137-6463-4738-a432-316661383765/72363946.png
521101769162;125/25/140 Твердый термопад DA сэндвич (зеленый) A302;1;images/521101769162_1.png;https://static.tildacdn.com/stor3337-3864-4536-b362-623762303736/23478374.png
907705500952;75/25/90 Твердый термопад DA сэндвич (зеленый) A302;1;images/907705500952_1.png;https://static.tildacdn.com/stor3339-6463-4963-a532-613034393238/84137796.png
234268325582;150/25/160 мм Мягкий полировальный круг (желтый) А302 TRAPEZ PAD;1;images/234268325582_1.png;https://static.tildacdn.com/stor3232-3533-4065-b139-616335316535/87988551.png
840027073292;125/25/140 мм Мягкий полировальный круг (желтый) А302 TRAPEZ PAD;1;images/840027073292_1.png;https://static.tildacdn.com/stor3464-3837-4638-b837-616430336437/78916594.png
869318737922;75/25/90 мм Мягкий полировальный круг (желтый) А302 TRAPEZ PAD;1;images/869318737922_1.png;https://static.tildacdn.com/stor3266-3163-4363-b034-393132646262/95778705.png
719591122402;150/25/160 Полутвердый термопад DA сэндвич (оранжевый) А302;1;images/719591122402_1.png;https://static.tildacdn.com/stor3863-6464-4039-b562-303234613366/35692988.png
279579843302;125/25/140 Полутвердый термопад DA сэндвич (оранжевый) А302;1;images/279579843302_1.png;https://static.tildacdn.com/stor3331-3433-4536-a562-363539303261/94235316.png
730557523722;150/25/160 мм Твердый полировальный круг (красный) А302 TRAPEZ PAD;1;images/730557523722_1.png;https://static.tildacdn.com/stor3330-3831-4264-a637-313634633630/70881084.png
503832821412;125/25/140 мм Твердый полировальный круг (красный) А302 TRAPEZ PAD;1;images/503832821412_1.png;https://static.tildacdn.com/stor3066-3338-4331-b664-396531643331/98676968.png
763123770442;75/25/90 мм Твердый полировальный круг (красный) А302 TRAPEZ PAD;1;images/763123770442_1.png;https://static.tildacdn.com/stor3637-6661-4332-b561-656161376235/40291435.png
549885689452;150/25/160 Мягкий полировальный круг (желтый) - А302 STANDART PAD;1;images/549885689452_1.png;https://static.tildacdn.com/stor3732-6330-4464-b631-343963633731/90870195.png
606064220032;130/20/140 Мягкий полировальный круг (желтый) - А302 STANDART PAD;1;images/606064220032_1.png;https://static.tildacdn.com/stor3435-3235-4863-b038-356639353765/37702655.png
452554043382;150/25/160 Твердый полировальный круг (красный) - А302 STANDART PAD;1;images/452554043382_1.png;https://static.tildacdn.com/stor3438-3837-4630-a566-306461366336/13816065.png
582895547822;75/25/90 мм Полутвердый полировальный круг (оранжевый) А302 TRAPEZ PAD;1;images/582895547822_1.png;https://static.tildacdn.com/stor3630-3862-4439-b465-373463313665/66862757.png
377969193182;125/25/140 мм Полутвердый полировальный круг (оранжевый) А302 TRAPEZ PAD;1;images/377969193182_1.png;https://static.tildacdn.com/stor6237-3965-4839-a563-643563636138/35839741.png
547352125702;150/25/160 мм Полутвердый полировальный круг (оранжевый) А302 TRAPEZ PAD;1;images/547352125702_1.png;https://static.tildacdn.com/stor6139-3038-4930-a666-303166346330/27386926.png
921760444742;130/20/140 Полутвердый полировальный круг (оранжевый) - А302 STANDART PAD;1;images/921760444742_1.png;https://static.tildacdn.com/stor6632-3936-4065-a362-333637393832/78593130.png
729928652052;150/25/160 Полутвердый полировальный круг (оранжевый) - А302 STANDART PAD;1;images/729928652052_1.png;https://static.tildacdn.com/stor3364-3535-4638-a637-333365623565/43514196.png
666615816122;150/25/160 Мягкий термопад DA сэндвич (голубой) А302;1;images/666615816122_1.png;https://static.tildacdn.com/stor6137-3736-4537-b633-373435636532/72782603.png
674466375122;125/25/140 Мягкий термопад DA сэндвич (голубой) А302;1;images/674466375122_1.png;https://static.tildacdn.com/stor6665-6234-4266-b565-653063626639/63242868.png
964897279752;75/25/90 Мягкий термопад DA сэндвич (голубой) А302;1;images/964897279752_1.png;https://static.tildacdn.com/stor6336-3835-4131-b634-353736613765/61600217.png
140698301452;75/25/90 мм Экстра твердый полировальный круг (синий) - А302 TRAPEZ PAD;1;images/140698301452_1.png;https://static.tildacdn.com/stor3136-6362-4164-b133-653937313937/29379216.png
309758230242;125/25/140 мм Экстра твердый полировальный круг (синий) А302 TRAPEZ PAD;1;images/309758230242_1.png;https://static.tildacdn.com/stor3533-3661-4531-b334-623466323133/87949556.png
397293551312;150/25/160 мм Экстра твердый полировальный круг (синий) - А302 TRAPEZ PAD;1;images/397293551312_1.png;https://static.tildacdn.com/stor3334-6338-4830-b363-653535333630/35941352.png
747269624042;150/160 - Микрофибровый полировальник Режущий (ворс 12 мм) / A302;1;images/747269624042_1.png;https://static.tildacdn.com/stor6431-3936-4631-b732-343334653162/33808301.png
857630375752;125/135 - Микрофибровый полировальник Режущий (ворс 12 мм) / A302;1;images/857630375752_1.png;https://static.tildacdn.com/stor3361-3330-4464-b838-656534636661/51197035.png
729360965622;80/90 - Микрофибровый полировальник Режущий (ворс 12 мм) / A302;1;images/729360965622_1.png;https://static.tildacdn.com/stor3437-6563-4762-a363-613063613338/97147350.png
566218456982;150/160 - Микрофибровый полировальник Экстра Режущий (ворс 5 мм) / A302;1;images/566218456982_1.png;https://static.tildacdn.com/stor3237-3139-4238-a537-313935323233/33909183.png
337230639802;125/135 - Микрофибровый полировальник Экстра Режущий (ворс 5 мм) / A302;1;images/337230639802_1.png;https://static.tildacdn.com/stor3932-3133-4165-b766-643563356431/57696161.png
987226639772;80/90 - Микрофибровый полировальник Экстра Режущий (ворс 5 мм) / A302;1;images/987226639772_1.png;https://static.tildacdn.com/stor3063-3937-4934-b361-333763373061/99784976.png
797596246672;150 мм Круг для полировки стекла и металла (поливискоза) / A302;1;images/797596246672_1.png;https://static.tildacdn.com/stor3238-3661-4635-b364-653264366139/55476277.png
318390111212;125 мм Круг для полировки стекла и металла (поливискоза) / A302;1;images/318390111212_1.png;https://static.tildacdn.com/stor6334-3166-4962-a639-613763353937/15002652.png
196344741922;125/25/140 Ультрамягкий термопад DA сэндвич (черный) A302;1;images/196344741922_1.png;https://static.tildacdn.com/stor3861-3237-4430-a234-616463323731/28849278.png
491068360662;150 мм Flexipads черный режущий 1-STEP микрофибровый круг;1;images/491068360662_1.png;https://static.tildacdn.com/stor3464-3562-4535-b338-303165363666/43241996.png
458919475152;Меховой полировальник на поролоне 150/180 LERATON WPF180;1;images/458919475152_1.png;https://static.tildacdn.com/stor6239-3230-4232-a530-656563316463/10097700.png
175192615562;Меховой полировальник на поролоне 130/150 LERATON WPF150;1;images/175192615562_1.png;https://static.tildacdn.com/stor3732-6137-4938-a630-383266316130/98659435.png
834202981312;Меховой полировальник на поролоне 80/100 LERATON WPF100;1;images/834202981312_1.png;https://static.tildacdn.com/stor3434-6365-4230-a336-383433313937/12548745.png
321085857522;Меховой круг на поролоне (ворс средней длины) 150/180мм LERATON WBC180;1;images/321085857522_1.png;https://static.tildacdn.com/stor3263-3065-4231-b334-346363656136/71408757.png
149879045162;Меховой круг на поролоне (ворс средней длины) 130/150мм LERATON WBC150;1;images/149879045162_1.png;https://static.tildacdn.com/stor6166-6332-4464-b735-343432346131/10287938.png
453854978002;Меховой круг на поролоне (ворс средней длины) 80/100мм LERATON WBC100;1;images/453854978002_1.png;https://static.tildacdn.com/stor3565-3863-4561-b966-383534636431/54623530.png
632416288192;Гибридный меховой круг на поролоне LERATON 150мм WVF150;1;images/632416288192_1.png;https://static.tildacdn.com/stor3732-3031-4938-a534-353936323035/67105313.png
341298025212;Гибридный меховой круг на поролоне LERATON 130мм WVF130;1;images/341298025212_1.png;https://static.tildacdn.com/stor6263-3865-4366-a230-313837396332/78824192.png
724370513842;Гибридный меховой круг на поролоне LERATON 80мм WVF80;1;images/724370513842_1.png;https://static.tildacdn.com/stor3163-3561-4162-b531-323234343062/37920984.png
631123285362;Гибридный меховой круг LERATON WV80;1;images/631123285362_1.png;https://static.tildacdn.com/stor3433-3637-4466-b233-383361326436/30262596.png
554064252572;Меховой полировальник 135мм LERATON WP130;1;images/554064252572_1.png;https://static.tildacdn.com/stor6262-6561-4633-a139-613631316565/28698839.png
261428376892;Меховой полировальник 155мм LERATON WP150;1;images/261428376892_1.png;https://static.tildacdn.com/stor6265-3235-4137-a232-623034333862/73752482.png
691886544152;Меховой полировальник 80мм LERATON WP80;1;images/691886544152_1.png;https://static.tildacdn.com/stor3730-3362-4539-a463-386537633066/11946309.png
351335628302;Твердый зеленый DA THERMO полировальник 130/155 LERATON DAH150;1;images/351335628302_1.png;https://static.tildacdn.com/stor3463-6430-4537-a332-316466663033/26230110.png
933047383732;Средний синий DA THERMO полировальник 130/155 LERATON DAM150;1;images/933047383732_1.png;https://static.tildacdn.com/stor6639-3836-4561-b537-643463306139/62323336.png
805149160882;Средний синий THERMO роторный полировальник 130мм LERATON ROM130;1;images/805149160882_1.png;https://static.tildacdn.com/stor6538-3831-4239-b736-333061353963/50522756.png
942087118232;Меховой полировальник 80мм LERATON W80;1;images/942087118232_1.png;https://static.tildacdn.com/stor3863-6462-4838-b237-613561373138/76733866.png
410113903652;Мягкий желтый DA THERMO полировальник 130/155 LERATON DAP150;1;images/410113903652_1.png;https://static.tildacdn.com/stor3336-6463-4431-a236-636366323335/12923276.png
212064712322;Полировальный круг из шерстяного меха, диаметр 130 мм. без подложки SMART OPEN;1;images/212064712322_1.png;https://static.tildacdn.com/stor3763-3464-4965-b230-663765613137/19006245.png
309068018532;Полировальный круг из шерстяного меха,диаметр 130 мм,на подложке 5 мм, длинна шерсти 10 SMART OPEN;1;images/309068018532_1.png;https://static.tildacdn.com/stor3138-6431-4131-b163-633032356562/43990258.png
822940210402;Полировальный круг из стриж. меха, 130 мм, на подложке 10 мм,стриж. шерсть длинной 5 мм SMART OPEN;1;images/822940210402_1.png;https://static.tildacdn.com/stor6663-3364-4239-b132-313937633366/25652596.png
855550832292;Полировальный круг двухслойный синий (мягкий) 130/150/30мм, SMART OPEN;1;images/855550832292_1.png;https://static.tildacdn.com/stor6662-6137-4234-b132-363939656462/62272500.png
194154908052;Koch Chemie Полировальный круг Heavy Cut Pad 150x23мм;1;images/194154908052_1.png;https://static.tildacdn.com/stor3832-3931-4039-b864-303232336231/77189822.png
677116831662;Koch Chemie Полировальный круг Heavy Cut Pad 126x23мм;1;images/677116831662_1.png;https://static.tildacdn.com/stor3164-6465-4564-b162-653863306338/15083105.png
991441974652;Koch Chemie Полировальный круг Heavy Cut Pad 76x23мм;1;images/991441974652_1.png;https://static.tildacdn.com/stor6235-3965-4536-b338-396339366132/21319406.png
873962172092;Koch Chemie Полировальный круг Fine Cut Pad 150x23мм;1;images/873962172092_1.png;https://static.tildacdn.com/stor3436-3334-4238-b564-333133343033/64018485.png
540554905522;Koch Chemie Полировальный круг Fine Cut Pad 126x23мм;1;images/540554905522_1.png;https://static.tildacdn.com/stor3466-6163-4166-b435-663364363733/93553052.png
272425222332;Koch Chemie Полировальный круг Fine Cut Pad 76x23мм;1;images/272425222332_1.png;https://static.tildacdn.com/stor3963-3833-4537-b933-613934366435/21731411.png
664259959732;Koch Chemie Полировальный круг One Cut Pad 150 x 23мм;1;images/664259959732_1.png;https://static.tildacdn.com/stor3130-6434-4265-b930-653865613537/36987466.png
212476256642;Koch Chemie Полировальный круг One Cut Pad 126 x 23мм;1;images/212476256642_1.png;https://static.tildacdn.com/stor3463-3262-4834-a136-653965386266/26742899.png
370389921922;Koch Chemie Полировальный круг One Cut Pad 76 x 23мм;1;images/370389921922_1.png;https://static.tildacdn.com/stor3733-6636-4164-b665-616633613863/28257720.png
198610884152;Koch Chemie Полировальный круг Micro Cut Pad 150x23мм;1;images/198610884152_1.png;https://static.tildacdn.com/stor6530-3162-4534-a338-396238356461/30970344.png
459049887042;Koch Chemie Полировальный круг Micro Cut Pad 126x23мм;1;images/459049887042_1.png;https://static.tildacdn.com/stor3631-6666-4931-b834-363434303431/67143110.png
159205023772;Koch Chemie Полировальный круг Micro Cut Pad 76x23мм;1;images/159205023772_1.png;https://static.tildacdn.com/stor3331-3661-4531-a131-303863313462/64782135.png
936796636812;"Koch Chemie Полировальный круг Polish &amp; Sealing Pad 150 x 23мм";1;images/936796636812_1.png;https://static.tildacdn.com/stor3938-3830-4531-a439-666139636539/62089333.png
339444030552;"Koch Chemie Polish &amp; Sealing Pad полировальный круг, 126x23мм";1;images/339444030552_1.png;https://static.tildacdn.com/stor6262-3935-4732-b931-323333373330/47697774.png
433814500502;Zvizzer Thermo Pad HARD 130-140/20/125мм Полировальный термостойкий поролоновый белый круг твердый 16 kPa.;1;images/433814500502_1.png;https://static.tildacdn.com/stor3964-3065-4365-a232-643465363166/90486025.png
253443658012;Zvizzer Thermo Pad HARD 155-160/20/150мм . Полировальный термостойкий поролоновый белый круг твердый 16 kPa.;1;images/253443658012_1.png;https://static.tildacdn.com/stor3964-3065-4365-a232-643465363166/90486025.png
389701903182;Zvizzer Thermo Pad MEDIUM 130-140/20/125мм Полировальный термостойкий поролоновый синий круг средней плотности 13 kPa.;1;images/389701903182_1.png;https://static.tildacdn.com/stor3335-3861-4663-a139-313063623439/11136875.png
154687371212;Zvizzer Thermo Pad MEDIUM 85-90/20/80мм. Полировальный термостойкий поролоновый синий круг средней плотности 13 kPa.;1;images/154687371212_1.png;https://static.tildacdn.com/stor6133-6663-4530-a532-656632333537/79977442.png
500891907942;Zvizzer Thermo Pad MEDIUM 155-160/20/150мм. Полировальный термостойкий поролоновый синий круг средней плотности 13 kPa.;1;images/500891907942_1.png;https://static.tildacdn.com/stor3337-3664-4466-b163-356561326263/76040436.png
551585398192;Zvizzer Thermo Pad SOFT 85-90/20/80мм Полировальный термостойкий поролоновый бордовый круг мягкий 8 kPa.;1;images/551585398192_1.png;https://static.tildacdn.com/stor3564-3936-4333-b062-383930646335/67534004.png
308241445172;Zvizzer Thermo Pads SOFT 130-140/20/125мм. Полировальный термостойкий поролоновый бордовый круг мягкий 8 kPa.;1;images/308241445172_1.png;https://static.tildacdn.com/stor3535-3565-4634-a562-346233633061/85989351.png
443110473592;Zvizzer Thermo Pads SOFT 155-160/20/150мм. Полировальный термостойкий поролоновый бордовый круг мягкий 8 kPa.;1;images/443110473592_1.png;https://static.tildacdn.com/stor3630-3239-4765-a636-636430326532/63601538.png
163473146892;Поролоновый полировальный круг 90-95/25/80мм Zvizzer Trapez - очень жёсткий;1;images/163473146892_1.png;https://static.tildacdn.com/stor3231-6562-4332-b438-613831333333/57685434.png
331320833722;Поролоновый полировальный круг 135-140/25/125мм Zvizzer Trapez - очень жёсткий ZV-TR00014025PC;1;images/331320833722_1.png;https://static.tildacdn.com/stor3438-3533-4435-a239-353932613139/75898124.png
353355000422;Поролоновый полировальный круг 150мм Zvizzer Trapez - очень жёсткие;1;images/353355000422_1.png;https://static.tildacdn.com/stor3438-3533-4435-a239-353932613139/75898124.png
586891365402;КРАСНЫЙ жесткий режущий полировальный круг ТРАПЕЦИЯ ZviZZer ZV-TR00014025HC 140/25/125;1;images/586891365402_1.png;https://static.tildacdn.com/stor6339-3730-4239-b064-656661353731/46107307.png
405017268442;КРАСНЫЙ жесткий режущий полировальный круг ТРАПЕЦИЯ ZviZZer 165/25/150;1;images/405017268442_1.png;https://static.tildacdn.com/stor3731-3038-4634-b234-363962373764/90841089.png
378983735652;Поролоновый полировальный круг 90-95/25/80мм Zvizzer Trapez - средней жёсткости;1;images/378983735652_1.png;https://static.tildacdn.com/stor6237-6236-4830-a165-333564663236/24839088.png
836336430222;Поролоновый полировальный круг 135-140/25/125мм Zvizzer Trapez - средней жёсткости;1;images/836336430222_1.png;https://static.tildacdn.com/stor6434-6336-4439-a130-646161663865/13293716.png
309108608452;Поролоновый полировальный круг 160-165/25/150мм Zvizzer Trapez - средней жёсткости;1;images/309108608452_1.png;https://static.tildacdn.com/stor3834-6339-4130-b465-323936343730/99666102.png
934278068992;Поролоновый полировальный круг 135-140/25/125мм Zvizzer Trapez - мягкий антиголограмный;1;images/934278068992_1.png;https://static.tildacdn.com/stor6137-3239-4735-a436-393462336631/55511434.png
352810425342;Поролоновый полировальный круг 90-95/25/80мм Zvizzer Trapez - мягкий антиголограмный;1;images/352810425342_1.png;https://static.tildacdn.com/stor3639-3534-4963-b430-653363653637/11023902.png
850963107492;Поролоновый полировальный круг 90/20/80мм Zvizzer All-Rounder - средний ZV-AR9020MC;1;images/850963107492_1.jpg;https://static.tildacdn.com/stor3833-3731-4230-b636-343763623161/83769101.jpg
633892890412;Меховой круг Doodle WoolPad 135/25/135мм, черный;1;images/633892890412_1.png;https://static.tildacdn.com/stor6635-3431-4238-b064-366139313031/32306033.png
275875122102;Меховой круг Doodle WoolPad 80/25/80мм, черный;1;images/275875122102_1.jpg;https://static.tildacdn.com/stor3236-3464-4564-b937-643932373638/99950089.jpg
552313024882;Zvizzer Thermo Pads ULTRA SOFT 130-140/20/125мм, 1 шт. Полировальный термостойкий поролоновый чёрный круг ультра мягкий 5 kPa.;1;images/552313024882_1.png;https://static.tildacdn.com/stor3131-3037-4664-a531-663062663462/34796036.png
574945960322;Zvizzer Thermo Pads ULTRA HARD 130-140/20/125мм, 1 шт. Полировальный термостойкий поролоновый серый круг ультра жёсткий 25 kPa.;1;images/574945960322_1.png;https://static.tildacdn.com/stor6333-3361-4663-b532-653763396231/49931915.png
261825038222;Zvizzer Thermo Hybrid 90/15/80мм Полировальный гибридный круг из натурального и искусственного меха на полутвёрдом Termo поролоне с липучкой.;1;images/261825038222_1.png;https://static.tildacdn.com/stor6333-3462-4632-b465-306562316336/41942115.png
534759504782;Меховой круг Doodle WoolPad 80/15/80мм, белый, ворс 5мм;1;images/534759504782_1.png;https://static.tildacdn.com/stor3832-6238-4038-a335-363035353662/45512645.png
745176363072;Поролоновый полировальный круг 150мм\25мм Zvizzer Standart Pad - очень жёсткий;1;images/745176363072_1.png;https://static.tildacdn.com/stor3034-6566-4538-a539-333137663438/39112303.png
455809822362;Поролоновый полировальный круг 76мм\12мм Zvizzer Standart Pad - очень жёсткий;1;images/455809822362_1.jpg;https://static.tildacdn.com/stor3633-3632-4330-a335-633664386533/44241925.jpg
262066210452;Поролоновый полировальный круг 76/12 mm Zvizzer Standart Pad - ультра мягкий;1;images/262066210452_1.jpg;https://static.tildacdn.com/stor6632-6464-4064-b432-656630343366/78370362.jpg
528524911992;Поролоновый полировальный круг 76мм\20мм Zvizzer Standart Pad - средней жёсткости;1;images/528524911992_1.jpg;https://static.tildacdn.com/stor6161-3366-4634-b465-306537396231/44111237.jpg
740154292352;Кисть для детейлинга - White Classic #S MaxShine, 21,5 см, диаметр 2,15 см, мягкая PET щетина,;1;images/740154292352_1.webp;https://static.tildacdn.com/stor6561-3736-4237-a339-333634376438/30677293.webp
289592481092;Кисть для детейлинга - White Classic #M MaxShine, 22,5 см, диаметр 2,55 см, мягкая PET щетина,;1;images/289592481092_1.webp;https://static.tildacdn.com/stor6430-6566-4934-a432-303262613936/30251614.webp
641589985242;Кисть для детейлинга - White Classic #L MaxShine, 22,5 см, диаметр 2,8 см, мягкая PET щетина,;1;images/641589985242_1.webp;https://static.tildacdn.com/stor3064-3061-4864-b133-653863316138/39243980.webp
727017334792;Кисть для детейлинга - Black Classic #S MaxShine, 21,5 см, диаметр 2,15 см, мягкая PET щетина,;1;images/727017334792_1.webp;https://static.tildacdn.com/stor3264-3834-4633-a361-623831623937/23304197.webp
340220818512;Кисть для детейлинга - Black Classic #M MaxShine, 22,5 см, диаметр 2,55 см, мягкая PET щетина,;1;images/340220818512_1.webp;https://static.tildacdn.com/stor3766-3066-4137-b838-613039326330/68371346.webp
214396998072;Кисть для детейлинга - Black Classic #L MaxShine, 22,5 см, диаметр 2,8 см, мягкая PET щетина,;1;images/214396998072_1.webp;https://static.tildacdn.com/stor3635-6565-4466-a330-323832333466/41903167.webp
709845367852;Кисть для детейлинга - Щетина кабана #S MaxShine, 21,5 см, диаметр 2,15 см;1;images/709845367852_1.webp;https://static.tildacdn.com/stor6233-6133-4538-b861-346562303764/52102910.webp
356518962002;Кисть для детейлинга - Щетина кабана #M MaxShine, 22,5 см, диаметр 2,55 см;1;images/356518962002_1.webp;https://static.tildacdn.com/stor3435-3534-4562-a536-343133633561/35302538.webp
221143728242;Кисть для детейлинга - Щетина кабана #L MaxShine, 22,5 см, диаметр 2,8 см;1;images/221143728242_1.webp;https://static.tildacdn.com/stor6432-6639-4433-b139-613439363731/25777434.webp
232278542932;Кисть для детейлинга - Ultra Soft #S MaxShine, 21,5 см, диаметр 2,15 см, ультра-мягкая щетина,;1;images/232278542932_1.webp;https://static.tildacdn.com/stor6161-3436-4331-b231-303861656139/30510789.webp
250681078942;Кисть для детейлинга - Ultra Soft #M MaxShine, 22,5 см, диаметр 2,55 см, ультра-мягкая щетина,;1;images/250681078942_1.webp;https://static.tildacdn.com/stor6161-3436-4331-b231-303861656139/30510789.webp
422826611092;Кисть для детейлинга - Ultra Soft #L MaxShine, 22,5 см, диаметр 2,8 см, ультра мягкая щетина;1;images/422826611092_1.webp;https://static.tildacdn.com/stor6433-3366-4532-a562-306133633033/93605485.webp
501980116782;Набор кистей средней жесткости, 3 шт MaxShine, диаметр 25/30/40 мм, щетина кабана;1;images/501980116782_1.webp;https://static.tildacdn.com/stor3832-6136-4566-b765-383563623234/77602772.webp
615232734022;Мини Щетка для удаления шерсти животных MaxShine, 103*3,5 мм,;1;images/615232734022_1.webp;https://static.tildacdn.com/stor3135-3135-4730-b936-396336326639/19557422.webp
472929809712;Щетка с натуральной щетиной MaxShine, 12*3,8*3 см, конский волос,;1;images/472929809712_1.webp;https://static.tildacdn.com/stor3837-3235-4132-b638-666432306662/57466767.webp
522309163022;Щетка электростатическая для удаления шерсти и волос MaxShine, 16*6*9 см,;1;images/522309163022_1.webp;https://static.tildacdn.com/stor6664-6234-4838-b532-366136633236/26384379.webp
986711291882;Щетка для чистки кожи и алькантары, MaxShine, 12*4*3 см, мягкая нейлоновая щетина;1;images/986711291882_1.webp;https://static.tildacdn.com/stor6133-3535-4434-b938-663035333134/58345709.webp
474844900062;Щетка для кожи и текстиля из щетины кабана (+нейлон) MaxShine, 9,5*3,2 см;1;images/474844900062_1.webp;https://static.tildacdn.com/stor3262-3632-4736-b739-666233636632/68889814.webp
215278775072;Щетка с натуральной щетиной большая MaxShine, 17*5,5*3,8 см, конский волос;1;images/215278775072_1.webp;https://static.tildacdn.com/stor3862-6230-4135-b331-393365646665/96154568.webp
587537981202;"Щетка для детейлинга ультра-мягкая, ""призма"" MaxShine, 58*36*44 мм";1;images/587537981202_1.webp;https://static.tildacdn.com/stor3231-6630-4133-a136-353437343434/63292386.webp
912505879782;Щетка для дрели, жесткая, 125 мм MaxShine;1;images/912505879782_1.webp;https://static.tildacdn.com/stor6464-6663-4561-b130-376330313565/98442732.webp
668576150842;Щетка (ершик) для чистки колесных дисков, 45см MaxShine, рабочая часть 25 см;1;images/668576150842_1.webp;https://static.tildacdn.com/stor6138-6663-4635-b365-643231366563/73317215.webp
306317920352;Щетка обрезиненная с длинной ручкой, щетина средней жесткости PET+PP MaxShine, 52*7,2*7,5 см;1;images/306317920352_1.webp;https://static.tildacdn.com/stor3730-3836-4734-b166-613364383931/94038731.webp
225740417012;Щетка (ершик) для чистки колесных дисков, 40см MaxShine, рабочая часть 15 см;1;images/225740417012_1.webp;https://static.tildacdn.com/stor3563-3434-4661-a534-393933373935/46894413.webp
961196512102;Щетка обрезиненная, щетина средней жесткости PET+PP MaxShine, 27*7,2*7,5 см;1;images/961196512102_1.webp;https://static.tildacdn.com/stor6662-6164-4337-b763-383136323866/22846931.webp
280864896262;Щетка из меха для колесных дисков, комплект 3 шт MaxShine, длина 30, 40, 45 см;1;images/280864896262_1.webp;https://static.tildacdn.com/stor3364-3632-4432-a332-656635343230/64327662.webp
464364859442;Щетка из шерсти для колесных дисков MaxShine предназначена для очистки дисков и элементов кузова от грязи и тормозной пыли, без нанесения повреждений 100% натуральная овчина Набор 3 щетки разной длины: 35 см 40 см 45 см Ультрамягкая Антистатическая Химстойкая;1;images/464364859442_1.webp;https://static.tildacdn.com/stor6230-3339-4763-b534-376464613963/10126849.webp
423533330422;Кисть средней жесткости из натуральной щетины, диаметр 18 мм MaxShine, длина 22,5 см, щетина кабана;1;images/423533330422_1.webp;https://static.tildacdn.com/stor3561-6662-4437-a135-663837343562/76376386.webp
551642909812;Кисть для детейлинга, искусственная щетина 22мм LERATON SOFT SYNTHETIC DETAILING BRUSH;1;images/551642909812_1.png;https://static.tildacdn.com/stor6633-3266-4934-b539-626365626362/27822594.png
166498008962;Кисть для детейлинга, искусственная щетина 27мм LERATON SOFT SYNTHETIC DETAILING BRUSH DBR3;1;images/166498008962_1.png;https://static.tildacdn.com/stor3836-6534-4330-a335-326631616238/82305068.png
288032659802;Кисть для детейлинга, искусственная щетина 35мм LERATON SOFT SYNTHETIC DETAILING BRUSH DBR4;1;images/288032659802_1.png;https://static.tildacdn.com/stor6235-6565-4863-b839-386436353761/71695753.png
534087436942;Кисть для детейлинга, натуральная щетина 22мм LERATON NATURAL BRISTLE DETAILING BRUSH DBR6;1;images/534087436942_1.png;https://static.tildacdn.com/stor6337-6139-4463-a264-333032343234/74010538.png
585499720462;Кисть для детейлинга, натуральная щетина 27мм LERATON NATURAL BRISTLE DETAILING BRUSH DBR7;1;images/585499720462_1.png;https://static.tildacdn.com/stor3736-6366-4630-b165-663936306363/16516238.png
916509297442;Кисть для детейлинга, натуральная щетина 35мм LERATON NATURAL BRISTLE DETAILING BRUSH DBR8;1;images/916509297442_1.png;https://static.tildacdn.com/stor6332-3866-4038-a665-323131386466/45777835.png
559941176082;Кисть для детейлинга, косметическая щетина 22мм LERATON ULTRASOFT COSMETIC BRUSH DBR10;1;images/559941176082_1.png;https://static.tildacdn.com/stor3963-3132-4262-a130-353235363665/69794052.png
853580590462;Кисть для детейлинга, косметическая щетина 27мм LERATON ULTRASOFT COSMETIC BRUSH DBR11;1;images/853580590462_1.png;https://static.tildacdn.com/stor3338-3062-4435-b936-326535643135/13718001.png
260626740192;Кисть для детейлинга, косметическая щетина 35мм LERATON ULTRASOFT COSMETIC BRUSH DBR12;1;images/260626740192_1.png;https://static.tildacdn.com/stor6636-6334-4232-a539-373063393462/85906975.png
165653908922;MA-FRA PENNELLO BRUSH RED №16 (30 MM) кисть детейлера с красной щетиной из PBT для мойки и химчистки. MA-FRA, Италия A0432;1;images/165653908922_1.png;https://static.tildacdn.com/stor3764-3365-4466-a363-386331663530/25507752.png
769082217352;Кисть для детейлинга BUFF BROTHERS BRUSH BROTHER 18;1;images/769082217352_1.png;https://static.tildacdn.com/stor3466-3937-4031-a461-633133363661/98611423.png
663951908112;Кисть для детейлинга BUFF BROTHERS BRUSH BROTHER 28;1;images/663951908112_1.png;https://static.tildacdn.com/stor6266-3635-4264-b566-646334386333/28821395.png
951618342942;Кисть для детейлинга BUFF BROTHERS BRUSH BROTHER 38;1;images/951618342942_1.png;https://static.tildacdn.com/stor3262-6639-4661-b335-373037346235/78458730.png
922843447862;Кисть для детейлинга BUFF BROTHERS PREMIUM BRUSH BROTHER;1;images/922843447862_1.png;https://static.tildacdn.com/stor6439-3338-4835-a332-623333313362/54929933.png
534665520272;Кисть для детейлинга из пластика с мягким искусственным ворсом (160 мм, ворс 45 мм), Smart Open;1;images/534665520272_1.jpg;https://static.tildacdn.com/stor6166-3063-4665-b930-353037376362/51810372.jpg
402170403042;(Smart Open) Кисть моторная для детейлинга с искуственной щетиной, длина 24 см;1;images/402170403042_1.jpg;https://static.tildacdn.com/stor3936-6339-4133-b662-626261633666/39008848.jpg
423217414152;Микрофибровый ершик для чистки дисков средний WW2, Leraton;1;images/423217414152_1.png;https://static.tildacdn.com/stor3662-3733-4761-b635-653465393539/64078003.png
647858177242;Ершик для чистки дисков (широкий) LERATON WHEEL BRUSH WB1;1;images/647858177242_1.png;https://static.tildacdn.com/stor3636-3539-4034-b737-323165333837/43476447.png
310045966502;Гибкий ершик для чистки дисков (конусный) LERATON WHEEL BRUSH WB2;1;images/310045966502_1.png;https://static.tildacdn.com/stor6136-3633-4230-a334-386366343539/67260294.png
644475312222;Щетка обрезиненная, мягкая щетина PET+PBT MaxShine, 27*7,2*7,5 см;1;images/644475312222_1.webp;https://static.tildacdn.com/stor6161-3662-4137-b638-306539633431/68244813.webp
889687101092;Щетка из щетины кабана большая LERATON BOAR BRISTLE BRUSH L BR6;1;images/889687101092_1.png;https://static.tildacdn.com/stor3062-3635-4664-a637-376335326430/cbd60fc645086e92c2b8ddc60a1090b6.png
256790545042;Щетка из щетины кабана малая LERATON BOAR BRISTLE BRUSH S BR4;1;images/256790545042_1.png;https://static.tildacdn.com/stor3536-3364-4339-a565-326365643533/72110192.png
496269514812;Щетка для чистки текстиля с креплением для дрели, мягкая LERATON SDB (DBL;1;images/496269514812_1.png;https://static.tildacdn.com/stor6165-3936-4636-b332-373764653463/31695524.png
555916419942;Комплект из 3х щеток для чистки с креплением для дрели LERATON DBS;1;images/555916419942_1.png;https://static.tildacdn.com/stor6666-3666-4864-a136-663535663438/27734169.png
409292358432;Мини щетка односторонняя мягкая, белая щетина LERATON SOFT MINI BRUSH BR15;1;images/409292358432_1.png;https://static.tildacdn.com/stor3231-6465-4230-a534-636266383837/56284878.png
215640464402;Мини щетка односторонняя жесткая, черная щетина LERATON HARD MINI BRUSH BR14;1;images/215640464402_1.png;https://static.tildacdn.com/stor6632-3966-4230-a636-613233393930/64116403.png
205573203802;Мини щетка двухсторонняя жесткая, черная щетина LERATON DOUBLE SIDE HARD MINI BRUSH BR16;1;images/205573203802_1.png;https://static.tildacdn.com/stor3965-6165-4766-a139-663139656535/33538781.png
616820047112;Мини щетка двухсторонняя мягкая, белая щетина LERATON DOUBLE SIDE SOFT MINI BRUSH BR17;1;images/616820047112_1.png;https://static.tildacdn.com/stor6536-3063-4562-a163-373933316634/97925521.png
574898992562;Мягкая щетка для ухода за интерьером LERATON INTERIOR SOFT BRUSH BRS;1;images/574898992562_1.png;https://static.tildacdn.com/stor3533-3631-4731-a535-343064333338/81496266.png
243410449662;Малая щетка для чистки кожи из натуральной щетины кабана LERATON BRM;1;images/243410449662_1.png;https://static.tildacdn.com/stor3562-3437-4030-a636-393562636463/83353244.png
112886791362;Foam Heroes Wheely Mate Flat плоский ершик из микрофибры для мойки колёсных дисков, 42см;1;images/112886791362_1.webp;https://static.tildacdn.com/stor3930-6339-4162-a435-356164633732/60623547.webp
177342138092;Foam Heroes Wheel Brush mini ершик для чистки дисков;1;images/177342138092_1.webp;https://static.tildacdn.com/stor3735-3539-4331-b132-623662373936/66245811.webp
119553523272;Foam Heroes Wheel Brush ершик для чистки дисков, 46см;1;images/119553523272_1.webp;https://static.tildacdn.com/stor6230-3539-4831-b463-653165303537/73942575.webp
574339363932;Foam Heroes Natural Boar's Hair Brush щетка для очистки кожи, 10.2x5.5см;1;images/574339363932_1.webp;https://static.tildacdn.com/stor6430-3738-4231-b665-393936353161/83171263.webp
833662761062;FIREBALL Nappa Brush щетка для чистки кожи, 12х6х3см;1;images/833662761062_1.webp;https://static.tildacdn.com/stor3963-6265-4761-b137-356337353131/77437754.webp
943132168792;Shine Systems Pad Cleaning Brush щетка для чистки полировальных кругов;1;images/943132168792_1.webp;https://static.tildacdn.com/stor3936-6434-4062-b036-336162376232/20699044.webp
752438722552;Foam Heroes Natural Boar's Hair Brush щетка для очистки кожи, 15.8x3.3см;1;images/752438722552_1.webp;https://static.tildacdn.com/stor3735-3335-4338-b836-623839306365/48956111.webp
922781701992;Микрофибра двухсторонняя 40x40, 400 gsm, без краев, черная A302 Microfibre Cloth Black;1;images/922781701992_1.jpg;https://static.tildacdn.com/stor6531-6266-4561-a263-363438333937/52304736.jpg
781911922132;Плюшевая микрофибра EXTRA 40x40, 500 г/м² двухсторонняя без краев черная А302 EXTRA MICROFIBRE CLOTH;1;images/781911922132_1.jpg;https://static.tildacdn.com/stor6132-3161-4465-a566-326137613062/65112001.jpg
353767671192;Набор кистей для детейлинга, натуральная щетина (16, 22, 27, 35мм) LERATON NATURAL BRISTLE DETAILING BRUSH SET DBRNS;1;images/353767671192_1.png;https://static.tildacdn.com/stor3635-3932-4632-b638-356264396562/74728917.png
986804512302;Набор кистей для детейлинга, косметическая щетина (16, 22, 27, 35мм) LERATON ULTRASOFT COSMETIC BRUSH SET DBRCS;1;images/986804512302_1.png;https://static.tildacdn.com/stor3736-6562-4534-b630-663734386533/98060495.png
987764606182;Dry Monster Голубая супер мягкая микрофибра ультразвук. обрезка 40х40см 420гр/м;1;images/987764606182_1.png;https://static.tildacdn.com/stor3737-6139-4234-b062-336232303564/25134644.png
173375708572;Вафельная микрофибра BUFF BROTHERS WAFFLE BROTHER 40x40;1;images/173375708572_1.png;https://static.tildacdn.com/stor3261-3931-4930-a139-366362313864/94357415.png
559511815952;Dry Monster Микрофибры для аппликатора 10x13см;1;images/559511815952_1.jpg;https://static.tildacdn.com/stor6262-3864-4933-a530-373137616638/41889595.jpg
604301916772;FIREBALL Салфетка для нанесения составов 10х10см (2 шт) FB-SAC-2P;1;images/604301916772_1.jpg;https://static.tildacdn.com/stor3436-3535-4431-b436-663036643566/23626920.jpg
248242053922;Микрофибра для нанесения защитных составов LERATON SUEDE COATING MICROFIBER MFC10 10x10 (10 шт. в упаковке);1;images/248242053922_1.png;https://static.tildacdn.com/stor6664-3136-4436-a334-643562643537/44647471.png
479849197152;Микрофибра для нанесения защитных составов LERATON SUEDE COATING MICROFIBER MFC 10x10;1;images/479849197152_1.png;https://static.tildacdn.com/stor3534-3935-4665-a233-376364653666/52100366.png
488266038822;Smart Open Супер впитывающая микрофибра для сушки кузова 510 г/м2 Big Fiber Max 80x60;1;images/488266038822_1.png;https://static.tildacdn.com/stor3833-6564-4931-b731-666432616666/49905300.png
146338216652;Dry Monster Коричневая микрофибра для сушки с оверлоком 560gsm 50x60см;1;images/146338216652_1.png;https://static.tildacdn.com/stor3336-6635-4234-b030-633764653861/23721648.png
712088049782;Dry Monster Синяя микрофибра для сушки с оверлоком 560gsm 50x60см;1;images/712088049782_1.png;https://static.tildacdn.com/stor3839-6462-4164-b530-306265366534/67579440.png
841678256792;Dry Monster Серая микрофибра для сушки с оверлоком 560gsm 50x60см;1;images/841678256792_1.png;https://static.tildacdn.com/stor3238-3537-4230-a637-363730373036/97108838.png
710736717332;Dry Monster Коричневая микрофибра для сушки с оверлоком 560gsm 55x75см;1;images/710736717332_1.png;https://static.tildacdn.com/stor3336-6635-4234-b030-633764653861/23721648.png
478747984572;Dry Monster Синяя микрофибра для сушки с оверлоком 560gsm 55x75см;1;images/478747984572_1.png;https://static.tildacdn.com/stor3839-6462-4164-b530-306265366534/67579440.png
239006016602;Dry Monster Серая микрофибра для сушки с оверлоком 560gsm 55x75см;1;images/239006016602_1.png;https://static.tildacdn.com/stor3238-3537-4230-a637-363730373036/97108838.png
491145181082;Dry Monster Голубая микрофибра с коротким плотным ворсом (серый оверлок) COSMO 300gsm 40х40см;1;images/491145181082_1.png;https://static.tildacdn.com/stor3139-3262-4335-b762-666131336634/30478704.png
827433176742;Dry Monster Big Waffle Grey микрофибра вафельная 35х40 300гр;1;images/827433176742_1.webp;https://static.tildacdn.com/stor3964-3164-4862-b164-363262376431/43485881.webp
188033648912;Dry Monster Микрофибры универсальные Terry King (6шт) 35х35см 270gsm;1;images/188033648912_1.jpg;https://static.tildacdn.com/stor6335-3163-4338-a135-323865643830/22318645.jpg
707973892982;Микрофибра для стекла Dry Monster DM3540 Glass Diamond;1;images/707973892982_1.jpg;https://static.tildacdn.com/stor3162-3664-4437-a139-383563303565/23355493.jpg
895468524002;DRY MONSTER Big Monster Towel (Sea Blue) Микрофибра для сушки длинная крученая петля синяя 45х70см 650gsm;1;images/895468524002_1.webp;https://static.tildacdn.com/stor3862-3233-4736-a665-666233666531/12182134.webp
661592084952;DRY MONSTER Big Monster Towel (Green) Микрофибра для сушки длинная крученая петля зеленая 45х70см 650gsm;1;images/661592084952_1.webp;https://static.tildacdn.com/stor3331-6437-4537-a365-393134376561/18616642.webp
683335066002;DRY MONSTER Big Monster Towel (Blue) Микрофибра для сушки длинная крученая петля голубая 45х70см 650gsm;1;images/683335066002_1.png;https://static.tildacdn.com/stor6638-6138-4838-a234-346166616235/82936284.png
244464392642;Шерстяной полировальный круг 150 мм MaxShine режущий, стриженный мех;1;images/244464392642_1.png;https://static.tildacdn.com/stor6162-3131-4634-b434-623762333063/48525408.png
449236331232;Шерстяной полировальный круг 125 мм MaxShine режущий, стриженный мех;1;images/449236331232_1.png;https://static.tildacdn.com/stor3037-6239-4434-b636-306361363635/50580057.png
743328693352;Шерстяной полировальный круг 75 мм MaxShine режущий, стриженный мех;1;images/743328693352_1.png;https://static.tildacdn.com/stor6238-3964-4636-b965-373865356130/80531298.png
859426747582;Меховой полировальный круг 150 мм MaxShine, длинный мех;1;images/859426747582_1.png;https://static.tildacdn.com/stor3233-6163-4266-b865-333634356465/90122973.png
234968882722;Меховой полировальный круг 125 мм MaxShine, длинный мех;1;images/234968882722_1.png;https://static.tildacdn.com/stor3233-6163-4266-b865-333634356465/90122973.png
968272692602;Меховой полировальный круг 75 мм MaxShine, длинный мех;1;images/968272692602_1.png;https://static.tildacdn.com/stor3034-3066-4430-b665-333433393636/79363573.png
265635894082;Полировальный круг из искусственного меха 150 мм MaxShine, режущий, микрофибра;1;images/265635894082_1.png;https://static.tildacdn.com/stor3863-6363-4433-a233-656336313537/57803980.png
422493599452;Полировальный круг из искусственного меха 130 мм MaxShine, режущий, микрофибра;1;images/422493599452_1.png;https://static.tildacdn.com/stor3863-6363-4433-a233-656336313537/57803980.png
932102819022;Полировальный круг из искусственного меха 80 мм MaxShine, режущий, микрофибра;1;images/932102819022_1.png;https://static.tildacdn.com/stor3863-6363-4433-a233-656336313537/57803980.png
515825970512;Микрофибровый режущий круг 155мм MaxShine;1;images/515825970512_1.png;https://static.tildacdn.com/stor3931-6265-4630-a661-613339376264/47049998.png
802530995472;Микрофибровый режущий круг 130 мм MaxShine;1;images/802530995472_1.png;https://static.tildacdn.com/stor3931-6265-4630-a661-613339376264/47049998.png
764076010882;Микрофибровый режущий круг 80 мм MaxShine;1;images/764076010882_1.png;https://static.tildacdn.com/stor3733-3938-4035-b366-646432353232/95367599.png
518322114862;Меховой полировальный круг 150 мм без подложки MaxShine, длинный мех;1;images/518322114862_1.png;https://static.tildacdn.com/stor3230-3065-4334-b062-623666393162/66604414.png
140441489112;MaxShine Premium Wool Cutting Pad - 6 Inch, длинный мех, тонкий поролон;1;images/140441489112_1.png;https://static.tildacdn.com/stor6363-6233-4834-a562-306138616639/39814780.png
274826020572;MaxShine Premium Wool Cutting Pad - 5 Inch, длинный мех, тонкий поролон;1;images/274826020572_1.png;https://static.tildacdn.com/stor3237-3431-4161-a466-333531373331/39836644.png
829104653562;MaxShine Premium Wool Cutting Pad - 3 Inch, длинный мех, тонкий поролон;1;images/829104653562_1.png;https://static.tildacdn.com/stor3536-6430-4139-b632-303834656266/41000640.png
913053237492;High Pro Поролоновый полировальный круг MaxShine, 155-175*30 мм, сильно режущий твердый, зеленый;1;images/913053237492_1.png;https://static.tildacdn.com/stor3662-6437-4534-a230-613332653066/45244570.png
147199361632;Low pro Поролоновый полировальный круг MaxShine, 150-170*20 мм, режущий жесткий, зеленый;1;images/147199361632_1.png;https://static.tildacdn.com/stor6666-3533-4262-b664-376630363635/97959503.png
784936180782;Поролоновый полировальный круг сильно режущий очень жесткий зеленый 150-165*20 мм MaxShine;1;images/784936180782_1.png;https://static.tildacdn.com/stor3439-3361-4762-b434-373664343938/73143564.png
324260661172;High pro Поролоновый полировальный круг MaxShine, 130-155*30 мм, сильно режущий твердый, зеленый;1;images/324260661172_1.png;https://static.tildacdn.com/stor3662-6437-4534-a230-613332653066/45244570.png
358859137712;Low pro Поролоновый полировальный круг режущий жесткий зеленый 125-148x20мм;1;images/358859137712_1.png;https://static.tildacdn.com/stor6666-3533-4262-b664-376630363635/97959503.png
188835127582;Поролоновый полировальный круг сильно режущий очень жесткий зеленый 130-150*20 мм MaxShine;1;images/188835127582_1.png;https://static.tildacdn.com/stor3439-3361-4762-b434-373664343938/73143564.png
588462783382;Поролоновый полировальный круг полировочный средний желтый 150-165*20 мм MaxShine;1;images/588462783382_1.png;https://static.tildacdn.com/stor3931-3232-4639-b531-376565323036/80496317.png
710467645662;Low pro Поролоновый полировальный круг MaxShine, 150-170*20 мм, полирующий средний, желтый;1;images/710467645662_1.png;https://static.tildacdn.com/stor3731-3539-4361-a232-666565636438/75002066.png
449658468102;High Pro Поролоновый полировальный круг MaxShine, 155-175*30 мм, полирующий мягкий, желтый;1;images/449658468102_1.png;https://static.tildacdn.com/stor6164-3935-4631-b231-373266626439/83352244.png
906955804982;High pro Поролоновый полировальный круг MaxShine, 130-155*30 мм, полирующий мягкий, желтый;1;images/906955804982_1.png;https://static.tildacdn.com/stor6164-3935-4631-b231-373266626439/83352244.png
684104929882;Low pro Поролоновый полировальный круг MaxShine, 125-148*20 мм, полировочный средний, желтый;1;images/684104929882_1.png;https://static.tildacdn.com/stor3731-3539-4361-a232-666565636438/75002066.png
881559852802;Поролоновый полировальный круг полировочный средний желтый 130-150*20 мм MaxShine;1;images/881559852802_1.png;https://static.tildacdn.com/stor3931-3232-4639-b531-376565323036/80496317.png
551582794462;High pro Поролоновый полировальный круг MaxShine, 155-175*30 мм, средний полутвердый, синий;1;images/551582794462_1.png;https://static.tildacdn.com/stor3065-3638-4262-b662-303066656361/61755371.png
123181795972;Поролоновый полировальный круг режущий жесткий Синий 150-165*20 мм MaxShine;1;images/123181795972_1.png;https://static.tildacdn.com/stor3434-6438-4563-b863-626338626461/68029113.png
435351814782;High pro Поролоновый полировальный круг MaxShine, 130-155*30 мм, средний полутвердый, синий;1;images/435351814782_1.png;https://static.tildacdn.com/stor3634-3339-4937-b633-666431363565/76448172.png
664927607742;Поролоновый полировальный круг режущий полутвердый Синий 130-150*20 мм MaxShine;1;images/664927607742_1.png;https://static.tildacdn.com/stor3434-6438-4563-b863-626338626461/68029113.png
928955351762;Поролоновый полировальный круг финишный мягкий красный 150-165*20 мм MaxShine;1;images/928955351762_1.png;https://static.tildacdn.com/stor6164-6466-4338-a564-336539656138/78911224.png
119146338382;Low pro Поролоновый полировальный круг MaxShine, 150-170*20 мм, финишный мягкий, красный;1;images/119146338382_1.png;https://static.tildacdn.com/stor3036-3938-4330-b935-646638653334/12655062.png
158935601002;High Pro Поролоновый полировальный круг MaxShine, 155-175*30 мм, финишный ультра-мягкий, красный;1;images/158935601002_1.png;https://static.tildacdn.com/stor6462-6539-4735-b239-356365643962/97799702.png
387855246822;Поролоновый полировальный круг финишный мягкий красный 130-150*20 мм MaxShine;1;images/387855246822_1.png;https://static.tildacdn.com/stor3833-3236-4731-a330-306237623763/86367414.png
600358026582;Low pro Поролоновый полировальный круг MaxShine, 125-148*20 мм, финишный мягкий, красный;1;images/600358026582_1.png;https://static.tildacdn.com/stor3036-3938-4330-b935-646638653334/12655062.png
910683451002;High pro Поролоновый полировальный круг MaxShine, 130-155*30 мм, финишный ультра-мягкий, красный;1;images/910683451002_1.png;https://static.tildacdn.com/stor6462-6539-4735-b239-356365643962/97799702.png
383613066892;Flat Поролоновый полировальный круг режущий жесткий зеленый 130*25 мм MaxShine;1;images/383613066892_1.png;https://static.tildacdn.com/stor6438-3462-4039-b338-663466613262/13863369.png
361483411372;Поролоновый полировальный круг режущий жесткий зеленый 75-85x25мм, скругленный край MaxShine;1;images/361483411372_1.png;https://static.tildacdn.com/stor3431-3034-4333-b963-383836323334/39269918.png
136500605132;Flat Поролоновый полировальный круг полирующий мягкий желтый 130*25 мм MaxShine;1;images/136500605132_1.png;https://static.tildacdn.com/stor3565-6633-4161-b431-616661393263/68737112.png
790497641832;Flat Поролоновый полировальный круг финишный очень мягкий красный 130*25 мм MaxShine;1;images/790497641832_1.png;https://static.tildacdn.com/stor6562-6463-4636-b539-326633323639/12962786.png
618276945512;Поролоновый полировальный круг финишный мягкий красный 75-85*25мм, скругленный край MaxShine;1;images/618276945512_1.png;https://static.tildacdn.com/stor3635-3139-4134-b533-366635356138/19514147.png
385758555712;Поролоновый полировальный круг полировочный средний желтый 75-85*25мм, скругленный край MaxShine;1;images/385758555712_1.png;https://static.tildacdn.com/stor3938-3333-4531-b832-653663356165/43914095.png
338129446332;Универсальный поролоновый полировальный круг AIO MaxShine, 150-165*25 мм, волнистый;1;images/338129446332_1.png;https://static.tildacdn.com/stor3235-6238-4461-b766-303063373461/38184144.png
719449434192;"Подложка для эксцентриковой машинки 125мм (5"") MaxShine, резьба 5/16""-24 UNF";1;images/719449434192_1.png;https://static.tildacdn.com/stor3238-3262-4262-a638-636663643861/43695529.png
174367459932;"Подложка для эксцентриковой машинки 70 мм (3"") MaxShine, резьба 5/16""-24 UNF";1;images/174367459932_1.png;https://static.tildacdn.com/stor3961-3733-4234-a166-393161356338/91186851.png
746006368072;MaxShine Подложка для роторной полировальной машинки 75 мм (10 мм);1;images/746006368072_1.png;https://static.tildacdn.com/stor3937-3363-4564-b234-383561393664/57428892.png
245393918832;Подложка для роторной машинки 50 мм MaxShine, М14, толщина 22 мм, полиуретан;1;images/245393918832_1.png;https://static.tildacdn.com/stor6466-3261-4433-a631-386631643439/27750977.png
431942463212;Обезжириватель на спиртовой основе LERATON G8 473мл;1;images/431942463212_1.png;https://static.tildacdn.com/stor3934-6139-4431-b436-383561346662/74347167.png
925350549532;Обезжириватель-антисиликон на сольвентной основе LERATON G8S 473мл;1;images/925350549532_1.png;https://static.tildacdn.com/stor6261-3838-4036-b239-386633366439/37835286.png
785590345302;Smart Open Очиститель от жира, масла, силикона Degreaser 500мл;1;images/785590345302_1.png;https://static.tildacdn.com/stor3235-3930-4466-b536-666436636436/82815329.png
777232479662;Foam Heroes Easy Prep очиститель-обезжириватель на спиртовой основе, 500мл;1;images/777232479662_1.png;https://static.tildacdn.com/stor3163-6631-4261-a432-383930613938/48578348.png
338999502622;SONAX ProfiLine Paint Prepare cредство для подготовки поверхности к покраске, 400мл;1;images/338999502622_1.png;https://static.tildacdn.com/stor3134-6535-4164-a562-363231623530/73306109.png
895484068232;Foam Heroes Easy Prep очиститель-обезжириватель на спиртовой основе, 3л;1;images/895484068232_1.png;https://static.tildacdn.com/stor3830-3836-4164-a662-323439373439/47232279.png
719686355152;FIREBALL Обезжириватель кузова IPA Reborn 500мл;1;images/719686355152_1.png;https://static.tildacdn.com/stor3636-3065-4535-b932-623236376334/70018261.png
348571392202;CarPro Обезжириватель Eraser 500мл;1;images/348571392202_1.png;https://static.tildacdn.com/stor3836-3166-4137-b736-613332653037/27226507.png
510009031242;3D Обезжириватель Wipe 0,473мл;1;images/510009031242_1.png;https://static.tildacdn.com/stor3638-6532-4463-b339-383036393832/11661729.png
818432472202;Полироль MIRKA Polarshine E3 Glass Polishing Compound - 250ml;1;images/818432472202_1.png;https://static.tildacdn.com/stor3966-6134-4234-b332-313631336461/87511206.png
645139681562;Mirka Polarshine E3 полировальная паста для стекла, 1л.;1;images/645139681562_1.png;https://static.tildacdn.com/stor6630-6532-4262-b631-363736656439/92122571.png
117761211942;CarPro Паста для очистки и полировки стекла CeriGlass 500мл;1;images/117761211942_1.png;https://static.tildacdn.com/stor3535-3636-4230-a336-663465333337/68377338.png
241156478702;Шлифовальные круги Mirka Abralon Ø 150 мм P180;1;images/241156478702_1.png;https://static.tildacdn.com/stor6339-3362-4232-a135-383164393639/80867886.png
705736019962;Шлифовальные круги Mirka Abralon Ø 150 мм P360;1;images/705736019962_1.png;https://static.tildacdn.com/stor3538-6664-4965-b339-366164396536/55104308.png
743485613852;Шлифовальные круги Mirka Abralon Ø 150 мм P500;1;images/743485613852_1.png;https://static.tildacdn.com/stor3538-6664-4965-b339-366164396536/55104308.png
948049646172;Шлифовальные круги Mirka Abralon Ø 150 мм P600;1;images/948049646172_1.png;https://static.tildacdn.com/stor3538-6664-4965-b339-366164396536/55104308.png
797454548432;Шлифовальные круги Mirka Abralon Ø 150 мм P1000;1;images/797454548432_1.png;https://static.tildacdn.com/stor6339-3362-4232-a135-383164393639/80867886.png
480754288282;Шлифовальные круги Mirka Abralon Ø 150 мм P2000;1;images/480754288282_1.png;https://static.tildacdn.com/stor6339-3362-4232-a135-383164393639/80867886.png
814903474282;Шлифовальные круги Mirka Abralon Ø 150 мм P3000;1;images/814903474282_1.png;https://static.tildacdn.com/stor6339-3362-4232-a135-383164393639/80867886.png
494168360082;Шлифовальные круги Mirka Abralon Ø 150 мм P4000;1;images/494168360082_1.png;https://static.tildacdn.com/stor6339-3362-4232-a135-383164393639/80867886.png
531986858322;SANDWOX SUPERFINE FOAM p3000 150мм;1;images/531986858322_1.png;https://static.tildacdn.com/stor3463-6631-4433-a366-653162373330/77791614.png
779674439592;GYEON Адгезионный состав перед нанесением защитных покрытий (подложка) Q2M Prep 1000мл;1;images/779674439592_1.png;https://static.tildacdn.com/stor3466-6238-4238-b361-313130316331/56866451.png
796111179472;Sonax Жёсткий полировальный круг (красный) Polishing Sponge Red 160мм;1;images/796111179472_1.png;https://static.tildacdn.com/stor6239-6561-4761-b932-633333313032/56903396.png
762567537972;Sonax Твёрдый полировочный круг (красный) 143мм;1;images/762567537972_1.png;https://static.tildacdn.com/stor3338-6538-4432-b433-313331333937/65981750.png
398858421992;SONAX Полировальный круг чёрный супер мягкий 160мм;1;images/398858421992_1.png;https://static.tildacdn.com/stor6161-3063-4331-a235-346664306366/17127871.png
671220677362;GYEON Меховой полировальный круг режущий Rotary Wool Heavy Cut 130мм;1;images/671220677362_1.png;https://static.tildacdn.com/stor3734-3132-4762-a566-666535393939/84533542.png
340925714292;GYEON Меховой полировальный круг агрессивный Q2M Rotary Wool Cut 130мм;1;images/340925714292_1.png;https://static.tildacdn.com/stor6464-6234-4938-b666-343734303532/60936951.png
984400064862;GYEON Мягкий полировальный круг Q2M Eccentric Polish 125х145x20мм;1;images/984400064862_1.png;https://static.tildacdn.com/stor6336-3862-4735-b336-323834636564/99380293.png
827346717142;GYEON Особо твердый полировальный круг Q2M Eccentric Heavy Cut 125х145x20мм;1;images/827346717142_1.png;https://static.tildacdn.com/stor6264-6264-4636-b562-636164613565/50231271.png
557367122792;КРАСНЫЙ жесткий режущий полировальный круг ТРАПЕЦИЯ ZviZZer 90/25/80;1;images/557367122792_1.png;https://static.tildacdn.com/stor3539-6265-4032-b031-653039643533/58385817.png
344176715442;DRY MONSTER PREMIUM (Orange) Микрофибра для сушки двойная крученая петля оранжевая 50х60 700gsm;1;images/344176715442_1.png;https://static.tildacdn.com/stor6263-6363-4339-a232-343637383438/69489005.png
245554594012;DRY MONSTER PREMIUM (Green) Микрофибра для сушки двойная крученая петля зеленая 50х60 700gsm;1;images/245554594012_1.png;https://static.tildacdn.com/stor6631-3431-4537-b065-383032623636/94836870.png
595314964242;DRY MONSTER ПОЛОТЕНЦЕ 40*40 см микрофибра для сушки авто, цвет ЗЕЛЕНЫЙ;1;images/595314964242_1.png;https://static.tildacdn.com/stor6433-3766-4136-b761-303861666262/98803835.png
254570369312;: DRY MONSTER ПОЛОТЕНЦЕ 40*40 см микрофибра для сушки авто, цвет КОРАЛЛОВЫЙ;1;images/254570369312_1.png;https://static.tildacdn.com/stor6464-3037-4435-b762-346235333437/32190024.png
304250819912;"DRY MONSTER ПОЛОТЕНЦЕ 40*40 см ""Universal PREMIUM"" микрофибра для сушки авто, цвет БЕЖЕВЫЙ";1;images/304250819912_1.png;https://static.tildacdn.com/stor6435-3264-4866-b832-393130633163/20345971.png
216314326522;"DRY MONSTER ПОЛОТЕНЦЕ 40*40 см ""Universal PREMIUM"" микрофибра для сушки авто, цвет ЗЕЛЕНЫЙ";1;images/216314326522_1.png;https://static.tildacdn.com/stor6566-6561-4139-b331-376236633736/94232364.png
709289207782;"DRY MONSTER ПОЛОТЕНЦЕ 40*40 см ""Universal PREMIUM"" микрофибра для сушки авто, цвет СИНИЙ";1;images/709289207782_1.png;https://static.tildacdn.com/stor3263-3938-4231-a631-656631663837/13765132.png
216683768902;Dry Monster Big Waffle Blue микрофибра вафельная 35х40 300гр;1;images/216683768902_1.png;https://static.tildacdn.com/stor3233-3237-4637-a332-373662306537/41903925.png
509822695952;DRY MONSTER НАБОР полотенец из 3-х штук 35*40 см для стекол, 40*40 см для салона, 50*60 см Стандарт, цвет КОРАЛЛОВЫЙ, в упаковке;1;images/509822695952_1.png;https://static.tildacdn.com/stor3562-3065-4364-b764-376239663765/54331295.png
152758222942;DRY MONSTER НАБОР полотенец из 3-х штук 35*40 см для стекол, 40*40 см для салона, 50*60 см Стандарт, цвет ФИСТАШКОВЫЙ в упаковке;1;images/152758222942_1.png;https://static.tildacdn.com/stor3064-6234-4332-b639-626666313065/82214619.png
748910426092;"DRY MONSTER Салфетка 30*40 см ""Glass Diamond"" из микрофибры для стекол ""Рыбья чешуя"", цвет ГОЛУБОЙ /350";1;images/748910426092_1.png;https://static.tildacdn.com/stor6266-3264-4164-a537-313039663636/13218549.png
458946585092;"DRY MONSTER Салфетка 30*40 см ""Glass Diamond"" из микрофибры для стекол ""Рыбья чешуя"", цвет ОЛИВКОВЫЙ /350";1;images/458946585092_1.png;https://static.tildacdn.com/stor6232-3334-4530-b961-386130326465/62695430.png
592812083022;"DRY MONSTER Салфетка 30*40 см ""Glass Diamond"" из микрофибры для стекол ""Рыбья чешуя"", цвет СЕРЫЙ /350";1;images/592812083022_1.png;https://static.tildacdn.com/stor3539-3030-4837-a431-383061663436/58432072.png
228415049712;DRY MONSTER НАБОР ПОЛОТЕНЕЦ - САЛФЕТОК из 9-ти шт 35*35 см TERRY KING микрофибра (три цвета ЖЕЛ/СИН/ЗЕЛ) /40 9шт;1;images/228415049712_1.png;https://static.tildacdn.com/stor6239-6538-4238-a136-306239333636/77622687.png
705808252312;"DRY MONSTER ПОЛОТЕНЦЕ 50*80 см ""XXL STANDART"" - ДВУСТОРОНЕЕ ""Двойная Петля"" микрофибра для сушки авто, цвет ГОЛУБОЙ /30";1;images/705808252312_1.png;https://static.tildacdn.com/stor6435-3266-4337-a332-636631353732/88119640.png
883975517132;"DRY MONSTER ПОЛОТЕНЦЕ 50*80 см ""XXL STANDART"" - ДВУСТОРОНЕЕ ""Двойная Петля"" микрофибра для сушки авто, цвет КОРИЧНЕВЫЙ /30";1;images/883975517132_1.png;https://static.tildacdn.com/stor3638-6234-4662-b032-646362646532/74646608.png
883408314762;"DRY MONSTER ПОЛОТЕНЦЕ 50*80 см ""XXL STANDART"" - ДВУСТОРОНЕЕ ""Двойная Петля"" микрофибра для сушки авто, цвет СЕРЫЙ /30";1;images/883408314762_1.png;https://static.tildacdn.com/stor6331-6461-4330-a465-656439613664/10986980.png
297326789612;Микрофибра односторонняя без краев LERATON PURPLE HAZE MF9 40x40 400 гр/м2;1;images/297326789612_1.png;https://static.tildacdn.com/stor3239-3763-4139-b438-616535346565/15225099.png
509271548612;Микрофибра LERATON GREY STANDART MF8 40x40 300 гр/м2;1;images/509271548612_1.png;https://static.tildacdn.com/stor3862-6238-4662-b633-363930373937/61292970.png
881599609982;Универсальная микрофибра без краев LERATON BLACK PEARL MF14 40x40 300 гр/м2;1;images/881599609982_1.png;https://static.tildacdn.com/stor3931-6636-4565-b565-666630623133/63700332.png
489431575132;Универсальная микрофибра без краев LERATON TERRY JERRY MF13 40x40 320 гр/м2;1;images/489431575132_1.png;https://static.tildacdn.com/stor6132-3966-4561-a366-376362336338/49096026.png
132400130522;Плюшевая полировальная микрофибра LERATON BLACK JACK MF6 40x40 400 гр/м2;1;images/132400130522_1.png;https://static.tildacdn.com/stor3834-3233-4135-a533-663934616235/74183041.png
901419813762;Плюшевая полировальная микрофибра LERATON AQUA PLUSH MF5 40x40 500 гр/м2;1;images/901419813762_1.png;https://static.tildacdn.com/stor3062-6337-4166-a633-316131343334/21857055.png
144895867352;Комплект микрофибр из 6 штук LERATON WORK SET MFPS 37x37 280 гр/м2;1;images/144895867352_1.png;https://static.tildacdn.com/stor3537-6261-4131-a266-343064333232/41188009.png
475342008762;Комплект микрофибр из 9 штук LERATON WORK SET TERRY MFTS 35x35 280 гр/м2;1;images/475342008762_1.png;https://static.tildacdn.com/stor3931-6534-4361-b031-633038306238/16794184.png
768027360262;Комплект микрофибр из 9 штук LERATON WORK SET MFS 40x40 300 гр/м2;1;images/768027360262_1.png;https://static.tildacdn.com/stor3466-6433-4764-a631-386331343563/48783669.png
556819709872;Полировальная микрофибра без краев LERATON RED FURY MF4 40x40 600 гр/м2;1;images/556819709872_1.png;https://static.tildacdn.com/stor6530-3733-4534-b161-623665363131/98478469.png
708946896952;Комплект вафельных микрофибр для стекла LERATON MFWS WAFFLE SET 2 PCS 40x40 300 гр/м2;1;images/708946896952_1.png;https://static.tildacdn.com/stor3831-3065-4137-b836-656236626534/80855322.png
268422875892;Полировальная микрофибра LERATON GREY POLISH MF3 40x40 600 гр/м2;1;images/268422875892_1.png;https://static.tildacdn.com/stor3136-3337-4965-a232-326263393635/69423268.png
583610303302;Двухсторонняя микрофибра для сушки LERATON GREEN TWIST MF2 60x60 700 гр/м2;1;images/583610303302_1.png;https://static.tildacdn.com/stor3937-3536-4863-a564-323434623336/66135914.png
475935285462;Гибридная односторонняя микрофибра для сушки Leraton Hybrid Choco MF2HC 60x50;1;images/475935285462_1.png;https://static.tildacdn.com/stor3663-3561-4762-b765-666164383634/21562161.png
593298410562;Плюшевая микрофибра для сушки LERATON GREY MAMONTH MF1 70x50 1300 гр/м2;1;images/593298410562_1.png;https://static.tildacdn.com/stor3030-3161-4036-b733-376531376233/70361192.png
658925454382;Foam Heroes Terry Wipe универсальная двусторонняя микрофибра без оверлока 35х35см (9шт);1;images/658925454382_1.png;https://static.tildacdn.com/stor6138-6435-4138-b032-373465666535/61634752.png
525048875832;Foam Heroes Mr. Twister одностороннее полотенце для сушки автомобиля 60х80см, 1000г/м2;1;images/525048875832_1.png;https://static.tildacdn.com/stor3438-3532-4331-a330-616231383236/52419704.png
906490246002;Foam Heroes 2Sided Glass Mitt двусторонняя варежка для очистки стекол 17х23см, 440г/м2;1;images/906490246002_1.png;https://static.tildacdn.com/stor6466-3738-4033-b763-393338653539/99100535.png
187612757192;Foam Heroes Pearl Wipe универсальная микрофибра с двойным плетением 40х40см (3шт), 320г/м2;1;images/187612757192_1.png;https://static.tildacdn.com/stor6230-6534-4636-b436-656337363131/40086059.png
422524812902;Foam Heroes Ultra Glasser микрофибра для очистки стекол с новым вафельным плетением, 40х40см;1;images/422524812902_1.png;https://static.tildacdn.com/stor6364-3135-4638-a333-353137383734/99057652.png
169300133132;Foam Heroes Ultra Glasser микрофибра для очистки стекол с новым вафельным плетением, 60х40см;1;images/169300133132_1.png;https://static.tildacdn.com/stor3533-3661-4233-a661-373566623134/84695557.png
117276461122;Foam Heroes Fancy Glancy микрофибра для очистки стекол с особым плетением 40х40см, 560г/м2;1;images/117276461122_1.png;https://static.tildacdn.com/stor3465-3764-4532-a261-306462386432/61240140.png
210578314362;Foam Heroes The Collector mini двухстороннее полотенце для сушки автомобиля 40х40см, 1100г/м2;1;images/210578314362_1.png;https://static.tildacdn.com/stor3261-6334-4038-b636-323461303537/51854882.png
635528696172;Foam Heroes Plush Wipe плюшевая микрофибра для располировки составов 40х40см, 550г/м2;1;images/635528696172_1.png;https://static.tildacdn.com/stor3335-6639-4861-b737-326461333732/53571469.png
364332842602;Foam Heroes Long Short универсальная разносторонняя микрофибра 40х40см, 420г/м2;1;images/364332842602_1.png;https://static.tildacdn.com/stor3335-6435-4366-a237-623439613638/67113160.png
752708276472;Foam Heroes Buff Plush универсальная микрофибра для располировки составов, 40х40см, 1200г/м2;1;images/752708276472_1.png;https://static.tildacdn.com/stor3665-3465-4964-b537-376138396166/77625614.png
425014474472;Foam Heroes Универсальная разносторонняя микрофибра 3 шт Long Short 40х40см 350г/м2;1;images/425014474472_1.png;https://static.tildacdn.com/stor6466-3163-4235-b330-383265323333/92596340.png
863737990452;FIREBALL Микрофибра для сушки Pin Drying Towel XL 620gsm 72*95;1;images/863737990452_1.png;https://static.tildacdn.com/stor6435-3230-4530-b861-376531633133/78765529.png
894689559992;FIREBALL Двухсторонняя Микрофибра для сушки Double-sided Drying Towel 86*73 1200gsm;1;images/894689559992_1.png;https://static.tildacdn.com/stor3563-3230-4537-b861-386432613333/16684344.png
162493203192;FIREBALL Микрофибра для сушки Twist Drying Towel 620gsm 70см * 45см;1;images/162493203192_1.png;https://static.tildacdn.com/stor6438-3533-4462-b133-353436663863/91932492.png
750002911892;FIREBALL Микрофибра для сушки Twist Drying Towel 620gsm 70см * 90см;1;images/750002911892_1.png;https://static.tildacdn.com/stor6438-3533-4462-b133-353436663863/91932492.png
659965420182;FIREBALL Микрофибра для сушки Twist Drying Towel 620gsm 70см * 200см;1;images/659965420182_1.png;https://static.tildacdn.com/stor6438-3533-4462-b133-353436663863/91932492.png
156267363682;Микрофибра для сушки 60х90, 500 gsm, зеленая A302 Scratchless Drying Towel;1;images/156267363682_1.png;https://static.tildacdn.com/stor3333-3262-4636-b763-303363653165/89239726.png
778240725892;"Полотенце из микрофибры для сушки ""Big Red"" MaxShine, плюшевое, 50*70 см, 1000 г/м";1;images/778240725892_1.png;https://static.tildacdn.com/stor3363-3835-4935-b339-363761616139/52117146.png
406699178252;Sonax Xtreme Микрофибра для кузова LackfinishTuch 1300г/м2 38x43см;1;images/406699178252_1.png;https://static.tildacdn.com/stor3361-6139-4432-b733-626533383135/36204070.png
226569182272;Микрофибра Синяя ультразвуковая обрезка 30х30см CarShine;1;images/226569182272_1.png;https://static.tildacdn.com/stor3261-6239-4162-a334-306339353638/89148805.png
758729648762;Микрофибра Зеленая ультразвуковая обрезка 30х30см CarShine;1;images/758729648762_1.png;https://static.tildacdn.com/stor6235-6331-4161-b863-326139326134/90016742.png
500215113192;Микрофибра Синяя Плюшевая ультразвук 30х30см CarShine;1;images/500215113192_1.png;https://static.tildacdn.com/stor3261-3733-4331-a532-336666323764/70495512.png
583141778072;AuTech PROFI-MICROFASERTUCH GRUN Профессиональная салфетка из микрофибры без оверлока Au-2413;1;images/583141778072_1.png;https://static.tildacdn.com/stor3266-6564-4137-b336-323665316434/75229619.png
816153176142;Плюшевая шенилловая варежка для мойки авто LERATON MW7;1;images/816153176142_1.png;https://static.tildacdn.com/stor3765-3634-4833-a535-366239353132/59806962.png
606267889932;Микрофибровая варежка для мойки LERATON WASH MITT MW4;1;images/606267889932_1.png;https://static.tildacdn.com/stor3538-6335-4564-a334-363561633765/34057048.png
465648756602;Варежка из искусственного меха LERATON BLACK WOOL MITT MW6;1;images/465648756602_1.png;https://static.tildacdn.com/stor6566-6336-4334-b966-643332373862/25609098.png
592022167802;Набор из 10 аппликаторов-шпателей (дерево + поролон) LERATON COATING FOAM STICKS SET CFS;1;images/592022167802_1.png;https://static.tildacdn.com/stor3833-3639-4534-b735-303462396465/42579071.png
938760401722;Круглый поролоновый аппликатор для нанесения составов LERATON APP2;1;images/938760401722_1.png;https://static.tildacdn.com/stor3131-3264-4832-a533-666431626439/59818768.png
280877703372;Комплект аппликаторов для работы на покрышках LERATON APP4L (2 шт);1;images/280877703372_1.png;https://static.tildacdn.com/stor3134-3039-4334-a434-306138653338/36698277.png
206747969632;Аппликатор для нанесения защитных составов LERATON APP1;1;images/206747969632_1.png;https://static.tildacdn.com/stor6339-6533-4237-b466-346166646131/81865791.png
923774217532;Аппликатор для нанесения защитных составов LERATON APP1-6 (6 шт);1;images/923774217532_1.png;https://static.tildacdn.com/stor6431-6530-4337-a539-373933316365/75569633.png
633735187752;Аппликатор для нанесения составов LERATON HANDY RED SOFT APP6;2;images/633735187752_1.png|images/633735187752_2.png;https://static.tildacdn.com/stor6563-3735-4364-b337-666561633039/70515838.png|https://static.tildacdn.com/stor6233-6464-4433-a164-376261396565/68373211.png
534161530052;Аппликатор для очистки стекла LERATON Glass Cleaning Applicator APP7;1;images/534161530052_1.png;https://static.tildacdn.com/stor3136-3137-4365-a161-303564323632/81211560.png
964431068872;Спрей-аппликатор для чернения резины LERATON WHEEL COATING APPLICATOR WCA;1;images/964431068872_1.png;https://static.tildacdn.com/stor3532-6139-4066-a132-633762666463/53835246.png
991652965922;Поролоновый аппликатор для составов LERATON MAX WAVE MEDIUM SOFT APP9;1;images/991652965922_1.png;https://static.tildacdn.com/stor6334-3361-4333-a630-373664613430/39774651.png
179565180532;Супер-плотная деликатная варежка для мойки авто BUFF BROTHERS CHENILLE BROTHER;1;images/179565180532_1.png;https://static.tildacdn.com/stor6664-3631-4433-a638-336464663131/24322196.png
863081974192;AuTech Рукавица для мойки автомобиля из микрофибры Au-275;1;images/863081974192_1.png;https://static.tildacdn.com/stor6466-6661-4737-b335-633638663063/73662754.png
679754641412;CarPro Микрофибровое полотенце для сушки Dhydrate Dry Towel 50x55см 540г/м2 CP-DH50;1;images/679754641412_1.png;https://static.tildacdn.com/stor3164-3032-4139-a230-373234316266/86293802.png
795467550342;PURESTAR Plush interior glove Сверх мягкая варежка для ухода за интерьером, PS-M-003;1;images/795467550342_1.png;https://static.tildacdn.com/stor3332-3131-4530-b439-386131646261/24976519.png
867975974142;PURESTAR Color-Pop wash mitt (20x25cm) плюшевая мягкая рукавица для мойки, пурпурная PS-M-007-PURP;1;images/867975974142_1.png;https://static.tildacdn.com/stor3066-6236-4831-a630-343031366235/17570652.png
614807300412;PURESTAR Double twist wash mitt (21x28cm) Проф. руковица для мойки, Серая PS-M-006;1;images/614807300412_1.png;https://static.tildacdn.com/stor3934-3633-4966-a461-386161666235/19780058.png
664393329652;PURESTAR Color-Pop (15x22x5cm) Плюшевая губка для мойки авто, зеленая PS-P-003-GRN;1;images/664393329652_1.png;https://static.tildacdn.com/stor6234-3237-4563-b635-633162353436/47361330.png
365730774812;PURESTAR Color-Pop (15x22x5cm) Плюшевая губка для мойки авто, оранжевая PS-P-003-OR;1;images/365730774812_1.png;https://static.tildacdn.com/stor6134-6138-4436-a633-633939333733/96390887.png
789622792052;PURESTAR Color-Pop wash mitt (20x25cm) плюшевая мягкая рукавица для мойки, зеленая PS-M-007-GRN;1;images/789622792052_1.png;https://static.tildacdn.com/stor6134-3761-4830-b764-333739333366/20459229.png
472223687932;PURESTAR Plush wash mitt Рукавица для мойки плюшевая особо-мягкая PS-M-002;1;images/472223687932_1.png;https://static.tildacdn.com/stor3637-6361-4161-a362-663030636337/67829182.png
569026057582;PURESTAR Cleaning mitt Жесткая варежка для очистки интерьера, кожи, пластика PS-M-001;1;images/569026057582_1.png;https://static.tildacdn.com/stor3562-3965-4263-b633-333039336464/47930081.png
270903699292;PURESTAR Color-Pop wash mitt (20x25cm) плюшевая мягкая рукавица для мойки, оранжевая PS-M-007-OR;1;images/270903699292_1.png;https://static.tildacdn.com/stor3366-3637-4666-b934-383634303035/87850681.png
262928255182;PURESTAR Color-Pop (15x22x5cm) Плюшевая губка для мойки авто, пурпурная PS-P-003-PURP;1;images/262928255182_1.png;https://static.tildacdn.com/stor3731-6236-4632-b532-646565633936/99724159.png
116886577192;Foam Heroes Soft Cloud варежка из мульти-микрофибры для мойки автомобиля 17.5x23см, 1400г/м2;1;images/116886577192_1.png;https://static.tildacdn.com/stor6432-6239-4435-b731-623631396435/43561990.png
868662148612;Foam Heroes Slide Glide двусторонний пад для мойки автомобиля 16.5х22см, 1400г/м2;1;images/868662148612_1.png;https://static.tildacdn.com/stor3738-3232-4035-b538-343538646634/66344770.png
814258950392;Foam Heroes Wheel Smitt мини-варежка для мойки колесных дисков 13х15см, 1400г/м2;1;images/814258950392_1.png;https://static.tildacdn.com/stor6233-3937-4832-b661-356631353932/67330994.png
696604775942;Foam Heroes Scruby-Doo мини-варежка скраб из микрофибры для очистки салона 15х15см, 900г/м2;1;images/696604775942_1.png;https://static.tildacdn.com/stor3135-3239-4531-b130-363938623061/37635595.png
457550765082;Foam Heroes Scrub Applicator аппликатор для глубокой очистки стекол, 6х4х4,8см;1;images/457550765082_1.png;https://static.tildacdn.com/stor6331-3439-4832-a333-326266663337/61857636.png
305886193412;Foam Heroes Wheely Mate Hoods сменные чехлы из микрофибры для плоского ершика (2шт), 890г/м2;1;images/305886193412_1.png;https://static.tildacdn.com/stor3236-3836-4535-a536-363735343531/21281521.png
131988281542;Detailing Boom Полотенце из микрофибры.Цвет голубой.Плотность 400GSM 40/40;1;images/131988281542_1.png;https://static.tildacdn.com/stor6566-3031-4330-b430-393863613064/add15c2df5616a2880487eadec9fdaaa.png
215341503452;PURESTAR Brownie buffing towel (40х40см) Двухсторонняя безвор. м/ф для располировки (2 шт) PS-MU-001;1;images/215341503452_1.png;https://static.tildacdn.com/stor3062-6233-4434-a665-356463323035/44044825.png
398103189842;PURESTAR Waffle glass towel Вафельное полотенце для стекла 60x40 PS-G-004;1;images/398103189842_1.png;https://static.tildacdn.com/stor3963-3133-4363-b438-386439653861/97075406.png
815092002362;Аппликатор из микрофибры круглый, с карманом под пальцы, набор 4 шт MaxShine, 8,5*1 см;1;images/815092002362_1.png;https://static.tildacdn.com/stor3564-6533-4733-b533-343737616336/33713537.png
617845840472;"Варежка для ручной мойки ""Комбинированная"" MaxShine 3 в 1, шиншила/плюш/сетка, желтая";2;images/617845840472_1.png|images/617845840472_2.png;https://static.tildacdn.com/stor3539-6466-4461-b730-333532323963/80011681.png|https://static.tildacdn.com/stor6666-6161-4065-a537-626438663930/94919659.png
214915153072;Плюшевые перчатки из микрофибры MaxShine, 1 пара, 12*20,5 см;1;images/214915153072_1.png;https://static.tildacdn.com/stor3734-6166-4430-b332-643133633839/37801281.png
832470037702;"Варежка для ручной мойки ""Шиншилла"" MaxShine, зеленая";1;images/832470037702_1.png;https://static.tildacdn.com/stor6537-6137-4032-a366-643366353431/33405138.png
993086127292;Мини рукавицы для мытья труднодоступных мест MaxShine, 2 шт, микрофибра, 650 г/м;1;images/993086127292_1.png;https://static.tildacdn.com/stor6264-3836-4264-b134-613566623734/91052138.png
818933944742;Пад для ручной мойки ворсистый MaxShine, микрофибра;1;images/818933944742_1.png;https://static.tildacdn.com/stor6434-6135-4366-a630-353633376462/27526919.png
465579498012;"Пад для ручной мойки ""Шиншилла"" MaxShine, микрофибра";1;images/465579498012_1.png;https://static.tildacdn.com/stor3536-3336-4537-b039-646534313061/60680011.png
956061338682;FIREBALL Микрофибровый пад (губка) для мойки авто Premium Wash Pad 22*15;1;images/956061338682_1.png;https://static.tildacdn.com/stor6465-3333-4232-a136-663961386461/37257705.png
253498801852;FIREBALL Микрофибровая варежка для мойки авто Premium Wash Mitt 25*20 см;1;images/253498801852_1.png;https://static.tildacdn.com/stor6433-3830-4439-b533-383762316636/99642391.png
241322859992;KRYTEX Аппликатор для очистки стекла Applicator 10x5см;1;images/241322859992_1.png;https://static.tildacdn.com/stor3538-6231-4662-a366-376566353061/66762899.png
482289134302;FIREBALL Аппликатор с прорезями для нанесения защитных составов, 90*40 мм;1;images/482289134302_1.png;https://static.tildacdn.com/stor3433-3133-4961-b634-376236313438/88449026.png
208620706882;FIREBALL Аппликатор для шин;1;images/208620706882_1.png;https://static.tildacdn.com/stor3666-3631-4532-b733-396439386363/38893269.png
711769608812;FIREBALL Аппликатор для нанесения восков поролон WAX PAD Mini 6x5,2см;1;images/711769608812_1.png;https://static.tildacdn.com/stor3636-3963-4137-a437-386638346433/97232129.png
547569450132;FIREBALL Аппликатор для нанесения восков поролон WAX PAD Regular 7x5,5см;2;images/547569450132_1.png|images/547569450132_2.png;https://static.tildacdn.com/stor3838-6631-4661-b361-376630663365/68232304.png|https://static.tildacdn.com/stor6166-3063-4238-a561-303338643865/39762041.png
366993773032;CarPro Аппликатор для чернения резины CP-500 CP-500 CarPro Аппликатор для чернения резины CP-500;1;images/366993773032_1.png;https://static.tildacdn.com/stor3533-3566-4932-a437-636239323632/67846366.png
857720495572;Аппликатор из микрофибры A302 крулый с карманом, 13 см;1;images/857720495572_1.png;https://static.tildacdn.com/stor3530-3462-4032-b836-633637313837/32235605.png
533200376142;Foam Heroes Keramos Applicator аппликатор для нанесения защитных покрытий (3шт), 5х9x2.5см;1;images/533200376142_1.png;https://static.tildacdn.com/stor3435-6235-4139-a363-336639633663/80743055.png
618703675472;3D Microfiber Chenille Wash Mitt двусторонняя варежка для мойки автомобиля;2;images/618703675472_1.png|images/618703675472_2.png;https://static.tildacdn.com/stor3064-3133-4338-b730-623735363738/48817032.png|https://static.tildacdn.com/stor3635-3362-4965-b732-633637666130/32172485.png
209599317912;DRY MONSTER ЩЕТКА в форме утюжка 55*118, цвет СИНИЙ;1;images/209599317912_1.png;https://static.tildacdn.com/stor3532-6130-4766-b165-333666306238/66356977.png
350717016172;Ph-нейтральный очиститель ULTRA FERRUM;1;images/350717016172_1.png;https://static.tildacdn.com/stor3736-3864-4739-b734-623435393130/58646153.png
943111458222;Набор из 3-х жестких щеток (пластик + металл) LERATON PBS;1;images/943111458222_1.png;https://static.tildacdn.com/stor6564-6462-4736-a132-323234633866/44081923.png
883416693982;XLD CarPRO XL Detailing Brush кисть для детейлинга, нейлоновая щетина;2;images/883416693982_1.png|images/883416693982_2.png;https://static.tildacdn.com/stor3939-3034-4138-a462-653565663261/13896699.png|https://static.tildacdn.com/stor3562-3734-4532-b938-373135383665/51277649.png
869074374112;Набор чистящих палочек с тампонами, для труднодоступных мест MaxShine, 10 шт различной формы;2;images/869074374112_1.png|images/869074374112_2.png;https://static.tildacdn.com/stor3338-6232-4563-a234-383661623530/20099219.png|https://static.tildacdn.com/stor3834-6562-4036-b135-623838323138/49224242.png
663245954332;Кисть средней жесткости из натуральной щетины, диаметр 27 мм, MaxShine, длина 22,5 см, щетина кабана;2;images/663245954332_1.png|images/663245954332_2.png;https://static.tildacdn.com/stor3964-6430-4531-b161-393066666538/91655900.png|https://static.tildacdn.com/stor3036-3631-4034-b438-343266386337/95331433.png
285518701822;Нейлоновая щетка для шуруповерта 120мм (мягкая, белая) А302 CARPET BRUSH FINE;1;images/285518701822_1.png;https://static.tildacdn.com/stor3934-6166-4662-b166-343131386439/25011931.png
589572546142;PURESTAR Щетка с пластиковым чехлом для резины и пластиковых элементов Iron Brush Applicator 3х6см PS-A-008;1;images/589572546142_1.png;https://static.tildacdn.com/stor3562-3536-4534-a430-623064323534/13620103.png
127377813372;PureStar Stamp Brush Applicator щетка для нанесения составов;1;images/127377813372_1.png;https://static.tildacdn.com/stor6463-3763-4337-a561-353763663531/99244860.png
111506664992;Щетка для ухода за шинами LERATON WHEEL COATING BRUSH WCB;1;images/111506664992_1.png;https://static.tildacdn.com/stor3836-3661-4638-b932-333466393637/26912883.png
746491078132;Щетка для чистки ремней безопасности LERATON SBB;1;images/746491078132_1.png;https://static.tildacdn.com/stor6337-3830-4464-b334-663632613861/46347226.png
552302376952;AuTech Триггер универсальный, желтый Au-933y;1;images/552302376952_1.png;https://static.tildacdn.com/stor6565-3865-4065-a564-383966383063/87590171.png
498872216642;AuTech Триггер универсальный, красный Au-933;1;images/498872216642_1.png;https://static.tildacdn.com/stor3866-3232-4563-b633-333336376661/71757194.png
701624336822;Kwazar Распылитель ручной Venus HD Alkaline (pH 7-14) 1,5л;1;images/701624336822_1.png;https://static.tildacdn.com/stor3734-3030-4236-b333-343833386235/97452161.png
793626055012;Kwazar Генератор пены Venus Alkaline (pH 7-14) 2л;1;images/793626055012_1.png;https://static.tildacdn.com/stor3136-6533-4265-a563-346330333366/53861562.png
188915326362;Kwazar Распылитель компрессионный Venus Super PRO+ (pH 3-8) 1,5л;1;images/188915326362_1.png;https://static.tildacdn.com/stor3666-3339-4434-a565-656665376133/51698930.png
270890357442;Kwazar Распылитель компрессионный Venus Super PRO+ (pH 3-8) 2л;1;images/270890357442_1.png;https://static.tildacdn.com/stor3436-3032-4333-b633-656634343731/43299801.png
370719914382;Kwazar Распылитель ручной Mercury Super Alkaline (фиолетовый) 1л;1;images/370719914382_1.png;https://static.tildacdn.com/stor3633-6332-4138-a430-623364366462/39251483.png
639577571542;Kwazar Распылитель ручной Mercury Super Alkaline (фиолетовый) 500мл;1;images/639577571542_1.png;https://static.tildacdn.com/stor3739-6132-4561-a161-383565383062/11614798.png
164935949372;Kwazar Распылитель ручной (желтый) Mercury PRO+ (pH 3-8) 500мл;1;images/164935949372_1.png;https://static.tildacdn.com/stor3466-6138-4234-a135-303462653964/50883950.png
151610855562;Kwazar Распылитель ручной (желтый) Mercury PRO+ (pH 3-8) 1л;1;images/151610855562_1.png;https://static.tildacdn.com/stor3062-3962-4533-b664-343639666638/49663758.png
873504884612;Kwazar Распылитель ручной (зеленый) Mercury PRO+ (pH 3-8) 500мл;1;images/873504884612_1.png;https://static.tildacdn.com/stor6462-6634-4462-a565-396430393334/36150336.png
928972663872;Kwazar Распылитель ручной (зеленый) Mercury PRO+ (pH 3-8) 1л;1;images/928972663872_1.png;https://static.tildacdn.com/stor3633-3239-4838-b533-336566633733/78083707.png
653710322812;Kwazar Распылитель ручной (красный) Mercury PRO+ (pH 3-8) 500мл;1;images/653710322812_1.png;https://static.tildacdn.com/stor6333-3438-4665-b136-373233666530/12376449.png
239464006252;Kwazar Распылитель ручной (красный) Mercury PRO+ (pH 3-8) 1л;1;images/239464006252_1.png;https://static.tildacdn.com/stor3637-6466-4264-b262-346237626337/27225540.png
438969335212;Marolex Пеногенератор Axel 3000 Foamer 3л;1;images/438969335212_1.png;https://static.tildacdn.com/stor3530-3866-4139-b333-306538363736/85710952.png
345242483772;Marolex Пеногенератор Axel 2000 Foamer 2л;1;images/345242483772_1.png;https://static.tildacdn.com/stor3331-3238-4335-b333-623461383138/69196018.png
904766865492;Marolex Помповый опрыскиватель (щелочестойкий) Industry Ergo Alka 1,5л;1;images/904766865492_1.png;https://static.tildacdn.com/stor6239-6134-4938-b631-333566356364/16894182.png
146592510752;Marolex Помповый опрыскиватель (щелочестойкий) Industry Ergo Alka 2л;1;images/146592510752_1.png;https://static.tildacdn.com/stor3864-3130-4166-b835-663166303339/49692848.png
973125905382;Foam Heroes Detailing Bucket ведро с сепаратором и крышкой для детейлинг мойки, 20л;1;images/973125905382_1.png;https://static.tildacdn.com/stor6233-6539-4161-b366-626165313037/46240595.png
466955153432;Foam Heroes Detailing Bucket ведро с сепаратором для детейлинг мойки, 20л;1;images/466955153432_1.png;https://static.tildacdn.com/stor6631-3764-4438-a537-383162313433/15338751.png
732670516912;Органайзер для ведра (чёрный) LERATON BO1;1;images/732670516912_1.png;https://static.tildacdn.com/stor3730-6437-4163-a332-616237376232/20120101.png
431910530422;Ершик для чистки дисков LERATON WB2 (дизайн 2022 г.);1;images/431910530422_1.png;https://static.tildacdn.com/stor3333-3837-4362-b031-353833656434/98585206.png
495408333532;Сепаратор для ведра тайфун LERATON BS1 красный;1;images/495408333532_1.png;https://static.tildacdn.com/stor6563-3066-4066-b164-366331306563/82092992.png
994649872802;Сепаратор для ведра сетка LERATON BS2 черный;1;images/994649872802_1.png;https://static.tildacdn.com/stor6336-3838-4835-a132-363064656634/20114279.png
765042624972;Ведро пластиковое, прозрачное, красное, 20 литров MaxShine;1;images/765042624972_1.png;https://static.tildacdn.com/stor3332-6536-4336-a161-323534643963/94492250.png
274883245792;Ведро пластиковое, прозрачное, зеленое, 20 литров MaxShine;1;images/274883245792_1.png;https://static.tildacdn.com/stor3934-3337-4537-b337-386637316565/37613643.png
823329454592;Ведро пластиковое, прозрачное, черное, 20 литров MaxShine;1;images/823329454592_1.png;https://static.tildacdn.com/stor3631-6132-4838-a335-303462363137/68473054.png
382276356842;Сепаратор для осаждения крупной фракции на дне ведра, зеленый MaxShine;1;images/382276356842_1.png;https://static.tildacdn.com/stor3636-6332-4938-b736-663236326333/54313790.png
271065646422;Сепаратор для осаждения крупной фракции на дне ведра, красный MaxShine;1;images/271065646422_1.png;https://static.tildacdn.com/stor3166-3731-4637-b333-326634653562/42566399.png
347129905752;Крышка-сидение для ведра красная MaxShine, черная мягкая подушка, скоба для триггеров и кисточек, MSBL01-R;1;images/347129905752_1.png;https://static.tildacdn.com/stor3332-3235-4165-b531-336234386361/12085098.png
562246526252;FIREBALL Ведро для мойки автомобиля прозрачное Premium с удобной ручкой 18 л (синее);1;images/562246526252_1.png;https://static.tildacdn.com/stor3934-3531-4833-a334-393539656465/28874296.png
458324395642;FIREBALL Ведро для мойки автомобиля прозрачное Premium с удобной ручкой 18 л (белое);1;images/458324395642_1.png;https://static.tildacdn.com/stor3761-6633-4230-b036-643532626131/55876474.png
246193864292;FIREBALL Ведро для мойки автомобиля 18 л (красное);1;images/246193864292_1.png;https://static.tildacdn.com/stor3639-3864-4138-a661-373938663730/80267075.png
828466082292;FIREBALL Ведро для мойки автомобиля 18 л (синее);1;images/828466082292_1.png;https://static.tildacdn.com/stor6466-6161-4835-b732-633539626435/67386867.png
535151856372;FIREBALL Ведро для мойки автомобиля 18 л (белое);1;images/535151856372_1.png;https://static.tildacdn.com/stor6336-6638-4234-a332-356666366164/89416285.png
968578410662;FIREBALL Ведро для мойки автомобиля 18 л (черное);1;images/968578410662_1.png;https://static.tildacdn.com/stor3336-3638-4833-a333-346461383336/51171147.png
727279104532;FIREBALL Ведро для мойки колес прозрачное Premium с удобной ручкой (синее) 7л;1;images/727279104532_1.png;https://static.tildacdn.com/stor3161-3838-4464-a537-383333623436/29997074.png
726466798482;Foam Heroes химостойкий мерный стаканчик, 100мл;1;images/726466798482_1.png;https://static.tildacdn.com/stor6163-3166-4435-b636-653162613833/14905389.png
939794476072;Foam Heroes Foamer пенообразователь, 165мл;1;images/939794476072_1.png;https://static.tildacdn.com/stor6362-6163-4235-b034-616538363464/52531000.png
507867647022;Sonax ProfiLine Бутылка с пенообразователем 250мл;1;images/507867647022_1.png;https://static.tildacdn.com/stor6564-3466-4335-a338-363564353131/28235889.png
901616582632;Koch Chemie Бутылка с пенообразователем 200мл Au-920;1;images/901616582632_1.png;https://static.tildacdn.com/stor6564-6632-4764-a235-333936326237/61219421.png
744732542922;Koch Chemie Усиленный атомайзер непрерывного распыления 250мл Au-940;1;images/744732542922_1.png;https://static.tildacdn.com/stor3131-3062-4638-a636-386465373939/27909352.png
127072608122;AuTech Бутылка с триггером 150мл Au-941;1;images/127072608122_1.png;https://static.tildacdn.com/stor6635-3461-4664-b035-303061613561/33600739.png
883659131642;FIREBALL Бутылка с пенообразователем 200 мл;1;images/883659131642_1.png;https://static.tildacdn.com/stor6162-3433-4661-a230-303233316634/24981531.png
821843646542;FIREBALL Бутылка мерная пустая Division Bottle 200мл + триггер;1;images/821843646542_1.png;https://static.tildacdn.com/stor6266-3334-4539-b539-363763323038/35882177.png
317102122852;FIREBALL Бутылка мерная пустая Division Bottle 200мл + крышка;1;images/317102122852_1.png;https://static.tildacdn.com/stor3335-3530-4236-a530-396162616439/33366993.png
590683118622;Бутылка с печатью Detail 1л DT-0301;1;images/590683118622_1.png;https://static.tildacdn.com/stor6265-6632-4138-a230-396265333939/81237977.png
295225942432;Мерный стакан 100 мл MaxShine;1;images/295225942432_1.png;https://static.tildacdn.com/stor6138-6233-4365-b633-386233636338/55172447.png
619378053562;Мерный стакан 1 литр MaxShine;1;images/619378053562_1.png;https://static.tildacdn.com/stor3864-6436-4362-b931-373535356163/45410183.png
567392802342;Глина полировальная полуабразивная BUFF BROTHERS CLAY MAROON 100gr.;1;images/567392802342_1.png;https://static.tildacdn.com/stor3934-6261-4231-a635-663665363561/49456353.png
565382806392;Глина полировальная абразивная BUFF BROTHERS CLAY DARK BLUE 100gr.;1;images/565382806392_1.png;https://static.tildacdn.com/stor3761-3433-4963-a537-373032333233/82666359.png
539199081402;Глина полировальная неабразивная BUFF BROTHERS CLAY GOLD 100gr.;1;images/539199081402_1.png;https://static.tildacdn.com/stor3038-3336-4162-b332-643735653038/79636967.png
496775921452;Foam Heroes Jelly Slider лубрикант для глины и автоскрабов, 500мл;1;images/496775921452_1.png;https://static.tildacdn.com/stor6539-3135-4133-b333-343832363763/39223084.png
281535606522;Foam Heroes Jelly Slider лубрикант для глины и автоскрабов, 3л;1;images/281535606522_1.png;https://static.tildacdn.com/stor3361-3361-4134-b430-353566333135/15464387.png
373540293842;CarPro Лубрикант для полировки и чистки глиной ImmoLube 500мл;1;images/373540293842_1.png;https://static.tildacdn.com/stor3831-3835-4663-b833-323462616166/13906655.png
261817633832;OOPSY Искусственная замша Suede 4pcs 10х10 см 4 шт;1;images/261817633832_1.png;https://static.tildacdn.com/stor3466-3363-4236-a664-313530313933/56500329.png
238645035022;Soft99 Абразивная глина для очистки кузова Surface Smoother Mini 100г;1;images/238645035022_1.png;https://static.tildacdn.com/stor6432-3536-4962-a632-613030363466/87145666.png
590909883322;Глина абразивная 100 гр MaxShine, 2*50гр, кейс для хранения;1;images/590909883322_1.png;https://static.tildacdn.com/stor6530-6164-4431-b762-393231613566/85046630.png
127251971402;Глина финишная 100 гр MaxShine, 2*50гр, кейс для хранения;1;images/127251971402_1.png;https://static.tildacdn.com/stor3038-3739-4064-b230-306363353234/38511291.png
856012015462;Глина абразивная 150 гр MaxShine, 3*50гр, кейс для хранения;1;images/856012015462_1.png;https://static.tildacdn.com/stor6464-3261-4763-b435-623664366638/48532266.png
612392581842;Глина финишная 150 гр MaxShine, 3*50гр, кейс для хранения;1;images/612392581842_1.png;https://static.tildacdn.com/stor3862-3938-4133-b861-633738316665/67287071.png
198111501492;Sonax Воск карнауба (набор) Premium Class Carnauba Care 208мл;1;images/198111501492_1.png;https://static.tildacdn.com/stor3464-3434-4839-b761-326536303265/89959325.png
206165033632;Sonax Салфетки из микрофибры для полировки кузова (2шт) Microfibre Cloth 40x40см;2;images/206165033632_1.png|images/206165033632_2.png;https://static.tildacdn.com/stor6532-3137-4933-b662-353632363230/90406989.png|https://static.tildacdn.com/stor6665-3331-4532-b832-653435303436/32044683.png
432945210092;Sonax Салфетки из микрофибры для салона и стекла (2шт) Microfibre Cloth Plus 40x40см;2;images/432945210092_1.png|images/432945210092_2.png;https://static.tildacdn.com/stor3334-3863-4333-b730-323734353263/49302376.png|https://static.tildacdn.com/stor6132-3130-4434-a565-383339656162/49720932.png
368248005682;Износостойкие нитриловые перчатки Jeta Pro М;1;images/368248005682_1.png;https://static.tildacdn.com/stor3939-6339-4261-b131-353365643432/68852337.png
621393364962;Износостойкие нитриловые перчатки Jeta Pro L;1;images/621393364962_1.png;https://static.tildacdn.com/stor3939-6339-4261-b131-353365643432/68852337.png
926117264012;JETA SAFETY JM-8628 Micron;1;images/926117264012_1.png;https://static.tildacdn.com/stor6239-3531-4165-b138-383332313864/50249079.png
499768167002;Shine Systems LeatherCare Kit - набор для ухода за кожей;1;images/499768167002_1.png;https://static.tildacdn.com/stor3036-6632-4162-b335-353636663233/56443005.png
860841480332;Foam Heroes Juicy Citrus Kit органический очиститель c аксессуарами (набор);1;images/860841480332_1.png;https://static.tildacdn.com/stor3936-3037-4331-b164-646334323437/11300500.png
786892581992;Foam Heroes Leather Kit набор для ухода за кожей;1;images/786892581992_1.png;https://static.tildacdn.com/stor3561-3134-4136-b466-343132656534/45671327.png
863629866812;Smart Open Набор для чистки и защиты кожаных изделий Leather Box;1;images/863629866812_1.png;https://static.tildacdn.com/stor6335-6165-4339-b934-353963336166/42959947.png
747735527492;Smart Open Защитное водоотталкивающее нанопокрытие для стекол (комплект) Glass Box;1;images/747735527492_1.png;https://static.tildacdn.com/stor3036-6639-4434-b332-653733373631/75610438.png
670736682582;OOPSY Кварцевая защита Антидождь CRAZY 102 set 50 мл;1;images/670736682582_1.png;https://static.tildacdn.com/stor6334-3764-4333-b639-633638393833/79120215.png
575653564852;CarPro Антизапотеватель (набор) Fog Fight kit 100мл;1;images/575653564852_1.png;https://static.tildacdn.com/stor3764-3535-4531-a162-346562633936/84837710.png
653088306432;CarPro Набор из 5 продуктов для мойки Wash Kit Box 500мл;2;images/653088306432_1.png|images/653088306432_2.png;https://static.tildacdn.com/stor3737-3863-4736-b166-663838616261/60326073.png|https://static.tildacdn.com/stor6338-3234-4865-b566-613161373037/94427382.png
614473752222;Абразивный очиститель стекла LERATON L3 200мл;1;images/614473752222_1.png;https://static.tildacdn.com/stor6565-3761-4262-a166-383363643632/56602952.png
385925546992;Foam Heroes Uragun аппарат для химчистки (торнадор);1;images/385925546992_1.png;https://static.tildacdn.com/stor3437-6162-4531-b533-663234303961/81090376.png
780977110032;Foam Heroes Uragun химостойкая трубка для подачи состава;1;images/780977110032_1.png;https://static.tildacdn.com/stor6437-6363-4239-a338-383432363735/64669382.png
808325494902;Foam Heroes Uragun механизм вращения;1;images/808325494902_1.png;https://static.tildacdn.com/stor6133-6432-4030-a532-346235333838/27216655.png
353787542322;Foam Heroes Uragun поворотное соединение;1;images/353787542322_1.png;https://static.tildacdn.com/stor3563-6539-4337-b862-616532663936/22401353.png
142173192302;Nordberg Пистолет моющий с гибкой вращающейся насадкой;1;images/142173192302_1.png;https://static.tildacdn.com/stor3561-6364-4230-a163-366366363037/71665899.png
997513351772;SGCB Tornado Engine Gun - Промывочный пневмопистолет для чистки двигателя;1;images/997513351772_1.png;https://static.tildacdn.com/stor6462-6634-4538-a135-396165313436/94823643.png
619611657972;Аппликатор-скраб для химчистки LERATON MCS;1;images/619611657972_1.png;https://static.tildacdn.com/stor3161-3331-4234-b739-396438383530/31556906.png
895370037742;Маскирующая лента Jeta PRO Azur JetaPro, 90 градусов - 30 мин., голубая, 50 мм;1;images/895370037742_1.png;https://static.tildacdn.com/stor6631-6465-4966-b637-386366376261/50384825.png
679337336522;Маскирующая лента Jeta PRO Azur JetaPro, 90 градусов - 30 мин., голубая, 38 мм;1;images/679337336522_1.png;https://static.tildacdn.com/stor6631-6465-4966-b637-386366376261/50384825.png
949112121782;Маскирующая лента Jeta PRO Azur JetaPro, 90 градусов - 30 мин., голубая, 25 мм;1;images/949112121782_1.png;https://static.tildacdn.com/stor6631-6465-4966-b637-386366376261/50384825.png
789295436752;Маскирующая лента Jeta PRO Azur JetaPro, 90 градусов - 30 мин., голубая, 19мм;1;images/789295436752_1.png;https://static.tildacdn.com/stor6631-6465-4966-b637-386366376261/50384825.png
406706927372;EUROCEL Маскирующая лента 80С-30 мин синяя 50мм x 50м MSK6265;1;images/406706927372_1.png;https://static.tildacdn.com/stor6238-3230-4138-a362-373239366463/88756463.png
732106895222;Eurocel MSK 6265 Маскирующая лента СИНЯЯ 80С' (25mm*45m);1;images/732106895222_1.png;https://static.tildacdn.com/stor3632-6333-4436-b239-663536643438/80060881.png
634804049472;Eurocel MSK 6265 Маскирующая лента СИНЯЯ 80С' (38mm*45m);1;images/634804049472_1.png;https://static.tildacdn.com/stor3463-3862-4962-b032-346664663234/42029665.png
133694790332;EUROCEL MSK 6265 Маскирующая термостойкая лента 19мм*45м, синяя;1;images/133694790332_1.png;https://static.tildacdn.com/stor6239-3438-4838-b833-323932613935/84556343.png
439781154442;Eurocel MSK 6268 Маскирующая лента ЗЕЛЕНАЯ 80С* (38мм*40м);1;images/439781154442_1.png;https://static.tildacdn.com/stor3638-3261-4333-b032-363462393931/77871480.png
289437396682;EUROCEL MSK 6268 - зеленая маскировочная лента 50мм;1;images/289437396682_1.png;https://static.tildacdn.com/stor3732-6332-4264-b032-306537356663/14894743.png
263477046832;Eurocel MSK 6268 Маскирующая лента ЗЕЛЕНАЯ 80С* (25мм*40м);1;images/263477046832_1.png;https://static.tildacdn.com/stor3665-3035-4432-b939-313962386531/43998183.png
679724585232;EUROCEL MSK 6268 Маскирующая термостойкая лента 19мм*40м, зеленая;1;images/679724585232_1.png;https://static.tildacdn.com/stor3365-3731-4432-a532-613234356165/83426224.png
718275576792;EUROCEL Маскирующая лента 80С-30 мин оранжевая 50мм x 50м MSK6267_50;1;images/718275576792_1.png;https://static.tildacdn.com/stor3531-3261-4763-a431-316265303333/30410756.png
908401533622;Eurocel MSK 6267 Маскирующая лента ОРАНЖЕВАЯ 80С' (25mm*40m);1;images/908401533622_1.png;https://static.tildacdn.com/stor6631-6139-4063-b737-656132323131/85278026.png
170181430392;Eurocel MSK 6267 Маскирующая лента ОРАНЖЕВАЯ 80С' (38mm*40m);1;images/170181430392_1.png;https://static.tildacdn.com/stor6265-3633-4835-b866-636261363931/17319103.png
827567114612;EUROCEL MSK 6267 Маскирующая термостойкая лента 19мм*40м, оранжевая;1;images/827567114612_1.png;https://static.tildacdn.com/stor6233-6266-4035-b931-353864386638/24572428.png
401220114762;Shine Systems DA15 Polisher - полировальная машинка эксцентриковая, 125 мм, ход 15 мм;1;images/401220114762_1.png;https://static.tildacdn.com/stor3834-6566-4339-b330-386638663761/23073757.png
100696936652;Shine Systems DA21 Polisher - полировальная машинка эксцентриковая, 150 мм, ход 21 мм;1;images/100696936652_1.png;https://static.tildacdn.com/stor3065-3662-4531-b762-313362316131/71751032.png
471717455632;Shine Systems DA75 Polisher - полировальная машинка эксцентриковая, 75 мм, ход 12 мм;1;images/471717455632_1.png;https://static.tildacdn.com/stor3332-3731-4530-a265-656438663535/59884069.png
508564874192;Shine Systems Detail Polisher - гибкий вал для полировки труднодоступных мест, набор в сумке;1;images/508564874192_1.png;https://static.tildacdn.com/stor3864-3565-4831-b364-396230623937/69579306.png
640109727572;Shine Systems NanoPolisher - аккумуляторная полировальная мини машинка (iBrid), набор в сумке;1;images/640109727572_1.png;https://static.tildacdn.com/stor3963-3564-4639-a332-303264656264/61070996.png
890524007902;Shine Systems RO Mini Polisher set - роторная полировальная мини машинка, набор;1;images/890524007902_1.png;https://static.tildacdn.com/stor6133-3532-4763-a564-386463376634/46215082.png
942617766092;Shine Systems RO Polisher - полировальная машинка ротационная 1100 Вт, 125 мм;1;images/942617766092_1.png;https://static.tildacdn.com/stor3937-6236-4162-b738-656135633863/90254465.png
119882270302;HANKO Угловая электрическая полировальная машинка с вращательно-орбитальным типом движения 125 мм PL-15AL;1;images/119882270302_1.png;https://static.tildacdn.com/stor6665-3032-4530-b737-613562303561/15871256.png
786689345282;HANKO Угловая электрическая полировальная машинка с вращательным типом движения 125 мм PL-800H;1;images/786689345282_1.png;https://static.tildacdn.com/stor3130-3832-4436-b566-643563336239/37828531.png
997585233402;JETAPRO Роторная полировальная машинка 125мм J4112;1;images/997585233402_1.png;https://static.tildacdn.com/stor3738-3265-4333-a461-306334393638/53582679.png
268695559202;JETAPRO Эксцентриковая полировальная машинка 125мм (ход эксцентрика 15мм) J4115;1;images/268695559202_1.png;https://static.tildacdn.com/stor3034-3266-4536-b861-343961306235/45115327.png
413632099712;Эксцентриковая полировальная машинка зеленая MaxShine M15 Pro-G, ход эксцентрика 15 мм, 1000 Вт;1;images/413632099712_1.png;https://static.tildacdn.com/stor3332-3438-4234-b438-333465613635/55935207.png
479139611362;Эксцентриковая полировальная машинка MaxShine M15 Pro, ход эксцентрика 15 мм, 1000 Вт;1;images/479139611362_1.png;https://static.tildacdn.com/stor6130-6663-4163-b039-373639653465/75671787.png
824722139932;Эксцентриковая полировальная машинка MaxShine MB15 Pro, БЕСЩЁТОЧНАЯ, 1200 Вт, ход эксцентрика 15 мм;1;images/824722139932_1.png;https://static.tildacdn.com/stor3732-3263-4936-a635-333639313966/26828309.png
489802628382;CRI-1250R - Инспекционный фонарь CRI 96+, 1250 Lm, 3 цвета + УФ, 5000 mAh | UNILITE;1;images/489802628382_1.png;https://static.tildacdn.com/stor3762-3166-4761-b333-663431326138/83458965.png
674301752362;CRI-H200R - Налобный сенсорный фонарь 3 цвета, CRI 96+, 200 Lm, 1500 mAh, IPX5 | UNILITE;1;images/674301752362_1.png;https://static.tildacdn.com/stor3532-6639-4838-b832-393637343965/96558737.png
789925032442;"Ручной аккумуляторный фонарь 800 лм. CRI&gt;96 Au-022968002";1;images/789925032442_1.png;https://static.tildacdn.com/stor3137-6539-4831-b565-353931326136/63073199.png
884065370172;Фонарик налобный JETA PRO BLAZE;1;images/884065370172_1.png;https://static.tildacdn.com/stor3965-3063-4863-a364-356566613464/65357932.png
103644473342;Светодиодный аккумуляторный фонарик JETA PRO JPLS-10 с магнитным держателем в чёрной расцветке;1;images/103644473342_1.png;https://static.tildacdn.com/stor6438-6635-4363-b762-343332323262/24430529.png
832187533432;Foam Heroes Minigun пенокомплект для моек высокого давления, адаптер 1/4;1;images/832187533432_1.png;https://static.tildacdn.com/stor3831-3431-4139-a431-323839643933/91743993.png
686473743942;Foam Heroes Minigun пенокомплект для моек высокого давления, адаптер Karcher-K;1;images/686473743942_1.png;https://static.tildacdn.com/stor3763-3765-4664-b865-616464643732/43075714.png
602264944022;Foam Heroes Minigun пенокомплект для моек высокого давления, адаптер KEW;1;images/602264944022_1.png;https://static.tildacdn.com/stor3662-3166-4564-b933-616566363363/96708489.png
345455518212;Foam Heroes Minigun HDPE бутылка c крышкой, 1л;1;images/345455518212_1.png;https://static.tildacdn.com/stor3435-3634-4231-b736-376634306136/98816059.png
874223049272;Foam Heroes Minigun прозрачная бутылка c крышкой, 1л;1;images/874223049272_1.png;https://static.tildacdn.com/stor6561-3736-4536-b462-653330666139/26726379.png
277458303402;FURY'S Sour Hook Кислотный шампунь для ручной мойки, 500 мл;1;images/277458303402_1.png;https://static.tildacdn.com/stor6661-3135-4236-b338-613265393532/51440815.png
852613300882;FURY'S Sour Hook Кислотный шампунь для ручной мойки, 2 л;1;images/852613300882_1.png;https://static.tildacdn.com/stor3736-3138-4938-b165-393036363439/77591074.png
314553170592;FURY'S Interior Blast Очиститель интерьера, 2Л;1;images/314553170592_1.png;https://static.tildacdn.com/stor6530-6539-4731-a566-353432613663/48972320.png
376898607962;FURY'S Interior Blast Очиститель интерьера, 500 мл;1;images/376898607962_1.png;https://static.tildacdn.com/stor3365-6135-4561-b365-343761356364/41130397.png
218918865912;Koch Chemie Профессиональный очиститель Eulex 1л;1;images/218918865912_1.png;https://static.tildacdn.com/stor6137-6339-4763-a139-363663393664/93390698.png
819986772912;Carmate Устранитель неприятных запахов (дымовая шашка) Deodorant Steam Type Ag 40мл;1;images/819986772912_1.png;https://static.tildacdn.com/stor3630-3162-4632-b764-343261336437/76875929.png
806309198172;Carmate Устранитель неприятных запахов (дымовая шашка) Airconditionar Deodorant Steam 40мл;1;images/806309198172_1.png;https://static.tildacdn.com/stor3835-6235-4435-a333-323061366431/50763955.png
629936763102;Carmate Устранитель неприятных запахов (дымовая шашка) Cigarette Deodorant Steam 40мл;1;images/629936763102_1.png;https://static.tildacdn.com/stor3961-6566-4561-b362-643762393162/93803299.png
322921358682;Meguiar's Нейтрализатор запахов в салоне (запах нового автомобиля) Air Refresher (New Car) 59мл;1;images/322921358682_1.png;https://static.tildacdn.com/stor3635-6136-4763-b838-373761336362/33870102.png
774479401882;Meguiar's Нейтрализатор запахов в салоне (закат над фудзи) Air Re-Fresher (Fuji Sunset) 59мл;1;images/774479401882_1.png;https://static.tildacdn.com/stor3466-3130-4863-b136-303065376461/32712192.png
911445278252;Meguiar's Нейтрализатор запахов в салоне (черный хром) Air Re-Fresher (Black Chrome Scent) 59мл;1;images/911445278252_1.png;https://static.tildacdn.com/stor6236-3038-4437-a137-336534373362/77241552.png
148318000052;Foam Heroes Battle Fly суперконцентрат стеклоочистителя с ароматом клубники, 100мл;1;images/148318000052_1.png;https://static.tildacdn.com/stor3561-3431-4065-b930-306262393330/68273265.png
438701500902;Shine Systems Black Line CrystalGlass - летняя стеклоомывающая жидкость, 200 мл;1;images/438701500902_1.png;https://static.tildacdn.com/stor3161-3639-4162-b431-383436396335/44581509.png
283587404562;Фонарь налобный (Китай) Maxshine;1;images/283587404562_1.png;https://static.tildacdn.com/stor3430-3666-4166-b063-336437356235/44266317.png
880152188742;Sonax Стеклоомыватель концентрат 1:100 (лимон) 250мл;1;images/880152188742_1.png;https://static.tildacdn.com/stor6632-3734-4065-b030-613332633264/55359230.png
830147184472;Koch WASCHSCHWAMM Пористая губка для мойки 200х130х70 мм;1;images/830147184472_1.png;https://static.tildacdn.com/stor3362-3236-4936-a565-306135313231/15248920.png
401399789012;Koch WASCHSCHWAMM Пористая губка для мойки 200х130х70 мм;1;images/401399789012_1.png;https://static.tildacdn.com/stor3365-3934-4835-a230-666663643763/12451638.png
169226687162;GYEON Мерная бутылка для абразивных паст Q2M Dispenser Bottle 300мл;1;images/169226687162_1.png;https://static.tildacdn.com/stor3962-6639-4665-a531-636231376333/31214895.png
390961238432;Sonax Восстановитель черного пластика Plastic Restorer Black 100мл;1;images/390961238432_1.png;https://static.tildacdn.com/stor3934-3662-4663-a562-323766306363/97890788.png
969387657902;Sonax ProfiLine Матовый очиститель-полироль для пластика Plastic Care 1л;1;images/969387657902_1.png;https://static.tildacdn.com/stor3030-6337-4532-a665-366163346639/25818496.png
270127941712;Sonax Xtreme Полимерное покрытие для кузова Spray Polish;1;images/270127941712_1.png;https://static.tildacdn.com/stor3039-6130-4231-b464-646434306663/37284462.png
880492530462;Sonax Xtreme Блеск для шин Tyre Gloss Spray 400мл;1;images/880492530462_1.png;https://static.tildacdn.com/stor6530-3237-4137-b833-356565636131/99120806.png
332164785112;Sonax ProfiLine Защитный лосьон для кожи Leather Protection 1л;1;images/332164785112_1.png;https://static.tildacdn.com/stor6433-3830-4466-b738-393064333364/34236487.png
970217097972;Sonax ProfiLine Пенный очиститель кожи Leather Cleaner 1л;1;images/970217097972_1.png;https://static.tildacdn.com/stor6565-3562-4061-a634-663066353638/71311123.png
584188949892;Sonax Profiline Керамическое покрытие (база №1) Ceramic Coating CC36 BaseCoat 1 210мл;1;images/584188949892_1.png;https://static.tildacdn.com/stor6664-3234-4436-b135-343066313663/64906479.png
796580609102;Sonax Profiline Керамическое покрытие (блеск №2) Ceramic Coating CC36 Glosscoat 2 210мл;1;images/796580609102_1.png;https://static.tildacdn.com/stor3937-3036-4666-b938-313739653830/23794394.png
415410012182;Sonax ProfiLine Полироль для восстановления блеска Nano Polish 03-06 1л;1;images/415410012182_1.png;https://static.tildacdn.com/stor6336-3037-4966-b936-633634616661/26109380.png
890664246272;Sonax Удалитель царапин для фар и прозрачного пластика NanoPro Scratch Remover 75гр;1;images/890664246272_1.png;https://static.tildacdn.com/stor3265-3764-4432-b831-663764306265/48006491.png
175945490092;Sonax Шлиф-паста для удаления царапин (антицарапин) SchleifPaste 75гр;1;images/175945490092_1.png;https://static.tildacdn.com/stor3538-3762-4538-a663-363734353132/26553488.png
207931121092;Sonax ProfiLine Полироль для фар HeadLight Polish 250мл;1;images/207931121092_1.png;https://static.tildacdn.com/stor3764-6433-4939-b962-633839346239/76416388.png
114314925672;Sonax Xtreme Очиститель дисков Wheel Cleaner 500мл;1;images/114314925672_1.png;https://static.tildacdn.com/stor6330-6435-4131-b436-376163383063/15113501.png
898849022362;Sonax Xtreme Полироль металла Metal Polish 150мл;1;images/898849022362_1.png;https://static.tildacdn.com/stor6239-6431-4637-a661-356239323938/18958171.png
575930494262;Sonax ProfiLine Интенсивный обезжириватель поверхностей Paint Prepare 400мл;1;images/575930494262_1.png;https://static.tildacdn.com/stor6437-6134-4463-b636-666162646635/35582141.png
770489250212;Sonax Xtreme Полироль с воском для глубокой полировки №3 Polish Wax 250мл;1;images/770489250212_1.png;https://static.tildacdn.com/stor3132-6365-4361-a337-626136616636/56063877.png
140164454122;Sonax Xtreme Полироль №2 универсальный с воском Polish Wax 250мл;1;images/140164454122_1.png;https://static.tildacdn.com/stor6164-3839-4637-a435-373865326366/80356408.png
459955246162;Sonax Средство для разморозки дверных замков 50мл Schloss Enteiser;1;images/459955246162_1.png;https://static.tildacdn.com/stor3832-3661-4138-b433-643164626532/73947549.png
204687821692;Sonax Очиститель гудрона и древесной смолы Insekten Enferner 400мл;1;images/204687821692_1.png;https://static.tildacdn.com/stor6664-3064-4135-b131-656632323138/12640653.png
619904401172;"Sonax Цветной полироль с воском (синий) Nano Pro Polish &amp; Wax Color 500мл";1;images/619904401172_1.png;https://static.tildacdn.com/stor3932-3464-4435-b630-363764366532/86361954.png
154138580122;"Sonax Цветной полироль с воском (красный) Nano Pro Polish &amp; Wax Color 500мл";1;images/154138580122_1.png;https://static.tildacdn.com/stor6262-3030-4839-b233-363237616336/70118217.png
721034592552;Sonax Глянцевый очиститель-полироль для пластика (яблоко) Cockpit Pfleger Apple Fresh 400мл;1;images/721034592552_1.png;https://static.tildacdn.com/stor3130-3065-4265-b637-623963613337/52447870.png
594157235632;Sonax Глянцевый очиститель-полироль для пластика Cockpit Pfleger Lemon Fresh (лимон) 400мл;1;images/594157235632_1.png;https://static.tildacdn.com/stor3030-3632-4334-b130-363464633766/83233240.png
351272722712;Sonax Очиститель-полироль для пластика c матовым эффектом (спорт активная свежесть) Cockpit Pfleger 500мл;1;images/351272722712_1.png;https://static.tildacdn.com/stor6162-6135-4536-b866-363539623930/28155248.png
129885146702;Sonax Очиститель-полироль для пластика c матовым эффектом (зеленый лимон) Cockpit Pfleger 500мл;1;images/129885146702_1.png;https://static.tildacdn.com/stor3064-6331-4237-a439-363138313239/83822803.png
271497267402;Sonax Очиститель-полироль для пластика c матовым эффектом (свежесть океана) Cockpit Pfleger 500мл;1;images/271497267402_1.png;https://static.tildacdn.com/stor6265-3537-4132-b066-653862316361/60192465.png
693990245192;Sonax Xtreme Универсальный очиститель и восстановитель пластика интерьера и экстерьера Kunststoff Detailer 500мл;1;images/693990245192_1.png;https://static.tildacdn.com/stor6563-3537-4962-b739-616563316132/96635122.png
891245185832;Sonax Xtreme Интенсивный очиститель пластика с матовым эффектом Cockpit Reiniger 500мл;1;images/891245185832_1.png;https://static.tildacdn.com/stor6436-6137-4337-b333-376635643763/40439056.png
119117664222;Sonax Xtreme Молочко для ухода за кожей Leder Pflege Milch 500мл;1;images/119117664222_1.png;https://static.tildacdn.com/stor6364-3530-4466-b938-316662313239/66941978.png
993939273682;Sonax Универсальный очиститель стекол 500мл.;1;images/993939273682_1.png;https://static.tildacdn.com/stor3239-6531-4232-b330-383735303539/61082277.png
624489020502;Sonax Xtreme Upholstery+Alcantara Очиститель обивки салона и алькантары 400мл.;1;images/624489020502_1.png;https://static.tildacdn.com/stor3831-3866-4164-a532-393834376361/53443749.png
789609263062;Sonax Xtreme Leather Care Foam Пенный очиститель кожи 250мл.;1;images/789609263062_1.png;https://static.tildacdn.com/stor3232-3033-4339-a464-306534326363/38700211.png
909941091402;Sonax Xtreme Felgenschutz Защитное покрытие для дисков 250мл.;1;images/909941091402_1.png;https://static.tildacdn.com/stor3833-3631-4366-b963-636265323862/14481465.png
731884922942;Aquapel R+ Антидождь (коричневый флакон) 50мл;2;images/731884922942_1.png|images/731884922942_2.png;https://static.tildacdn.com/stor6336-3730-4235-b332-373565356134/83671531.png|https://static.tildacdn.com/stor3636-3636-4532-a463-633364316365/89122619.png
972403675682;Soft99 Антидождь Ultra Glaco 70мл;1;images/972403675682_1.png;https://static.tildacdn.com/stor3939-3462-4235-b265-643836633439/34040706.png
248348273372;OOPSY Полировальная паста для стекла OFR Glass Polish 100 мл R101;1;images/248348273372_1.png;https://static.tildacdn.com/stor3861-3936-4938-b339-303365633564/18518564.png
865348186262;Мини Турбосушка MaxShine EVO-S, 1200 Вт;1;images/865348186262_1.png;https://static.tildacdn.com/stor3831-3638-4761-b765-393764626261/57894975.png
771697194362;Marolex Помповый опрыскиватель (щелочестойкий) Industry Ergo Alka 1л;1;images/771697194362_1.png;https://static.tildacdn.com/stor3336-3134-4134-a665-333964396437/63714864.png
653806803582;MA-FRA Восстановительный полимерный полироль для бамперов, молдингов, спойлеров и капотов из пластика FASPOILER (spray) 300мл;1;images/653806803582_1.png;https://static.tildacdn.com/stor6637-6438-4431-a331-656438613563/14735215.png
578664821812;FIREBALL Защитное покрытие для ткани Fabric Coat SiO2, 500мл;1;images/578664821812_1.png;https://static.tildacdn.com/stor6363-3937-4265-b432-393539363237/28748590.png
960521043592;Гидрофобное средство для защиты текстиля LERATON T2 200мл;1;images/960521043592_1.png;https://static.tildacdn.com/stor6330-3464-4235-a630-326634653734/41510836.png
220185936602;Нейтрализатор запаха LERATON ON ODOR NEUTRALIZER 200мл;1;images/220185936602_1.png;https://static.tildacdn.com/stor3038-3730-4735-b336-303762653230/83568809.png
473136410742;Soft99 Очиститель стёкол с эффектом водоотталкивания Glaco Glass Cleaner 330мл;1;images/473136410742_1.png;https://static.tildacdn.com/stor3337-6262-4236-b763-643164356533/54673877.png
532057373422;Foam Heroes Pure Fiber низкопенный шампунь для стирки микрофибры, 500мл;1;images/532057373422_1.png;https://static.tildacdn.com/stor6464-3634-4537-a464-666137616237/53529047.png
502685661072;Foam Heroes Pure Fiber низкопенный шампунь для стирки микрофибры, 3л;1;images/502685661072_1.png;https://static.tildacdn.com/stor6130-6161-4366-b662-643733363166/19051954.png
774652491422;FIREBALL Шампунь для стирки микрофибры Towel Cleaner 1:1500 500мл;1;images/774652491422_1.png;https://static.tildacdn.com/stor6662-6134-4538-b064-616162326637/45246048.png
480773839472;"BINDER Шампунь для стирки микрофибр и полировальных кругов Towel &amp; Pad Cleaner 1:500 (pH 7,0) 1л";1;images/480773839472_1.png;https://static.tildacdn.com/stor3131-3233-4931-b166-336137623431/98536302.png
126082897502;CarPro Шампунь для микрофибры и полировальных кругов MFX 500мл;1;images/126082897502_1.png;https://static.tildacdn.com/stor3965-3937-4164-a230-643937386365/31526731.png
692760101502;Foam Heroes Rain Drops антидождь для стекол, 100мл;1;images/692760101502_1.png;https://static.tildacdn.com/stor3564-6331-4764-a136-373130373433/86744541.png
522530800472;FURY'S Diss A Pear Универсальный квик детейлер, 2 л;1;images/522530800472_1.png;https://static.tildacdn.com/stor3862-3362-4435-b663-326664386631/56585474.png
667149496102;FURY'S Diss A Pear Универсальный квик детейлер, 500 мл;1;images/667149496102_1.png;https://static.tildacdn.com/stor3065-3134-4265-a331-353833373162/48072440.png
360114639402;FIREBALL ANGEL TEARS II 50мл -Защитное керамическое покрытие для кузова;1;images/360114639402_1.png;https://static.tildacdn.com/stor6431-3734-4339-a632-663638363839/495a82b661cb97d60665028abaa5ee98.png
392820325272;FIREBALL Сверхпрочный керамический силант (эмульсия SiO2) TANK 400 мл;1;images/392820325272_1.png;https://static.tildacdn.com/stor6163-3033-4562-b766-396137363263/a39021bd0336f2a573051e4062ce8ca1.png
580096032152;FIREBALL Защитное покрытие PPF SHIELD 35мл;1;images/580096032152_1.png;https://static.tildacdn.com/stor6261-3233-4031-b163-373966316165/e9a8cf48c436f5a1cea8ff6f137b76b3.png
330007847812;150 мм Джинсовый полировальный круг / A302;1;images/330007847812_1.png;https://static.tildacdn.com/stor3338-6561-4437-a161-323333383161/16ecec6ce79cf50feddefef3e654cbf6.png
818516978102;FIREBALL DEVIL'S BLOOD 35 мл - Защитное покрытие;1;images/818516978102_1.png;https://static.tildacdn.com/stor3563-3538-4038-a633-633365333837/f88ac62e3b8ce96f57635395fc8b627d.png
795754152872;FIREBALL FX88 GRAPHENE [NEW 2026] - Керамическое покрытие PREMIUM 35мл;1;images/795754152872_1.png;https://static.tildacdn.com/stor3361-3262-4863-b738-633232303035/2ae1d91fabb5785b59eaa3cf594243c2.png
818689963012;Блок автоскраб MaxShine, 11,5*6*3 см;1;images/818689963012_1.png;https://static.tildacdn.com/stor3537-3463-4438-b339-386136346336/2a839a114d5dbe717395c38be2a9df16.png
535660546722;Подложка для роторной машинки 75 мм MaxShine, М14, толщина 22 мм, полиуретан;1;images/535660546722_1.png;https://static.tildacdn.com/stor3561-3336-4664-b865-383337316335/113d9f65372c9f7831962af7f4a49746.png
138233970792;Войлочный (шерстяной) полировальный круг для стекла 80 мм MaxShine, набор 2 шт;1;images/138233970792_1.png;https://static.tildacdn.com/stor3665-3938-4632-b838-633838633762/de29dc39126ed4bd0e60471434c7cafe.png
298124075092;Войлочный (шерстяной) полировальный круг для стекла 125 мм MaxShine, набор 2 шт;1;images/298124075092_1.png;https://static.tildacdn.com/stor3131-6137-4537-b132-343263653939/eba1bc7561ca553589fdf88a7172b1e0.png
560677076372;Набор удлинителей для роторной машинки MaxShine, нержавеющая сталь, 3 шт: 5/8/12 см;1;images/560677076372_1.png;https://static.tildacdn.com/stor3437-6133-4564-b831-383338316430/c2395d4e840560183fcbc22dfb7f1ec4.png
965670236232;Shine Systems AirLine AntiGlue - быстрый очиститель краски, клея, скотча, 400 мл;1;images/965670236232_1.jpg;https://static.tildacdn.com/stor3639-3437-4264-b934-366166316431/0fce635a07eda9478f60af0025da66e8.jpg
225486843702;Koch Chemie Очиститель смолы и битума TeerWasche A 5л;1;images/225486843702_1.png;https://static.tildacdn.com/stor3139-6361-4733-b933-363238316664/a2edde29ddd1471446c98361d5e8c30e.png
765422869722;Farecla Profile 350 Premium Liquid абразивная полировальная паста, 250мл;1;images/765422869722_1.jpg;https://static.tildacdn.com/stor6235-6331-4233-a232-356235623566/2e23b126890cb2f46bbaaead32f42f6b.jpg
464888347532;Детейлинг маркеры CHALK MARKER 8 цветов для работы с ЛКП и пленкой круглый стержень 6 мм;2;images/464888347532_1.jpg|images/464888347532_2.png;https://static.tildacdn.com/stor3830-3836-4632-a465-313132353835/7aae2bf823b59655dd55755a910fef82.jpg|https://static.tildacdn.com/stor3134-3434-4234-b334-363164623930/6aeacacd9d1b3c88630531e796182a45.png
323701983342;EIKOSHA (A-16) Ароматизатор меловой Spirit Refill - SHOWER COLOGNE;1;images/323701983342_1.png;https://static.tildacdn.com/stor3731-6631-4333-b730-356661353332/1cbc5574f9b5b887273510dde2789d4a.png
968971644332;EIKOSHA (A-11) Ароматизатор меловой Spirit Refill - APPLE;1;images/968971644332_1.png;https://static.tildacdn.com/stor3666-3863-4062-b835-306461656531/bf39e99b4f950cc5219e81015b8cd110.png
983515917332;EIKOSHA (A-25) Ароматизатор меловой Spirit Refill - XU;1;images/983515917332_1.png;https://static.tildacdn.com/stor6132-3962-4565-b361-333865343935/2681abd4d78ed526e8021bb21133ba92.png
208895620612;EIKOSHA (A-28) Ароматизатор меловой Spirit Refill - SAZAN SQUASH;1;images/208895620612_1.png;https://static.tildacdn.com/stor6337-3664-4833-a665-386233373166/f73284aae92e9870a9740f94082d26bd.png
220509047762;Koch Chemie REINIGUNGSKNETE BLAU - Безабразивная чистящая глина мягкого воздействия, синяя (200 гр);1;images/220509047762_1.png;https://static.tildacdn.com/stor3162-6162-4261-b665-363763373530/0c64150e6373e3030f9873fdae36343e.png
557071676522;Soft99 Антидождь для боковых зеркал Zero Glaco 32мл;1;images/557071676522_1.png;https://static.tildacdn.com/stor3333-6135-4161-b263-333566336161/0a1cf60217313ff9593e33d4f9fdc30d.png
679852430402;FHA050 Foam Heroes Slide Glide Mitt варежка из микрофибры для мойки автомобиля 17.5х23см, 1400г/м2 FHA050 Foam Heroes Slide Glide Mitt варежка из микрофибры для мойки автомобиля 17.5х23см, 1400г/м2 FHA050 Foam Heroes Slide Glide Mitt варежка из микрофибры для мойки автомобиля 17.5х23см, 1400г/м2 FHA050 Foam Heroes Slide Glide Mitt варежка из микрофибры для мойки автомобиля 17.5х23см, 1400г/м2;0;;
999587540632;Foam Heroes Slide Glide Mitt варежка из микрофибры для мойки автомобиля 17.5х23см, 1400г/м2;1;images/999587540632_1.webp;https://static.tildacdn.com/stor3334-3332-4166-a463-363564306138/65b3d9edfea3101734f593ea4313e716.webp
302546027512;Foam Heroes The Collector двухстороннее полотенце для сушки автомобиля 70х90см, 1100г/м2;2;images/302546027512_1.png|images/302546027512_2.png;https://static.tildacdn.com/stor3662-3265-4366-a462-323732613533/46353002.png|https://static.tildacdn.com/stor3339-6437-4630-b264-633937393335/4febd3a2aa8bb3420a261dbdc4450bd1.png
913096310972;Абразивный очиститель стекла LERATON L3 473мл;1;images/913096310972_1.png;https://static.tildacdn.com/stor3939-3964-4836-a332-333735353236/def6781a38ae92149341e04953f080cf.png
487488679372;Цитрусовый шампунь для предварительной мойки LERATON PW3 1л;1;images/487488679372_1.png;https://static.tildacdn.com/stor6435-3238-4466-b238-373334343666/d1244fc34c3640dc1ae5325dec94cc27.png
782638189252;Высококонцентрированный очиститель покрышек и колесных дисков LERATON G11 STRONG 3,8л;1;images/782638189252_1.png;https://static.tildacdn.com/stor3466-6131-4565-a336-663833373361/d2175dc89627bc1bf76ed8722c54cb54.png
938698724342;Кондиционер шин и резиновых изделий LERATON P2 473мл;1;images/938698724342_1.png;https://static.tildacdn.com/stor3937-3132-4432-b536-363538633132/d19da6faf8f9b95589619ef2209f9b4d.png
557902703822;Очиститель-кондиционер пластика LERATON P7 PLASTIC ANGEL CASHMERE FLAME 473 мл;1;images/557902703822_1.png;https://static.tildacdn.com/stor3437-6239-4966-a431-333865336163/d781589a8a3355e16989505212ab7ecf.png
748662002952;Очиститель двигателя LERATON G5 473мл (готовый состав);1;images/748662002952_1.png;https://static.tildacdn.com/stor6230-6566-4335-b036-333430653435/7167c0503ebda7c9dffb9411b25a863e.png
798474930842;Универсальный очиститель LERATON G1 473мл;1;images/798474930842_1.png;https://static.tildacdn.com/stor3164-3265-4633-a363-636633303065/866ae253bc88051ffd1e7bfe814794d0.png
941768152982;Smart Open Шампунь для микрофибр Cool Fiber 0,25л;1;images/941768152982_1.png;https://static.tildacdn.com/stor3464-3135-4866-b761-383466643163/7df06723ec4e0a6950e1cf2b72848ca2.png
661211919802;Smart Open Кислотное средство для второй стадии мойки кузова автомобиля Mystic 1л;1;images/661211919802_1.png;https://static.tildacdn.com/stor6339-3931-4730-b065-373961353361/954d0e61c89c2e5b5c30d980076f2a97.png
267711471312;Detail Кислотный шампунь AD (Acid Shampoo) 1л DT-0325;1;images/267711471312_1.png;https://static.tildacdn.com/stor6662-6234-4937-a565-316539313334/a06ae3869336bece77b9a0d424287be2.png
535235325042;Detail Концентрированный жидкий воск SW (Super Wax) 1л DT-0160;1;images/535235325042_1.png;https://static.tildacdn.com/stor3438-3164-4161-b334-653566393833/95dc644563221964a797809983cc06e0.png
103269636592;Detail Чернитель шин TR (Tire) 500мл DT-0130;1;images/103269636592_1.png;https://static.tildacdn.com/stor6136-3232-4066-a665-653235396436/0b101722a253afc321fef3288753f55b.png
394188757362;Кислотный очиститель днища Alumax, Vintex, 1 литр;1;images/394188757362_1.png;https://static.tildacdn.com/stor6662-6239-4466-a539-643433656632/caf85aafa5ad7ac07898c48d5aba7e88.png
159267809292;Кислотный очиститель днища Alumax, Vintex, 0,2 литра;1;images/159267809292_1.png;https://static.tildacdn.com/stor3834-3664-4038-a138-316138656264/9e584e5de58bf89a2cef0140cd154b1e.png
563209445462;Removex Vintex, Высококонцентрированный щелочной состав для мойки днища , 1 литр;1;images/563209445462_1.png;https://static.tildacdn.com/stor3931-3630-4632-a165-383133333931/63ef4d3d69de80e46716d719ddab28a2.png
798878760482;Removex Vintex, Высококонцентрированный щелочной состав для мойки днища , 5 литров;1;images/798878760482_1.jpg;https://static.tildacdn.com/stor6264-6466-4935-b931-613630623039/977b204f4638e80f9f079693b61814c6.jpg
722380918352;Ecoblack Vintex Финишный состав для обработки колесных арок, 1,5 литра;1;images/722380918352_1.png;https://static.tildacdn.com/stor3138-6464-4637-b566-376463646537/a47e283bd0004837d2f53137a92c6273.png
604922173972;PRIZM VONIXX Профессиональный очиститель от оксидного и известкового налета, 1,5 литра;4;images/604922173972_1.png|images/604922173972_2.png|images/604922173972_3.png|images/604922173972_4.png;https://static.tildacdn.com/stor3632-6563-4164-b365-313066383537/3d418e838985ad2697bad053c9c40dd9.png|https://static.tildacdn.com/stor3934-6165-4664-b236-623461653638/3b4d5e35e163f10cdf843a74babadecb.png|https://static.tildacdn.com/stor3934-6165-4664-b236-623461653638/3b4d5e35e163f10cdf843a74babadecb.png|https://static.tildacdn.com/stor3434-6632-4737-b435-306664323662/08508d7b1b0a6d8825c309ffb8c16069.png
788931668792;PRIZM VONIXX Профессиональный очиститель от оксидного и известкового налета, 500 мл;3;images/788931668792_1.webp|images/788931668792_2.png|images/788931668792_3.png;https://static.tildacdn.com/stor3938-3538-4639-a130-383437386530/d3f53cfbf54275a4f3f694c16b56ba24.webp|https://static.tildacdn.com/stor3934-6165-4664-b236-623461653638/3b4d5e35e163f10cdf843a74babadecb.png|https://static.tildacdn.com/stor3934-6165-4664-b236-623461653638/3b4d5e35e163f10cdf843a74babadecb.png
239188733872;Быстрое керамическое покрытие Sinergy Paint Vonixx, 0,5 литра;1;images/239188733872_1.png;https://static.tildacdn.com/stor3837-3735-4236-b937-383735376462/1bfbf24c85b938ada7f5432632374091.png
496988958662;Керамическое покрытие Nasiol NeocoatX 100 ml.;1;images/496988958662_1.png;https://static.tildacdn.com/stor6534-6438-4262-b630-376665333864/c7ad027ca4585ac708a81a5e002ace99.png
567497556582;Керамическое покрытие Nasiol XR03 50 ml.;1;images/567497556582_1.png;https://static.tildacdn.com/stor3839-3730-4735-b436-623736646433/626ea881f1bffcffce760d4fdfa318a9.png
189326095532;Nasiol Керамическое покрытие ZR53 Nano Ceramic Coating;1;images/189326095532_1.png;https://static.tildacdn.com/stor3934-6630-4035-b231-663037313135/50fcc2120044e166858dc256e57ee93e.png
793502821832;Nasiol Керамическое покрытие PPFGGUARD Nano Ceramic Coating for Car PPF Protection;1;images/793502821832_1.png;https://static.tildacdn.com/stor3439-6335-4165-b137-396535653861/dfa79ac0327e9c4d82614354b38153fc.png
450548117812;Shine Systems Ключ для канистр 5, 20, 60л;1;images/450548117812_1.jpg;https://static.tildacdn.com/stor3232-3562-4532-b065-366137376637/aca054f5605e37dff722d7f91ca6ece3.jpg
445548931552;FURY'S Citrus Boom TFR Бесконтактный шампунь с цитрусовыми маслами, 2 л;1;images/445548931552_1.png;https://static.tildacdn.com/stor3364-3634-4461-b135-343039373238/db93369f8ab04eb9e42f0a5f312308bd.png
298478629142;FURY'S Glass Clash Спиртовой очиститель стекол 500 мл;1;images/298478629142_1.png;https://static.tildacdn.com/stor6437-3634-4636-b530-353332323632/751ba6cafe98802ffab6e18aab8c254a.png
211303512832;FURY'S Glass Clash Спиртовой очиститель стекол, 2 л;1;images/211303512832_1.png;https://static.tildacdn.com/stor3664-3534-4031-b039-346666393439/863502603d7170bbfa3fa98376eafd1d.png
796782103812;KochChemie Высокоглянцевая антиголограммная полироль HochGlanz AntiHologramm Politur M2.01 250мл;1;images/796782103812_1.png;https://static.tildacdn.com/stor3434-6133-4034-b832-313038313132/236f3c0f8d6944a7c4363470b4f754c1.png
892459705302;Koch Chemie GUMMIFIX SILICONOLFREI - Восстановление внешнего вида ковриков, педального блока (1л);1;images/892459705302_1.png;https://static.tildacdn.com/stor6437-6338-4539-a631-383665656563/fef3b2c5ed6ec8cbf81ce3262aed9bd3.png
519085055882;Kwazar Распылитель ручной (синий) Merkury PRO+ (pH 3-8) 500 мл;1;images/519085055882_1.png;https://static.tildacdn.com/stor3965-3539-4661-b330-383437306266/29fa7edcd076c2e3287c3616bb240bd5.png
308054024112;Kwazar Распылитель ручной (синий) Merkury PRO+ (pH 3-8) 1 л;1;images/308054024112_1.png;https://static.tildacdn.com/stor3963-6263-4138-a134-356464623036/5f26c59844186fc3cb09eb36055a64c4.png
725399267112;Kwazar Mercury Super 360 Триггер pH 5-7, черный;1;images/725399267112_1.jpg;https://static.tildacdn.com/stor3631-6166-4235-b932-623565343237/718bc40e4e2d3d80953a7a048d356a5e.jpg
839226448722;Kwazar Mercury Super 360 Триггер pH 3-8, синий;1;images/839226448722_1.jpg;https://static.tildacdn.com/stor6464-6531-4437-b962-643265356463/f68a4dbac2ebc672cef5e9186f3dd17b.jpg
314665003232;"Detail Спрей для быстрого ухода за всеми типами поверхностей QD ""Quick Detailer"" 1000 мл";1;images/314665003232_1.png;https://static.tildacdn.com/stor3238-6162-4539-a133-656166356466/eb24999b2a64e9248d27e2c62555e315.png
793307084662;ViewОК Антидождь Lotus F 50 мл;1;images/793307084662_1.png;https://static.tildacdn.com/stor3039-3330-4139-b263-636362336661/ad051464a0acab2c1a0ba72d15fb47ac.png
927516613382;OOPSY Керамическая защита для кожи CRAZY 50 мл L01;1;images/927516613382_1.png;https://static.tildacdn.com/stor6533-3863-4836-a561-646330343731/1712b61b9e2e6ad1878ea3485bda283d.png
135593542222;Shine Systems AirLine FoamDetailer - универсальный очиститель, 400 мл;1;images/135593542222_1.png;https://static.tildacdn.com/stor6132-6238-4764-b335-623665656230/287db58265862465a9cce1eb7386030e.png
116850717162;Поролоновый полировальный круг 160-165/25/150мм Zvizzer Trapez - антиголограмный;1;images/116850717162_1.png;https://static.tildacdn.com/stor3938-6364-4732-b433-386431363535/0d09011f3051a89bf1458ea4646903e6.png
814115033102;Zvizzer Thermo Pads HEAVY 155-160/20/150мм, 1 шт. Полировальный термостойкий поролоновый зелёный круг жёсткий 22 kPa;1;images/814115033102_1.png;https://static.tildacdn.com/stor3831-3263-4534-b239-653135643731/48b2a75499d038fa1aab8e0e46cf4148.png
543272958132;Zvizzer Thermo Pads HEAVY 130-140/20/125мм, 1 шт. Полировальный термостойкий поролоновый зелёный круг жёсткий 22 kPa;1;images/543272958132_1.png;https://static.tildacdn.com/stor6261-3738-4437-b062-306339363831/816efcc2f0d69ceafbfabebbb682101d.png
298552395402;Zvizzer Thermo Pads HEAVY 90/20/80мм, 1 шт. Полировальный термостойкий поролоновый зелёный круг жёсткий 22 kPa;1;images/298552395402_1.png;https://static.tildacdn.com/stor3438-6263-4338-b766-393935613265/8228cb6b1791aed659d3d21d08636b1a.png
313504722692;Меховой круг Doodle WoolPad 155/25/155мм, черный;1;images/313504722692_1.png;https://static.tildacdn.com/stor6634-6661-4838-b837-663235303466/e7d1239a99dbea74f887c25b6b203433.png
964536961542;ZviZZer Меховой круг твердый интерфейс (зеленый) THERMO WOOL 20 мм (DA) 150мм;1;images/964536961542_1.png;https://static.tildacdn.com/stor3435-3636-4538-b330-633565376665/d9614a513d001369a8c7990ef5de0fc3.png
913189082522;ZviZZer Гибридный круг мягкий интерфейс (черный) THERMO HYBRID 15 мм (DA) 140/15/125;1;images/913189082522_1.png;https://static.tildacdn.com/stor3334-3335-4764-b235-366565346661/91d186a8f333c8f8d11a8f47b4fc6c9e.png
590466389732;FURY'S Quick Glass Квик детейлер для стёкол и экранов, 500 мл;1;images/590466389732_1.png;https://static.tildacdn.com/stor3339-3462-4234-b763-383831623439/2c437b565b81e62e25db3ae367d8ad6d.png
264274105392;Foam Heroes Auramatica Фруктово-цветочный микс подвесной ароматизатор;1;images/264274105392_1.png;https://static.tildacdn.com/stor3464-3562-4366-a537-653062386663/15aa10499ea0dbc6a28d6e3b64a47b04.png
290209965332;Foam Heroes Auramatica Кола и лайм подвесной ароматизатор;1;images/290209965332_1.png;https://static.tildacdn.com/stor3961-3666-4334-a139-373938313133/76cfdc09037eac48121ab1b921343b5d.png
715210854502;Foam Heroes Auramatica Ванильный леденец подвесной ароматизатор;1;images/715210854502_1.png;https://static.tildacdn.com/stor6239-3935-4636-b964-353863343630/294b3b2fb9ced27841054047a199d6ae.png
694109108452;Foam Heroes Auramatica Сочная гуава подвесной ароматизатор;1;images/694109108452_1.png;https://static.tildacdn.com/stor3462-3036-4265-b830-623062373536/b351746f3dcf63f7c3905399ef4585ac.png
887140934492;Foam Heroes Auramatica Терпкий грейпфрут подвесной ароматизатор;1;images/887140934492_1.png;https://static.tildacdn.com/stor6432-3030-4166-b763-376638343965/513897d1e66ff4e90add9be88d326d51.png
634013638232;Foam Heroes Auramatica Мандарин и карамельный базилик подвесной ароматизатор;1;images/634013638232_1.png;https://static.tildacdn.com/stor6233-6234-4139-b230-623734633466/7a4ed692c0e0b176905abbae07c6d16a.png
973240790712;Foam Heroes Auramatica Манго и маракуйя подвесной ароматизатор;1;images/973240790712_1.png;https://static.tildacdn.com/stor3334-6336-4639-a561-653330326233/ddb0736ce816247ccda1e7cc2f525b4f.png
460170998992;Foam Heroes Auramatica Мятный баблгам подвесной ароматизатор;1;images/460170998992_1.png;https://static.tildacdn.com/stor6231-6333-4438-b533-333535396666/7ae0f96b89189d494edb563356c8248e.png
902827193552;OOPSY FG1 Пеноинжектор с бутылкой HdPE 100мл;1;images/902827193552_1.png;https://static.tildacdn.com/stor3631-6665-4262-b864-323561363066/c6b504710b87cbf6b53934860d09a9eb.png
302977943922;IK Goizper Распылитель для щелочей и кислот MULTI TR1 1 л;1;images/302977943922_1.png;https://static.tildacdn.com/stor3734-3037-4336-b331-363861376462/bc6e25b3e70785a2ed87d367e6cdf490.png
137872641512;IK Goizper Распылитель MULTI TR 360 MINI 0,6 л;1;images/137872641512_1.png;https://static.tildacdn.com/stor3833-6136-4562-b934-323836343463/d1c286a5c4861c3873c918442c505b9f.png
896993232242;Shine Systems RustOFF - преобразователь ржавчины с цинком, 750 мл;1;images/896993232242_1.jpg;https://static.tildacdn.com/stor3161-6632-4639-b964-383363616362/11407d0a2caa0cde40e39d3b3f08f2aa.jpg
606873893622;FIREBALL RAPTOR [NEW 2026] - Керамическое покрытие для дисков и внешнего пластика 35мл;1;images/606873893622_1.png;https://static.tildacdn.com/stor6565-3239-4061-b462-663165353932/550243dca3826bb6eddd1184efaec716.png
242156579332;FIREBALL HERA [NEW 2026] - Керамическое покрытие 30мл;1;images/242156579332_1.png;https://static.tildacdn.com/stor6530-3031-4338-b634-613132656365/b0cfc80a0bf413d1ebba7a053880dbe2.png
954981884372;FIREBALL NANO COAT v.3, 50мл - Керамическое покрытие для всех поверхностей;1;images/954981884372_1.png;https://static.tildacdn.com/stor3630-6631-4064-b138-373538663536/2c168aacf3a738a2192f5dd4db7142e3.png
563880089072;150 мм - Круг полировальный крученая шерсть (натуральная витая овчина) Prisys 4 PLY Cupped Twisted;1;images/563880089072_1.png;https://static.tildacdn.com/stor6136-3330-4333-b064-383738343330/222c348e27f2a583ed946bf469b94dac.png
664209812712;125 мм - Круг полировальный крученая шерсть (натуральная витая овчина) Prisys 4 PLY Cupped Twisted;1;images/664209812712_1.png;https://static.tildacdn.com/stor6433-3965-4539-b232-636462353030/90e2414b037c825b357babf482873df8.png
784764239072;Prisys Eraser Pad Диск для снятия скотча с адаптером 88*15 мм;1;images/784764239072_1.png;https://static.tildacdn.com/stor3961-3138-4462-b663-303964306432/6c7012d821c0f28a5080e04f43fc779a.png
183642103902;Ультрапрочные нескользящие нитриловые перчатки NATRIX Jeta Pro XL;1;images/183642103902_1.png;https://static.tildacdn.com/stor6239-3161-4966-a237-366430373435/06ddf8a08a8b1e4d9a12b52b283d56b8.png
872171361782;Ультрапрочные нескользящие нитриловые перчатки NATRIX Jeta Pro L;1;images/872171361782_1.png;https://static.tildacdn.com/stor3865-3034-4862-b138-323236653538/1b504368344b5c99a92792343fe5b1e4.png
222737361872;Ультрапрочные нескользящие нитриловые перчатки NATRIX Jeta Pro M;1;images/222737361872_1.png;https://static.tildacdn.com/stor3865-3034-4862-b138-323236653538/1b504368344b5c99a92792343fe5b1e4.png
397251443162;Vonixx Кислотный очиститель Vintex Alumax 5 л;1;images/397251443162_1.png;https://static.tildacdn.com/stor3732-6161-4638-a366-653766663862/4dea2b5995ac9ce93a26cdadcc8fa151.png
636290156892;Vonixx Легкое антикоррозийное средство Vintex Pulviflex 1,5 л;1;images/636290156892_1.png;https://static.tildacdn.com/stor6235-3331-4334-b636-386338646663/df8d090729f5f33b97fd021ea9b1656d.png
648440011602;FURY'S The Big One Бесконтактный шампунь, 2 л;1;images/648440011602_1.png;https://static.tildacdn.com/stor3864-3738-4935-a365-633436653233/edcc07aa8d0150c80d49be7556623082.png
596384787652;Koch Chemie Высокоглянцевая антиголограммная паста Micro Cut M2.02 250 мл;1;images/596384787652_1.png;https://static.tildacdn.com/stor6138-3533-4630-b737-343665613465/9b3824a7505f28676e1ba6c5501d548c.png
807736559462;Антикоррозийное покрытие для днища IGL Aegis 1 кг + отвердитель;1;images/807736559462_1.png;https://static.tildacdn.com/stor3135-3666-4235-b532-386137336465/d526ae65e7730d782012d8c5e3dafc33.png
165429462842;Очиститель-полироль пластика LERATON P1 RASPBERRY SMOOTHIE 473 мл;1;images/165429462842_1.png;https://static.tildacdn.com/stor6163-6631-4637-b036-616537373830/93c68cf613a2386523042d9207924be7.png
356605859652;Очиститель-кондиционер пластика LERATON P7 PLASTIC ANGEL PINEAPPLE VANILLA 473 мл;1;images/356605859652_1.png;https://static.tildacdn.com/stor3963-3935-4561-a362-313636626666/6d5a4c7accbeacd0269c7117a81f6fe4.png
673126235652;Кондиционер шин и резиновых изделий (полуглянцевый) LERATON P4 SATIN 473 мл;1;images/673126235652_1.png;https://static.tildacdn.com/stor3735-6430-4435-a632-646263366433/4f4f5d1a9dd35bd324459025e1702d8c.png
355464611142;SMART OPEN АППЛИКАТОР поролоновый, в форме полумесяца, фиолетовый, для нанесения составов на шины;1;images/355464611142_1.png;https://static.tildacdn.com/stor3433-3264-4133-b965-363333336662/85793949933f348d220a6b2543864bcb.png
545917926692;Smart Open Motor Protector - высокостойкий консервант двигателя 0,25 л;1;images/545917926692_1.png;https://static.tildacdn.com/stor6630-3434-4937-a530-373132653763/0318291e1f1faa0919ba0844cd7d9f04.png
258021871382;GYEON Керамическое кварцевое покрытие для защиты кожи Q2 Leather Shield 50 мл;1;images/258021871382_1.png;https://static.tildacdn.com/stor6663-3438-4438-b630-633332373965/27f860451cfdaf4adabc493df085461b.png
683227987462;Foam Heroes Foam Buddy шампунь для бесконтактной мойки автомобиля, 500мл;1;images/683227987462_1.png;https://static.tildacdn.com/stor3035-3630-4138-b631-303462656432/3cdec15d3ccc5fc39e98d6489f519d43.png
637814155642;Foam Heroes Power Wheels высокоэффективный очиститель шин и дисков, 500мл;1;images/637814155642_1.png;https://static.tildacdn.com/stor3861-3435-4037-b530-383763663434/161a90d3ac42ce8bc1c9adfcba21716e.png
977481272492;Foam Heroes Scrub Applicator XL аппликатор для глубокой очистки стекол, 8х5х3,7см;1;images/977481272492_1.png;https://static.tildacdn.com/stor3833-6531-4537-b037-323837336232/cadbf955ceedf0f3fe1942e371c584dd.png
324467834082;Foam Heroes Tweaks Detailing Brushes набор кисточек с косметическим ворсом (2шт);3;images/324467834082_1.png|images/324467834082_2.png|images/324467834082_3.png;https://static.tildacdn.com/stor3639-3765-4162-b033-346632656135/076a14dd54086db82c9ac4729de5f5be.png|https://static.tildacdn.com/stor3761-6365-4562-a233-373565653137/0507bdbfacc8dc2715aa235c37981b01.png|https://static.tildacdn.com/stor3431-6366-4661-a664-346232316437/f3a928b4e40e6b72d1799dc6bbc56cf9.png
522572638382;Foam Heroes Pure Wheels концентрированный очиститель шин и дисков, 5л;1;images/522572638382_1.png;https://static.tildacdn.com/stor3635-3335-4232-b764-346666303964/4ed035ba4d8fdd8fce7b934f285d58e0.png
535240265362;Foam Heroes Minigun всасывающая трубка с металлическим наконечником;1;images/535240265362_1.png;https://static.tildacdn.com/stor6666-6236-4532-b231-656662616663/0fcd43c7cf2ce3ad29f50c3afa2bc207.png
400294456352;Меловой ароматизатор OSMANTHUS - SPIRIT REFILL Air Spencer A-111, Eikosha;1;images/400294456352_1.png;https://static.tildacdn.com/stor3663-6531-4131-a335-353835383331/f22a12f736ed45e3b30f7629ced67c98.png
214196841722;Eikosha (A-110) Ароматизатор меловой SPIRIT REFILL - PEAR FREESIA;1;images/214196841722_1.png;https://static.tildacdn.com/stor3936-3333-4762-b163-353536333865/fed622fa0b628cd740ca53765c3830d4.png
194970202702;Eikosha (A-101) Ароматизатор меловой SPIRIT REFILL - BRIGHT MUSK;1;images/194970202702_1.png;https://static.tildacdn.com/stor3732-3338-4639-b435-663232626363/8244534c9bd32e7cdb79765d57f0363a.png
210085552102;Eikosha (A-70) Ароматизатор меловой SPIRIT REFILL - RELAX SHAMPOO;1;images/210085552102_1.png;https://static.tildacdn.com/stor3737-3233-4236-b762-333665313765/86e9eb608ffceac298c3a04ca1ca5aa3.png
536166349302;Shine Systems Orange Bomb Shampoo – автошампунь для ручной мойки, 750мл;1;images/536166349302_1.png;https://static.tildacdn.com/stor6338-3631-4830-b432-303633383433/14e51387d0b5858675653e07ced11c2f.png
682026844402;Shine Systems DuchessBomb Shampoo автошампунь для ручной мойки, 750мл;1;images/682026844402_1.png;https://static.tildacdn.com/stor3637-3764-4564-b263-633637363439/ec49578cb27cfa7b4e80e69a388309d0.png
295092006112;Роторная полировальная машинка MaxShine M550, подложка 75 мм, 550 Вт;1;images/295092006112_1.png;https://static.tildacdn.com/stor3432-3035-4639-a338-653865303665/0bbb7dec898a34d75954c97f08713c2a.png
124969559222;Пистолет Продувочный DELIXI Electric 110мм;1;images/124969559222_1.png;https://static.tildacdn.com/stor6338-6132-4835-a634-363137633034/49e9c475e7a6399d7fe0416789361ca2.png
626954695972;Щетка для чистки шин жесткая, обрезиненная ручка MaxShine, 22*6*1,2 см, щетина ПП;1;images/626954695972_1.png;https://static.tildacdn.com/stor3437-3661-4233-b061-663937363964/982bc4e5e85dd3a6ecc39d3cbc45942c.png
932994990342;Foam Heroes Mad Drops быстрое гидрофобное покрытие для ЛКП древесно-фруктовый, 500мл;1;images/932994990342_1.png;https://static.tildacdn.com/stor3464-3333-4635-a634-656461643762/68b4b96358cb2b6a63fb75ed0c1ec38f.png
566598018212;Foam Heroes Power Wheels высокоэффективный очиститель шин и дисков, 5л;1;images/566598018212_1.png;https://static.tildacdn.com/stor3762-3132-4566-b062-313364363266/20a56968d6128d16ee26200cba3f2057.png
458240417262;Foam Heroes Easy Prep очиститель-обезжириватель на спиртовой основе, 5л;1;images/458240417262_1.png;https://static.tildacdn.com/stor3132-6362-4039-b339-616132393830/6c07b63eff1a79f9d15b2b5a56dafe77.png
262036908182;Foam Heroes Acid Shock кислотный шампунь для ручной мойки автомобиля, 5л;1;images/262036908182_1.png;https://static.tildacdn.com/stor3561-6235-4563-a665-303830383132/7f4dac6d5dfa11f1d880899d970d5a12.png
529360623842;Foam Heroes Acid Citrus кислотный шампунь для ручной мойки автомобиля, 5л;1;images/529360623842_1.png;https://static.tildacdn.com/stor3439-6236-4764-b038-303361653664/860db3508102a720afe64683718d065c.png
400702280662;Щетка из щетины кабана средняя LERATON BOAR BRISTLE BRUSH M BR5;1;images/400702280662_1.png;https://static.tildacdn.com/stor3166-3330-4365-b136-323161366565/70d80624eb9ece9d6da1dde1b5fed762.png
787847971992;Smart Open Щетка для чернения шин круглая с искусственным ворсом в боксе;1;images/787847971992_1.png;https://static.tildacdn.com/stor3931-3164-4036-a330-333366303566/a58889afe2bc4244e397c017dae6e628.png
128175859172;"EIKOSHA Ароматизатор на дефлектор GIGA GX - ""CUCINI""";1;images/128175859172_1.png;https://static.tildacdn.com/stor3765-3864-4464-b632-653330653434/033c1be5244db2efa819854eedbd8637.png
322036016722;Meguiar’s Trigger Air Re-Fresher Black Chrome;1;images/322036016722_1.png;https://static.tildacdn.com/stor6438-3664-4831-b938-333933396134/4ceb1e503664f4f26587d07de973e763.png
971388262412;Чернитель шин OOPSY Tire Shine 500мл;1;images/971388262412_1.png;https://static.tildacdn.com/stor6562-3139-4965-b066-383563666262/32b9e780f2ef08bfdad1460ee01d17a5.png
368065439752;Матовый воск для уходя за интерьером авто OOPSY Interior Wax 500мл;1;images/368065439752_1.png;https://static.tildacdn.com/stor3036-3233-4831-a165-356131373432/1d2e004f0c49cd8e62b82ac2460ba102.png
830300608362;Экспресс средство для усиления водоотталкивающих свойств OOPSY Wet Coat 500мл;1;images/830300608362_1.png;https://static.tildacdn.com/stor3165-3065-4364-b532-396463303164/04b35f8b9eb6131289cc0561057e8500.png
813763013512;Моющая губка для бережной мойки авто OOPSY Wash Pad;1;images/813763013512_1.png;https://static.tildacdn.com/stor3037-3462-4034-b130-613730376333/f5013153394508b4b95d8a6e2d0adc43.png
186799820912;Спрей-очиститель для быстрого ухода Shine Systems QuickDetailer Fresh 200мл;1;images/186799820912_1.png;https://static.tildacdn.com/stor3664-3039-4234-b236-386332316233/5d0b20b6dbb92de8e22b9c2bba32c07a.png
152336471422;Shine Systems QuickDetailer Banana - спрей-очиститель для быстрого ухода, 200 мл;1;images/152336471422_1.png;https://static.tildacdn.com/stor3930-3136-4365-b231-626332333234/6a199f93a72eb605b50c8088c5eba582.png
840788656312;Shine Systems InteriorCleaner - универсальное средство для химчистки, 200 мл;1;images/840788656312_1.png;https://static.tildacdn.com/stor3265-3835-4035-b564-613033663837/f6ab7a510df26a6ac9e1a2924e28df40.png
491421109402;Shine Systems SoftCleaner - нейтральное средство для химчистки с кондиционером, 200 мл;1;images/491421109402_1.png;https://static.tildacdn.com/stor6238-6164-4833-b134-396632363233/66eaf9d7ada01ebd0d1cd7fcedbc0f7e.png
347164753852;Smart Open Быстрый гидрофобный состав (готов к применению) Quartz Energy 500 мл;1;images/347164753852_1.png;https://static.tildacdn.com/stor6133-6663-4163-b765-376636653530/568766d2a910150b8b64d907b0e6d4e5.png
589687718272;FIREBALL Бутылка пустая для EASY COAT Extra 500мл;1;images/589687718272_1.png;https://static.tildacdn.com/stor3964-3730-4766-a165-643738336638/8d620e99ba9ec7b5e7e58fbb1c861974.png
147945715462;FIREBALL Бутылка пустая химстойкая черная 500мл;1;images/147945715462_1.png;https://static.tildacdn.com/stor3436-3935-4663-b964-346263633366/d96377be780c445c9dec2a1e3e83a035.png
258052087752;Vikan Сгон для воды 25 см 707752;1;images/258052087752_1.png;https://static.tildacdn.com/stor3664-3533-4365-b339-623439333534/8d90be6005ad1915fcfa075d6f3be4e7.png
154084570972;Vikan Сгон для воды 35 см 707852;1;images/154084570972_1.png;https://static.tildacdn.com/stor3564-3934-4637-b434-623131333431/33aff517329c7e100e560e731a098587.png
318356958352;Щетка для мойки алюминиевых (легкосплавных) колесных дисков Vikan 525252 320mm;1;images/318356958352_1.png;https://static.tildacdn.com/stor6166-3230-4832-a664-323333656164/6fb9ae9b654370742e7f013fdd124b17.png
131909892282;Kwazar Распылитель компрессионный Venus Super PRO+ (pH 3-8) 1 л;1;images/131909892282_1.png;https://static.tildacdn.com/stor6338-3138-4630-a631-306232616433/67e0c92b9c704d20c6e4cd469a35770f.png
321447658142;Detailing Boom Полотенце из микрофибры.Цвет желтый.Плотность 400GSM 40/40;1;images/321447658142_1.png;https://static.tildacdn.com/stor3637-3739-4531-a330-373038333664/b799c722d32313e2f949e35a4912d462.png
613611794942;Detailing Boom Полотенце из микрофибры.Цвет серый.Плотность 400GSM 40/40;1;images/613611794942_1.png;https://static.tildacdn.com/stor3932-3561-4638-b433-633435326139/97ddbd0fedbf9eccfd26e0e6711c2d20.png
946132485952;Detailing Boom Полотенце из микрофибры.Цвет синий.Плотность 400GSM 40/40;1;images/946132485952_1.png;https://static.tildacdn.com/stor6332-3733-4238-b938-376534336639/b6be9a6752bf375fdd1492ba8ceb1046.png
157239823992;Foam Heroes Pure Fiber низкопенный шампунь для стирки микрофибры, 5л;1;images/157239823992_1.png;https://static.tildacdn.com/stor3463-3137-4232-b362-353662316332/66e2e0c28afbad6a16b0bb28e8c65c89.png
376935872582;Foam Heroes Total Eclipse консервант элементов наружного неокрашенного пластика, 100мл;1;images/376935872582_1.png;https://static.tildacdn.com/stor6161-3362-4437-a166-326238363661/0ac82e5e9a6d289fd1dc39d4bbb2929c.png
751168891362;Foam Heroes Foam Buddy шампунь для бесконтактной мойки автомобиля, 5л;1;images/751168891362_1.png;https://static.tildacdn.com/stor6161-6265-4462-a133-326434353932/921984b3f5039c4a0bf93ca9d74529d6.png
537460153812;Foam Heroes Mad Drops быстрое гидрофобное покрытие для ЛКП древесно-фруктовый, 5л;1;images/537460153812_1.png;https://static.tildacdn.com/stor3462-6136-4236-a336-333539613661/24a381a19af376dc298048daa662a6b0.png
597843887352;"Autech Профессиональный светодиодный прожектор 800 лм. CRI&gt;95";3;images/597843887352_1.png|images/597843887352_2.png|images/597843887352_3.png;https://static.tildacdn.com/stor3465-6137-4832-a237-303138343334/5cb96401f2f1e7e7ea4b8a518192787b.png|https://static.tildacdn.com/stor6430-3634-4161-b436-336230343934/efbbd99afbf850d2f28140a2524e3bd7.png|https://static.tildacdn.com/stor3465-6137-4832-a237-303138343334/5cb96401f2f1e7e7ea4b8a518192787b.png
246113949582;"Autech Профессиональный светодиодный фонарь 450 лм. CRI&gt;95";4;images/246113949582_1.png|images/246113949582_2.png|images/246113949582_3.png|images/246113949582_4.png;https://static.tildacdn.com/stor6631-3832-4262-b264-633533613932/ad41b183dae86312f463d75cac57a026.png|https://static.tildacdn.com/stor6431-3563-4665-b666-643064316131/854608f5e8c3d98053da49079ff71a42.png|https://static.tildacdn.com/stor3566-3638-4232-a534-373734306634/e742b1cda1e1c547aa3ad1d14a2c1114.png|https://static.tildacdn.com/stor6631-3832-4262-b264-633533613932/ad41b183dae86312f463d75cac57a026.png
483391465352;Щетка для салона с мягким ворсом из конского волоса, Smart Open;1;images/483391465352_1.png;https://static.tildacdn.com/stor6430-3563-4931-b738-613766613065/fb16b520cc21c746303f9ba259e1ca3d.png
177027385842;Щетка для чистки покрышек прорезиненная с серым ворсом Smart Open;1;images/177027385842_1.png;https://static.tildacdn.com/stor6231-6161-4462-b664-393066336162/738a881ba43441539ce0b1b9dad55a20.png
267661149792;Нейтрализатор запаха SMART OPEN DONNA NIGHT 45 (0,25л);1;images/267661149792_1.png;https://static.tildacdn.com/stor3033-3137-4331-b461-366234666635/ee606205c925d202b4f5b8c7b2961104.png
577935419682;Сменные лезвия Керамика;1;images/577935419682_1.png;https://static.tildacdn.com/stor6134-3138-4533-b564-383462616261/e42a9f0110e04eadf0e5d02b49896b5b.png
666677292442;Нож улитка;1;images/666677292442_1.png;https://static.tildacdn.com/stor3761-3064-4934-a330-346666376538/e10becf7280551793a4a79be24cc3bdd.png
293892359892;Нож TAJIMA 320 9мм 30° с металлическими направляющими;1;images/293892359892_1.png;https://static.tildacdn.com/stor6139-6636-4563-b732-316338663361/8222eb5e192f5c4531e00c9b80c1f692.png
793782564362;Лезвия Tajima 30 градусов;1;images/793782564362_1.png;https://static.tildacdn.com/stor3962-6237-4636-a337-613862613032/f6ddc355177aa618bdcff8adc34fffd1.png
797281620732;Лезвия TAJIMA CB-39RB, 9 мм, обламывающиеся с покрытием, 10 шт;1;images/797281620732_1.png;https://static.tildacdn.com/stor3332-3263-4739-b835-623263376666/e07c2851c4448b6036e23ab86eeee2b0.png
174227611292;Чизлер синий мягкий;1;images/174227611292_1.png;https://static.tildacdn.com/stor6230-3439-4763-b831-363861343238/52e3a429a5e865bc6eabcf42f95aed1d.png
436765632952;Набор выгонок для PPF с магнитом;1;images/436765632952_1.png;https://static.tildacdn.com/stor3562-6363-4166-b364-343433393837/e5da580d9e2b76a551399f6b7a977aa2.png
916432048952;Набор выгонок для PPF без магнитов;1;images/916432048952_1.png;https://static.tildacdn.com/stor3934-6465-4662-b331-373065366131/675d18fc007604736897aaf42a30a57c.png
913211927702;Выгонка мягкая силиконовая 10 см;1;images/913211927702_1.png;https://static.tildacdn.com/stor6465-3032-4163-a539-326162656635/067f954007db516e8e63198aa14540ce.png
814781313682;Выгонка мягкая силиконовая 6 см;1;images/814781313682_1.png;https://static.tildacdn.com/stor3364-6435-4362-a138-393066633030/566f670726b7f690c2d197f45ef50130.png
132633039022;Праймер PROBOND 30 мл;1;images/132633039022_1.png;https://static.tildacdn.com/stor3030-6236-4435-b334-333866393631/63dc92a75bc9219d89b2647edd2bf424.png
257082212832;Установочный концентрат FILM ON для установки пленки 500 мл;1;images/257082212832_1.png;https://static.tildacdn.com/stor3731-3733-4239-a239-313036383732/6c9938ed787fcfdba32aa3e2ebafb3c0.png
177042363982;Shine Systmes Black Line ReadyShampoo готовый ручной автошампунь с гидрофобным эффектом, 5л;1;images/177042363982_1.png;https://static.tildacdn.com/stor6463-6365-4861-a132-623464396664/2b23344edb0d54c2b9531eea2e856b20.png
148700895702;KILLER 250 ML Очиститель для удаления следов насекомых с автомобилей в бачок омывателя. Концентрат. MA-FRA, Италия.;1;images/148700895702_1.png;https://static.tildacdn.com/stor3032-6638-4539-b761-623335346633/7fab42eda3cb77d07698aae5969f5509.png
266389774542;Shine Systems VinylMatt Berry - матовый полироль для пластика салона, 750 мл;1;images/266389774542_1.png;https://static.tildacdn.com/stor3739-6331-4335-a130-353734323534/ba690fbb9a8a9369e41c49c60c67b42b.png
266775084062;Shine Systems Black Line RubbyWheelliams Терпеновый очиститель резины 400мл;1;images/266775084062_1.png;https://static.tildacdn.com/stor3662-3138-4633-b835-323961623637/e5597ff9cf72e26cf629ac49ef1a29ac.png
724514701362;Shine Systems Black Line QuickDrop Гидрофобный квик детейлер для экстерьера 400мл;1;images/724514701362_1.png;https://static.tildacdn.com/stor3033-3766-4533-a530-323063383863/094b37a30918f446e48ba8bd869f088a.png
908628258382;SMART OPEN Защитный крем для кожи SKIN MAGIC 250 мл;1;images/908628258382_1.png;https://static.tildacdn.com/stor3131-6133-4333-b263-663137316565/616cc2fdf633220aba894ec732b4cab7.png
149594372572;Очиститель алькантары LERATON T4 473 мл (готовый состав);1;images/149594372572_1.png;https://static.tildacdn.com/stor3633-3666-4530-b262-663533376666/241597b80f06801a302572f28f7e81a0.png
823707107562;Неабразивная полировальная глина голубая LERATON CL1;1;images/823707107562_1.png;https://static.tildacdn.com/stor3061-3539-4039-a330-353030663732/8b6ded6806d7080771694b035ac326ae.png
376512393762;Foam Heroes химостойкий мерный стакан с ручкой, 1000мл;1;images/376512393762_1.png;https://static.tildacdn.com/stor6135-3536-4935-b431-323065393631/6f47883c863e440ce132ba58a54a5e93.png
818794601492;Meguiar's Корректирующий состав DA Microfiber Correction Compound 3,8 л;1;images/818794601492_1.png;https://static.tildacdn.com/stor3836-3933-4964-b334-376138636239/9c45372c5a83f7281063639fceff2147.png
406868030363;AuTech Кисть для очистки дисков и двигателя 55х360 мм (чёрная) Au-261;1;images/406868030363_1.png;https://static.tildacdn.com/stor6638-6564-4232-b462-646639653434/7553ed04ec2e77c044f06d2cb684e3d2.png
225391041533;AuTech Кисть для очистки дисков и двигателя 55х360 мм (белая) Au-262;1;images/225391041533_1.png;https://static.tildacdn.com/stor3034-3163-4333-b234-336636643062/b9224b3f05f2920285cf2560cbe26a8d.png
464640019353;AuTech Триггер универсальный, чёрный Au-930;1;images/464640019353_1.png;https://static.tildacdn.com/stor6137-6162-4532-b062-306338313761/9fa3b5a29826a222fbf853dfb0843def.png
874249270133;AuTech Триггер универсальный, синий Au-931;1;images/874249270133_1.png;https://static.tildacdn.com/stor3366-3533-4162-b736-646139373766/82c0c0aa2ecd7601e563942067bc9ecc.png
536263472883;BubbleWax - профессиональный пенный воск для сушки и защиты кузова с эффектом кавитации, 5 л;1;images/536263472883_1.png;https://static.tildacdn.com/stor3039-6435-4634-b838-333139363463/97c57953fbf5e4b625eb5082ad71de27.png
148362693973;Деликатная щетка с конским волосом Shine Systems Soft Touch Brush;2;images/148362693973_1.png|images/148362693973_2.png;https://static.tildacdn.com/stor3432-3435-4337-b162-663664636532/74d4670f94b95210b2706472cd409b0d.png|https://static.tildacdn.com/stor6435-6133-4062-b937-353234656266/1cf56efcd2b26d4773c1bd3debe12373.png
196236692813;Shine Systmes MicroSoft Wheel Brush Slim – плоская микрофибровая щётка чистки дисков, 50 см;1;images/196236692813_1.png;https://static.tildacdn.com/stor3261-3064-4163-a332-626363353433/9d8cc1dfce4a6af7401a64e2e32c87b6.png
785724146983;Shine Systems MicroSoft Wheel Brush Flex – гибкая микрофибровая щётка для чистки дисков, 44 см;1;images/785724146983_1.png;https://static.tildacdn.com/stor3961-3231-4535-a233-313461636335/4de1560e0226b1c2a3d386ca4afdff78.png
276523628363;Shine Systems OrangeBomb – автошампунь для ручной мойки, 5 л;1;images/276523628363_1.png;https://static.tildacdn.com/stor3762-3438-4261-b361-336136353762/01bac9fc0d2a68724aabdcb0511baf0c.png
272209375503;Shine Systems Waffle Towel - вафельная микрофибра, 40*40см;1;images/272209375503_1.png;https://static.tildacdn.com/stor3232-6434-4139-a464-326237343836/2e5d654381bbe9d6df1b518536b213d8.png
834121252083;Sonax Стеклоомыватель концентрат 1:100 аромат гавана любовь 0,25мл.;1;images/834121252083_1.png;https://static.tildacdn.com/stor6661-3465-4238-b738-313937326134/08fd4ec848f55ce109ddb25a41e49b0f.png
444131740403;Shine Systems Набор профессиональных кистей для автомобиля (3шт) Detail Brush Kit;2;images/444131740403_1.png|images/444131740403_2.png;https://static.tildacdn.com/stor6132-3736-4232-a265-356162666462/c5f2c56c59fd04e24e586aa54ccf3c23.png|https://static.tildacdn.com/stor3334-6635-4232-b265-323133366263/9f2d492ad47d129377ae49db95ff85e5.png
231595203953;Shine Systems Набор удлинителей для роторных машинок Extension Rod Kit;1;images/231595203953_1.png;https://static.tildacdn.com/stor6339-3639-4330-b839-356330336664/26c22312cd865b3c9c69d6b51a47cbdb.png
242006269713;IRISTEK Полиуретановая пленка UPFR2, мягкий топ, суперглянец, 190 мкм;1;images/242006269713_1.png;https://static.tildacdn.com/stor3232-3932-4330-a331-643161336439/50bb3a8e5cf380db705041179f9d9544.png
256545486773;IRISTEK Полиуретановая пленка UPFR2 210, мягкий топ, глянец, 210 мкм;1;images/256545486773_1.png;https://static.tildacdn.com/stor3232-3932-4330-a331-643161336439/50bb3a8e5cf380db705041179f9d9544.png
456407079723;IRISTEK Полиуретановая пленка UPF2G PRO, твердый топ, глянцевая, 190 мкм;1;images/456407079723_1.png;https://static.tildacdn.com/stor3232-3932-4330-a331-643161336439/50bb3a8e5cf380db705041179f9d9544.png
304638118463;Foam Heroes Hydro Matte матовое чернение для автомобильных шин c SiO2, 5л;1;images/304638118463_1.png;https://static.tildacdn.com/stor6366-6133-4461-b964-353362663138/77ec5de3ca9f66818f1b84a6314a222f.png
943043495773;Foam Heroes Pure Leather деликатный очиститель кожи, 5л;1;images/943043495773_1.png;https://static.tildacdn.com/stor6534-3030-4538-a538-623338306138/9f455d6ee784228d711c169b512afd85.png
652642823393;Foam Heroes Swipe Interior квик-детейлер для интерьера вишневая газировка, 500мл;1;images/652642823393_1.png;https://static.tildacdn.com/stor3431-3037-4438-b064-646630303734/da071f338ea3bfc09d70aa7f5fe3fc37.png
307457297363;Foam Heroes Battle Fly суперконцентрат стеклоочистителя с ароматом ванильной газировки, 250мл;1;images/307457297363_1.png;https://static.tildacdn.com/stor3530-3239-4132-a461-383633376331/b4adb02edb51dcc3f75778aec7d641bf.png
618750475383;JETA SAFETY NATRIX ЧЕРНЫЙ НИТРИЛОВЫЕ ПЕРЧАТКИ XL;1;images/618750475383_1.png;https://static.tildacdn.com/stor3439-3033-4262-a134-393733366437/085f5e10d2731422e951558a74fc3d4a.png
787714664983;Autop лента малярная термо и водостойкая, зелена 38мм 40м;1;images/787714664983_1.png;https://static.tildacdn.com/stor6365-3334-4132-b338-626266393930/986fab8e9d774f33068d61232de3cc3d.png
713745007713;3D Полировальная паста ACA 510 Rubbing Compound 237 мл 510OZ08;1;images/713745007713_1.png;https://static.tildacdn.com/stor6336-6265-4530-b262-386434366631/2ab69d57ee7d085d1323d3c224fb535e.png
700273998853;Торнадор ULTRA Air Blaster Mini + насадка на пылесос;3;images/700273998853_1.png|images/700273998853_2.png|images/700273998853_3.png;https://static.tildacdn.com/stor3461-3135-4535-a331-313839336430/4b6ea8b8dd005f0072406ac26154dd18.png|https://static.tildacdn.com/stor6465-3535-4962-a539-343237336335/9fd67dfa0bf3cbce94ac131b78e5b4bd.png|https://static.tildacdn.com/stor3434-3866-4464-b666-616238643639/150ad9e04631fd557a548fdeba973140.png
379513939253;Пигментированный чернитель, восстановитель шин REXER VONIXX, 500 мл;4;images/379513939253_1.png|images/379513939253_2.png|images/379513939253_3.png|images/379513939253_4.png;https://static.tildacdn.com/stor6261-3261-4730-b536-616631363338/c02902e5e2000f83841886938f53a29a.png|https://static.tildacdn.com/stor6439-3562-4631-b864-623037373365/0a364fe19f757e423208d7fa95570a34.png|https://static.tildacdn.com/stor3466-3830-4934-b539-656237633364/484e7e847b492c1eab9ddf0faa7637a1.png|https://static.tildacdn.com/stor3532-6133-4639-b432-356137623139/2a478182df60c7f335e859157d849dbb.png
319868406383;Гибридный воск с карнаубой для кузова автомобиля Carnaúba Hybrid Wax VONIXX, 240 мл;3;images/319868406383_1.png|images/319868406383_2.png|images/319868406383_3.png;https://static.tildacdn.com/stor3163-3939-4232-a266-626265643362/b45c8f35e715578ea5959327909cfb4c.png|https://static.tildacdn.com/stor3634-3233-4733-b163-653466376265/174bd81ca993c6700f74105f09c4e3ba.png|https://static.tildacdn.com/stor6166-6131-4763-b137-653938393131/015d2635d6b86e4e2fa6541c30a9c950.png
187788167543;"LeTech Пенный очиститель для ткани и алькантары Fabric &amp; Alcantara Cleaner 500 мл";1;images/187788167543_1.png;https://static.tildacdn.com/stor3935-3463-4533-b461-656462663636/1b9a96ed72ce95cbe2e459baa2e06673.png
459144175903;LeTech Щетка для чистки кожи (Brush);2;images/459144175903_1.png|images/459144175903_2.png;https://static.tildacdn.com/stor6666-6464-4438-b066-373463646336/5903725cfc1d57b8171fdcd442decec9.png|https://static.tildacdn.com/stor3239-6134-4139-a338-643834656166/21884f5cad1b7fb749cc6bdc476a318e.png
970090722253;Поролоновый полировальный круг полировочный средний желтый 75-85*25мм, скругленный край MaxShine;1;images/970090722253_1.png;https://static.tildacdn.com/stor3938-3333-4531-b832-653663356165/43914095.png
570010845053;FIREBALL WIZARD [NEW 2026] - Керамическое покрытие PREMIUM 35 мл;1;images/570010845053_1.png;https://static.tildacdn.com/stor3366-3631-4531-b431-336361653464/2da09e3b191e1a10f96e84c8392d005f.png
946614131143;Shine Systems Black Line TireEssence Gel — гелевое чернение шин, 400 мл;1;images/946614131143_1.png;https://static.tildacdn.com/stor3361-6236-4633-a264-303030646133/ba99b10cd4ad54cf7ded27d8a00dd796.png
258254756413;Shine Systems Scrab Towel микрофибра-скраб для химчистки, 40х40см;2;images/258254756413_1.png|images/258254756413_2.png;https://static.tildacdn.com/stor3638-3330-4666-a431-313466383532/8d36d6ccb44ff593a291ab49d650503f.png|https://static.tildacdn.com/stor3166-3234-4231-b735-643138316665/e8323a0cf43296573feefb6d6d7584fd.png
162436550953;Микрофибровая варежка для мойки дисков LERATON WHEEL MITT MW8;1;images/162436550953_1.png;https://static.tildacdn.com/stor6237-6631-4131-b961-363536303135/6aa1e6c51384ca3de98d821ff7c5073c.png
284592473733;LERATON PROFESSIONAL Ведро для мойки автомобилей с сепаратором (чёрное) 20 л;1;images/284592473733_1.png;https://static.tildacdn.com/stor3731-3864-4236-b561-366133333038/8661e077a0534fcdf0b430c50c92d822.png
930787609203;LERATON PROFESSIONAL Ведро для мойки автомобилей с сепаратором (оливка) 20 л;1;images/930787609203_1.png;https://static.tildacdn.com/stor3335-3232-4630-b133-336133626662/ff1f43a43272694efdb743c801510673.png
170822160963;LERATON PROFESSIONAL Ведро для мойки автомобилей с сепаратором (белое) 20 л;1;images/170822160963_1.png;https://static.tildacdn.com/stor3533-3065-4265-a535-333635373966/6eeef4ff4fee4ffe7a8804d3e9cf85cd.png
244773753953;Абразивная полировальная паста КМ-1 1л;1;images/244773753953_1.png;https://static.tildacdn.com/stor6537-6339-4663-a536-316230663930/750745d6c4d0ec5c0a0d1dad41e38877.png
577411475213;Абразивная полировальная паста КМ-1 200мл.;1;images/577411475213_1.webp;https://static.tildacdn.com/stor3762-3264-4436-b934-313164346463/ba7ccbe324aae34fae0fcdf288e1d00f.webp
951439127293;Финишная полировальная паста КМ-2 1л.;1;images/951439127293_1.webp;https://static.tildacdn.com/stor6134-3635-4132-b962-616436626430/9a0388efac7fa665b22f129f5bfcca6f.webp
529848419583;Финишная полировальная паста КМ-2 200мл.;1;images/529848419583_1.webp;https://static.tildacdn.com/stor6134-3635-4132-b962-616436626430/9a0388efac7fa665b22f129f5bfcca6f.webp
433689918443;Керамика BRO 50мл;1;images/433689918443_1.webp;https://static.tildacdn.com/stor6238-3732-4939-a334-633637666536/2a883f58b6d44e476024b5fcc0339f5e.webp
691381674523;Керамика BRO 100мл;1;images/691381674523_1.png;https://static.tildacdn.com/stor6530-6634-4162-a462-616661363032/e6478047ece44bacb7d8b9757b19ae82.png
720023403553;Керамика PPF 50мл;1;images/720023403553_1.png;https://static.tildacdn.com/stor3235-6436-4633-b761-653832636531/b61323c24ca398d2ee9c32672251754b.png
349859315693;Koch Chemie InsideCare Средство для ухода и защиты неокрашенных пластиковых деталей в салоне 500 мл;1;images/349859315693_1.png;https://static.tildacdn.com/stor3232-6532-4238-a432-363762613335/88d3a5156e4972f66849b567a2376094.png
104318782703;koch Chemie ClearView Универсальный очиститель стекол и гладких поверхностей 500 мл;1;images/104318782703_1.png;https://static.tildacdn.com/stor6337-6261-4530-b233-373661393831/0cf9419b4516e81c478a41869c21e732.png
998132365373;Koch Chemie InsectOff Средство для удаления следов насекомых 500 мл;1;images/998132365373_1.png;https://static.tildacdn.com/stor6163-6437-4230-b462-326537353836/dc82ee5e0515bdbc0be21c272f8b6afc.png
204113475333;KochChemie LeatherLock Средство для ухода за автомобильной кожей 500 мл;1;images/204113475333_1.png;https://static.tildacdn.com/stor6466-3239-4666-a361-303233363437/426de3fa3acd602fc256e6ae5f090bd8.png
804999618623;Koch Chemie LeatherTexClean - Мягкое чистящее средство для кожи и текстиля 500 мл;1;images/804999618623_1.png;https://static.tildacdn.com/stor6666-3161-4866-b336-636466373334/9040bb465d7758da012bbcc6d82d917d.png
286165751493;Koch Chemie TropicSnow Универсальный пенный шампунь с нейтральным pH 500 мл;1;images/286165751493_1.png;https://static.tildacdn.com/stor6137-3731-4833-b032-303865363939/3190b1da7b2856810febdee077a5dc53.png
394659054943;Koch Chemie DisplayExpert Растворитель жиров для чувствительных дисплеев 100мл;1;images/394659054943_1.png;https://static.tildacdn.com/stor3430-6666-4962-a332-386132353932/9d2dec7c7b9d08ed362a765512512ca5.png
795847180853;Koch Chemie Dosing Cap - Крышка дозатор;1;images/795847180853_1.png;https://static.tildacdn.com/stor3362-3538-4837-b432-326531643431/0cf2370958dd01b088c71699c8f7fc9a.png
381314550843;Триггер химостойкий усиленный серый LERATON TRPP;1;images/381314550843_1.png;https://static.tildacdn.com/stor6331-3966-4262-a434-643530383037/3248628e7fcc07aa4210260f33f6a829.png
538143019253;EIKOSHA Держатель нескользящий для ароматизатора;1;images/538143019253_1.png;https://static.tildacdn.com/stor6336-6536-4536-a130-373934323137/c32d240d004d7bc7f6c6454a8cfab5dd.png
108924719603;КварцМастер Твёрдый полировальный поролоновый круг Зеленый 80/100;1;images/108924719603_1.png;https://static.tildacdn.com/stor3566-3761-4466-b931-653366613764/d049a9fb696a93e211141849f8f0b77d.png
530600152583;КварцМастер Твёрдый полировальный поролоновый круг Зеленый 130/150;1;images/530600152583_1.png;https://static.tildacdn.com/stor3566-3761-4466-b931-653366613764/d049a9fb696a93e211141849f8f0b77d.png
509245416033;КварцМастер Твёрдый полировальный поролоновый круг Зеленый 150/170;1;images/509245416033_1.png;https://static.tildacdn.com/stor3566-3761-4466-b931-653366613764/d049a9fb696a93e211141849f8f0b77d.png
129663025793;КварцМастер Полутвёрдый полировальный поролоновый круг Бордовый 80/100;1;images/129663025793_1.png;https://static.tildacdn.com/stor6334-3236-4163-b562-363436363966/618f5146e54362e33cfb1453bcbe7354.png
136678967383;КварцМастер Полутвердый полировальный поролоновый круг Бордовый 130/150;1;images/136678967383_1.png;https://static.tildacdn.com/stor6334-3236-4163-b562-363436363966/618f5146e54362e33cfb1453bcbe7354.png
419861076103;КварцМастер Полутвердый полировальный поролоновый круг Бордовый 150/170;1;images/419861076103_1.png;https://static.tildacdn.com/stor6334-3236-4163-b562-363436363966/618f5146e54362e33cfb1453bcbe7354.png
326865340773;КварцМастер Средний полировальный поролоновый круг Оранжевый 80/100;1;images/326865340773_1.png;https://static.tildacdn.com/stor3466-6531-4938-b363-323031316538/2c28912fa2f86bfaf1f8018452f98b89.png
838919981963;КварцМастер Средний полировальный поролоновый круг Оранжевый 130/150;1;images/838919981963_1.png;https://static.tildacdn.com/stor3466-6531-4938-b363-323031316538/2c28912fa2f86bfaf1f8018452f98b89.png
625940064503;КварцМастер Средний полировальный поролоновый круг Оранжевый 150/170;1;images/625940064503_1.png;https://static.tildacdn.com/stor3466-6531-4938-b363-323031316538/2c28912fa2f86bfaf1f8018452f98b89.png
609215195883;КварцМастер Мягкий полировальный поролоновый круг Желтый 80/100;1;images/609215195883_1.png;https://static.tildacdn.com/stor6638-6139-4664-b566-353439643564/24ca55e2a32a0bcc322ff5e1764dca86.png
460758435343;КварцМастер Мягкий полировальный поролоновый круг Желтый 130/150;1;images/460758435343_1.png;https://static.tildacdn.com/stor6638-6139-4664-b566-353439643564/24ca55e2a32a0bcc322ff5e1764dca86.png
571568183973;КварцМастер Мягкий полировальный поролоновый круг Желтый 150/170;1;images/571568183973_1.png;https://static.tildacdn.com/stor6638-6139-4664-b566-353439643564/24ca55e2a32a0bcc322ff5e1764dca86.png
588760016213;КварцМастер Ультра мягкий полировальный поролоновый круг Черный 80/100;1;images/588760016213_1.png;https://static.tildacdn.com/stor6538-6535-4037-a337-616362366636/62cc868ef6074f131754113aa1f9b5fc.png
887861596123;КварцМастер Ультрамягкий полировальный поролоновый круг Черный 130/150;1;images/887861596123_1.png;https://static.tildacdn.com/stor6538-6535-4037-a337-616362366636/62cc868ef6074f131754113aa1f9b5fc.png
734386079083;КварцМастер Ультрамягкий полировальный поролоновый круг Черный 150/170;1;images/734386079083_1.png;https://static.tildacdn.com/stor6538-6535-4037-a337-616362366636/62cc868ef6074f131754113aa1f9b5fc.png
588441941683;Koch Spotless Ceramic Finish - Средство для удаления водяных пятен с керамических поверхностей (500 мл);1;images/588441941683_1.png;https://static.tildacdn.com/stor3630-6266-4631-a332-313166646233/df33b718a859acfbd00389bf6101c281.png
239125334443;Koch ShineSpeedPolish - антицарапин с абразивом полироль для быстрого обновления лака (250 мл);3;images/239125334443_1.png|images/239125334443_2.png|images/239125334443_3.png;https://static.tildacdn.com/stor6561-3661-4334-b165-636164643132/8855f54c8ece7650c7635419b61cb356.png|https://static.tildacdn.com/stor3930-3436-4331-a164-333339303461/6067944e2cab5fc8084fc8c91f1a9b24.png|https://static.tildacdn.com/stor3839-3838-4038-b334-643431396563/55ecafb92f4c5b8ae84b2c563b28b456.png
433440532583;Shine Systems ActiveBase Активный шампунь для бесконтактной мойки 900мл;1;images/433440532583_1.png;https://static.tildacdn.com/stor3639-3833-4934-a264-363635666337/4b5babeb4bd48db7cb4e684bab6ed421.png
985094611433;Foam Heroes Citrus Buddy шампунь на основе цитрусовых для предварительной мойки, 5л;1;images/985094611433_1.png;https://static.tildacdn.com/stor6237-3365-4535-a463-383463666639/c8f8e0f26c1ba885aece58df24c735fe.png
517840974863;Foam Heroes Lime Scrub абразивный очиститель стекол, 200мл;1;images/517840974863_1.png;https://static.tildacdn.com/stor3566-6363-4063-a635-363537666538/0b1dab3737b1eee95ce3a0f75f83faa9.png
449248107303;Foam Heroes PRO T1000 удалитель металлических вкраплений, 20л;1;images/449248107303_1.png;https://static.tildacdn.com/stor6334-6264-4662-b930-653134313934/1e16ff432e7bf9d6f89822c2096d75b6.png
592157658493;Foam Heroes Uragun Mini аппарат для химчистки (торнадор);2;images/592157658493_1.png|images/592157658493_2.png;https://static.tildacdn.com/stor3237-3238-4565-a566-386533656634/2fef0fa4667d3cfae714e30b95d0ef89.png|https://static.tildacdn.com/stor3862-6164-4231-a233-643937656466/40a5790dc4adf3b36a7bea1aca39905b.png
460102795273;Кега для детейлинга 9.5л;1;images/460102795273_1.jpg;https://static.tildacdn.com/stor3263-6131-4534-b764-646266393766/7dcd7f9e981d9809538ad7f2a3267ef7.jpg
842486359653;View OK Lotus Z —проф.керамическое покрытие премиум-класса 40 мл НАБОР;1;images/842486359653_1.png;https://static.tildacdn.com/stor6464-3630-4461-b165-323738303438/eec17197a0fe0fd366626c055fea5571.png
538638401413;ViewОК Glass Stain Remower Паста полировальная для стекла 100 мл;1;images/538638401413_1.png;https://static.tildacdn.com/stor6134-6331-4539-b664-343131393761/4596d5fce9f7ba345f077a5d61077da3.png
496296415403;Бутылка для пеноинжектора 100 мл;1;images/496296415403_1.png;https://static.tildacdn.com/stor3131-6461-4362-a463-363132323864/9334a77caaa2d9e57867bd8b72318b00.png
590491916183;OOPSY Wheel Brush Щетка мытья для дисков, средняя;1;images/590491916183_1.png;https://static.tildacdn.com/stor6630-3363-4564-a264-333134656335/dc10adc78beaded4cb1c4e688b4ca0d8.png
353342288313;PURESTAR Плотная фибра для стекол с высоким впитыванием воды Wonder Glass towel 40x50 см PS-G-002;1;images/353342288313_1.png;https://static.tildacdn.com/stor6634-6136-4539-a162-633438663031/6f783fa4a3503ddb3c354ff9d8fdf558.png
373589479753;PURESTAR Плотная фибра для финишной располировки стекол 40x50 High density glass towel PS-G-001;1;images/373589479753_1.png;https://static.tildacdn.com/stor3836-6638-4139-b430-663237656366/4fe567fc3ef238179db0e73a3ab301d6.png
657280528793;Black Line AcidShampPRO - кислотный шампунь для ручной мойки, 400 мл;1;images/657280528793_1.png;https://static.tildacdn.com/stor6134-3231-4162-a434-643133333834/6dbd8045ff30b9b56ef28c030ec64de8.png
973706817453;Аппарат для химчистки с подшипниковым механизмом вращающегося типа LERATON PROFESSIONAL AIR BLASTER GUN;1;images/973706817453_1.png;https://static.tildacdn.com/stor3363-3664-4064-a363-623937353632/a157b9df2dc38099af3bf9ab68efa4e2.png
955724727863;BubbleWax - профессиональный пенный воск для сушки и защиты кузова с эффектом кавитации, 750 мл;1;images/955724727863_1.png;https://static.tildacdn.com/stor3839-3666-4339-a536-653361323732/f39ea035806038ed4818335ccf1d1f3c.png
534577669693;ActiveGel Шампунь для бесконтактной мойки Shine Systems, 5л;1;images/534577669693_1.png;https://static.tildacdn.com/stor3832-3231-4963-b831-316232343066/5745332f64826beab91768950cac3ff6.png
840630277763;Shine Systems мультифункциональный напольный фонарь Multifunctional Light;1;images/840630277763_1.png;https://static.tildacdn.com/stor6432-6565-4761-b834-356539383765/05f00fda7d5af9fe41494fdcbe776664.png
980753683453;Shine Systems interior towel - универсальная микрофибра для салона 40\40 400гр;0;;
426428565203;Shine Systems interior towel - универсальная микрофибра для салона 40\40 400гр;1;images/426428565203_1.png;https://static.tildacdn.com/stor3432-6432-4430-b462-613638613331/a2372b3ab564c8184bf526d732389e33.png
147888261623;Shine Systems Микрофибра без оверлока коротковорсная 40*40см, 400 гр/м2;1;images/147888261623_1.png;https://static.tildacdn.com/stor6565-3433-4464-b266-316165383366/f95c91595853db1e26d3a05a680ec61b.png
644987739763;Shine Systems FastQuartz - быстрое супергидрофобное покрытие, 200 мл;1;images/644987739763_1.png;https://static.tildacdn.com/stor3435-3539-4566-b566-396439376532/7f13678228f5b660d9d9859e5c155c16.png
440675629103;Гель для пленки Krytex PPF GEL 500мл;1;images/440675629103_1.png;https://static.tildacdn.com/stor3733-6134-4630-b563-396137363439/c5e2baba2e050a9ad749eb416db2a741.png
158628940953;AuTech Кисть-шар для очистки интерьера Interior Brush Ball;1;images/158628940953_1.png;https://static.tildacdn.com/stor3939-6333-4030-b561-343939333735/01d48e3b285dd0c04a4cefa35fb411e7.png
548872833123;AuTech Ручной опрыскиватель Aqua Monster, 1000 мл;2;images/548872833123_1.png|images/548872833123_2.png;https://static.tildacdn.com/stor6663-3938-4661-b063-343865623433/533268a9563e90141741becbcb42d0ce.png|https://static.tildacdn.com/stor3166-6130-4430-a332-623136643963/2d9ab7a67075ddcc9650ff6c55a7dbeb.png
484469836633;AuTech Триггер Aqua Monster универсальный 360° черный;1;images/484469836633_1.png;https://static.tildacdn.com/stor6132-6632-4931-b937-393166366366/c6375726db68ca67b918738e07eb2bcb.png
322810221293;AuTech Триггер Aqua Monster кислото- и щёлочестойкий, синий;1;images/322810221293_1.png;https://static.tildacdn.com/stor6364-3165-4030-b439-373461356131/f535a5a084e4ec4f4e49e85c7e9bd829.png
