Категория;Бренд;Название;Цена;Артикул;Есть описание;Фото;URL
Очистители дисков, резины и хрома;Shine Systems;Shine Systems IronOFF Gel - нейтральный очиститель дисков с индикатором, 750 мл;590;;да;https://static.tildacdn.com/stor3731-6162-4230-b932-626662396439/71967730.jpg;http://carshine26.ru/ochestiteli-diskov-reziny-chroma/tproduct/631253960152-shine-systems-ironoff-gel-neitralnii-och
Очистители дисков, резины и хрома;Shine Systems;"Shine Systems Tire&amp;Wheel Cleaner - очиститель резины и колес, 900 мл";490;;да;https://static.tildacdn.com/stor3238-3033-4837-b937-313139646234/64162200.jpg;http://carshine26.ru/ochestiteli-diskov-reziny-chroma/tproduct/611879004182-shine-systems-tireampwheel-cleaner-ochis
Бесконтактные шампуни;Shine Systems;Shine Systems ActiveBase - активный шампунь для бесконтактной мойки, 20 кг;2990;;нет;https://static.tildacdn.com/stor3935-6538-4231-a361-396438386635/15124505.jpg;http://carshine26.ru/beskontaktnye-shampuny/tproduct/573900352742-shine-systems-activebase-aktivnii-shampu
Бесконтактные шампуни;Shine Systems;Shine Systems ActiveBase - активный шампунь для бесконтактной мойки, 5 л;990;;нет;https://static.tildacdn.com/stor3963-6139-4739-b637-343733363563/58744642.jpg;http://carshine26.ru/beskontaktnye-shampuny/tproduct/309930350472-shine-systems-activebase-aktivnii-shampu
Бесконтактные шампуни;Shine Systems;Shine Systems ActiveFoam - активная пена для бесконтактной мойки, 20 кг;4990;;нет;https://static.tildacdn.com/stor6165-3930-4139-a632-643436373263/48307767.jpg;http://carshine26.ru/beskontaktnye-shampuny/tproduct/979345670242-shine-systems-activefoam-aktivnaya-pena
Бесконтактные шампуни;Shine Systems;Shine Systems ActiveFoam - активная пена для бесконтактной мойки, 900 мл;390;;нет;https://static.tildacdn.com/stor3432-3835-4437-b365-666631666531/50112797.jpg;http://carshine26.ru/beskontaktnye-shampuny/tproduct/290071892402-shine-systems-activefoam-aktivnaya-pena
Бесконтактные шампуни;Shine Systems;Shine Systems ActiveGel - активный шампунь для бесконтактной мойки, 20 кг;4790;;нет;https://static.tildacdn.com/stor3563-3435-4339-b239-396261366165/86114800.jpg;http://carshine26.ru/beskontaktnye-shampuny/tproduct/388378923352-shine-systems-activegel-aktivnii-shampun
Бесконтактные шампуни;Shine Systems;Shine Systems Black Line GentleWash - деликатный шампунь для бесконтактной мойки, 5 л;1590;;нет;https://static.tildacdn.com/stor6362-3866-4561-b062-313664303866/70873854.jpg;http://carshine26.ru/beskontaktnye-shampuny/tproduct/296742568462-shine-systems-black-line-gentlewash-deli
Бесконтактные шампуни;Shine Systems;Shine Systems Black Line GentleWash - деликатный шампунь для бесконтактной мойки, 750 мл;290;;нет;https://static.tildacdn.com/stor3136-3961-4161-b537-613330396534/11078626.jpg;http://carshine26.ru/beskontaktnye-shampuny/tproduct/234503377922-shine-systems-black-line-gentlewash-deli
Бесконтактные шампуни;Shine Systems;Shine Systems DelicateWash - активный шампунь для деликатной мойки авто, 20 кг;4290;;нет;https://static.tildacdn.com/stor3931-3261-4331-b535-353665663165/33022627.jpg;http://carshine26.ru/beskontaktnye-shampuny/tproduct/270932826322-shine-systems-delicatewash-aktivnii-sham
Бесконтактные шампуни;Shine Systems;Shine Systems DelicateWash - активный шампунь для деликатной мойки авто, 5 л;1490;;нет;https://static.tildacdn.com/stor3437-6337-4562-b235-326566383433/25537871.jpg;http://carshine26.ru/beskontaktnye-shampuny/tproduct/606940653002-shine-systems-delicatewash-aktivnii-sham
Бесконтактные шампуни;Shine Systems;Shine Systems DelicateWash - активный шампунь для деликатной мойки авто, 750 мл;290;;нет;https://static.tildacdn.com/stor3966-6165-4261-a532-356533633665/78234757.jpg;http://carshine26.ru/beskontaktnye-shampuny/tproduct/520524367252-shine-systems-delicatewash-aktivnii-sham
Бесконтактные шампуни;Shine Systems;Shine Systems Dosatron - активный шампунь для бесконтактной мойки, 20 кг;3490;;нет;https://static.tildacdn.com/stor3164-3337-4138-a335-393133343664/23973012.jpg;http://carshine26.ru/beskontaktnye-shampuny/tproduct/276446103382-shine-systems-dosatron-aktivnii-shampun
Бесконтактные шампуни;Shine Systems;Shine Systems EcoFoam - активный шампунь для бесконтактной мойки, 20 кг;1690;;нет;https://static.tildacdn.com/stor6637-3635-4338-a233-373637383839/67868638.jpg;http://carshine26.ru/beskontaktnye-shampuny/tproduct/407553692842-shine-systems-ecofoam-aktivnii-shampun-d
Бесконтактные шампуни;Shine Systems;Shine Systems EuroWash - активный шампунь для бесконтактной мойки, 20 кг;3590;;нет;https://static.tildacdn.com/stor3266-6266-4165-b432-333866666532/21621330.jpg;http://carshine26.ru/beskontaktnye-shampuny/tproduct/500508014802-shine-systems-eurowash-aktivnii-shampun
Бесконтактные шампуни;Shine Systems;Shine Systems EuroWash - активный шампунь для бесконтактной мойки, 5 л;1290;;нет;https://static.tildacdn.com/stor3963-6532-4131-a662-373432646438/41338826.jpg;http://carshine26.ru/beskontaktnye-shampuny/tproduct/374323114452-shine-systems-eurowash-aktivnii-shampun
Бесконтактные шампуни;Shine Systems;Shine Systems EuroWash - активный шампунь для бесконтактной мойки, 900 мл;290;;нет;https://static.tildacdn.com/stor3737-3733-4033-b066-353734343537/48525102.jpg;http://carshine26.ru/beskontaktnye-shampuny/tproduct/278345253402-shine-systems-eurowash-aktivnii-shampun
Бесконтактные шампуни;Shine Systems;Shine Systems Light - активный шампунь для бесконтактной мойки, 20 кг;2590;;нет;https://static.tildacdn.com/stor3863-6131-4763-b330-303035346535/39457255.png;http://carshine26.ru/beskontaktnye-shampuny/tproduct/132242447142-shine-systems-light-aktivnii-shampun-dly
Бесконтактные шампуни;Shine Systems;Shine Systems Light - активный шампунь для бесконтактной мойки, 900 мл;250;;нет;https://static.tildacdn.com/stor6130-6265-4431-a137-313730303633/60713087.jpg;http://carshine26.ru/beskontaktnye-shampuny/tproduct/829558917522-shine-systems-light-aktivnii-shampun-dly
Бесконтактные шампуни;Shine Systems;Shine Systems MultiTec - активный шампунь для бесконтактной мойки, 20 кг;3190;;нет;https://static.tildacdn.com/stor3965-6566-4132-a266-653832373666/35336712.jpg;http://carshine26.ru/beskontaktnye-shampuny/tproduct/776862699372-shine-systems-multitec-aktivnii-shampun
Бесконтактные шампуни;Shine Systems;Shine Systems MultiTec - активный шампунь для бесконтактной мойки, 900 мл;270;;нет;https://static.tildacdn.com/stor3831-3462-4635-a339-353965613136/89852364.jpg;http://carshine26.ru/beskontaktnye-shampuny/tproduct/606175759942-shine-systems-multitec-aktivnii-shampun
Бесконтактные шампуни;Shine Systems;Shine Systems MultiWash - активный шампунь для бесконтактной мойки, 20 кг;3990;;нет;https://static.tildacdn.com/stor3535-6335-4533-b331-393664643334/67339772.jpg;http://carshine26.ru/beskontaktnye-shampuny/tproduct/913227376322-shine-systems-multiwash-aktivnii-shampun
Бесконтактные шампуни;Shine Systems;Shine Systems PinkFoam - активный шампунь для бесконтактной мойки, 20 кг;5490;;нет;https://static.tildacdn.com/stor3636-6161-4562-b031-643939646130/89097744.jpg;http://carshine26.ru/beskontaktnye-shampuny/tproduct/620795065242-shine-systems-pinkfoam-aktivnii-shampun
Бесконтактные шампуни;Shine Systems;Shine Systems PinkFoam - активный шампунь для бесконтактной мойки, 5 л;1790;;нет;https://static.tildacdn.com/stor3435-6663-4563-b039-323733396236/63687448.jpg;http://carshine26.ru/beskontaktnye-shampuny/tproduct/361198226882-shine-systems-pinkfoam-aktivnii-shampun
Бесконтактные шампуни;Shine Systems;Shine Systems PinkFoam - активный шампунь для бесконтактной мойки, 750 мл;390;;нет;https://static.tildacdn.com/stor3966-6663-4233-a135-653830373630/80144629.jpg;http://carshine26.ru/beskontaktnye-shampuny/tproduct/794364996182-shine-systems-pinkfoam-aktivnii-shampun
Бесконтактные шампуни;Shine Systems;Shine Systems PreWash - активный шампунь для бесконтактной мойки, 20 кг;4290;;нет;https://static.tildacdn.com/stor3934-3532-4339-a136-303862393366/52896640.jpg;http://carshine26.ru/beskontaktnye-shampuny/tproduct/876950796482-shine-systems-prewash-aktivnii-shampun-d
Бесконтактные шампуни;Shine Systems;Shine Systems PreWash - активный шампунь для бесконтактной мойки, 5 л;1490;;нет;https://static.tildacdn.com/stor3066-6462-4262-a362-646662356231/88746556.jpg;http://carshine26.ru/beskontaktnye-shampuny/tproduct/200735226342-shine-systems-prewash-aktivnii-shampun-d
Бесконтактные шампуни;Shine Systems;Shine Systems PreWash - активный шампунь для бесконтактной мойки, 900 мл;350;;нет;https://static.tildacdn.com/stor3731-3037-4365-a432-353333333065/87203014.jpg;http://carshine26.ru/beskontaktnye-shampuny/tproduct/892911532872-shine-systems-prewash-aktivnii-shampun-d
Бесконтактные шампуни;Shine Systems;Shine Systems PreWash Active - активный шампунь для бесконтактной мойки, 20 кг;4490;;нет;https://static.tildacdn.com/stor3933-3030-4165-b165-623264303932/47131597.jpg;http://carshine26.ru/beskontaktnye-shampuny/tproduct/694853790632-shine-systems-prewash-active-aktivnii-sh
Бесконтактные шампуни;Shine Systems;Shine Systems SuperStar - активный шампунь для бесконтактной мойки, 20 кг;4090;;нет;https://static.tildacdn.com/stor3061-3137-4361-b666-666632636332/75359447.jpg;http://carshine26.ru/beskontaktnye-shampuny/tproduct/569155827382-shine-systems-superstar-aktivnii-shampun
Бесконтактные шампуни;Shine Systems;Shine Systems SuperStar - активный шампунь для бесконтактной мойки, 900 мл;330;;нет;https://static.tildacdn.com/stor3462-3034-4236-a264-343831373939/92476685.jpg;http://carshine26.ru/beskontaktnye-shampuny/tproduct/454255712242-shine-systems-superstar-aktivnii-shampun
Шампуни для ручной мойки;Shine Systems;Shine Systems AcidShampoo - кислотный шампунь для ручной мойки, 5 л;2490;;нет;https://static.tildacdn.com/stor3635-3839-4836-a666-653139373961/73806049.jpg;http://carshine26.ru/shampuny-ruchnoy-moyki/tproduct/364876772402-shine-systems-acidshampoo-kislotnii-sham
Шампуни для ручной мойки;Shine Systems;Shine Systems AcidShampoo - кислотный шампунь для ручной мойки, 750 мл;430;;нет;https://static.tildacdn.com/stor6232-3265-4534-a636-646138303862/46978605.jpg;http://carshine26.ru/shampuny-ruchnoy-moyki/tproduct/209472568522-shine-systems-acidshampoo-kislotnii-sham
Шампуни для ручной мойки;Shine Systems;Shine Systems Black Line SlideShampoo Apple - шампунь для ручной мойки автомобиля, 400 мл;350;;нет;https://static.tildacdn.com/stor6336-6265-4438-b731-383535663139/33492236.jpg;http://carshine26.ru/shampuny-ruchnoy-moyki/tproduct/461749282032-shine-systems-black-line-slideshampoo-ap
Шампуни для ручной мойки;Shine Systems;Shine Systems Black Line SlideShampoo Apple - шампунь для ручной мойки автомобиля, 5 л;2490;;нет;https://static.tildacdn.com/stor3764-6635-4530-b163-333766333466/52531598.jpg;http://carshine26.ru/shampuny-ruchnoy-moyki/tproduct/995162782372-shine-systems-black-line-slideshampoo-ap
Шампуни для ручной мойки;Shine Systems;Shine Systems Black Line SlideShampoo Banana - шампунь для ручной мойки автомобиля, 400 мл;350;;нет;https://static.tildacdn.com/stor6436-3935-4161-a565-343861373032/91344844.jpg;http://carshine26.ru/shampuny-ruchnoy-moyki/tproduct/580979349392-shine-systems-black-line-slideshampoo-ba
Шампуни для ручной мойки;Shine Systems;Shine Systems Black Line SlideShampoo Banana - шампунь для ручной мойки автомобиля, 5 л;2490;;нет;https://static.tildacdn.com/stor3039-6333-4063-b538-303134656162/94656528.jpg;http://carshine26.ru/shampuny-ruchnoy-moyki/tproduct/457769477982-shine-systems-black-line-slideshampoo-ba
Шампуни для ручной мойки;Shine Systems;Shine Systems Black Line SlideShampoo Cola - шампунь для ручной мойки автомобиля, 400 мл;350;;нет;https://static.tildacdn.com/stor3532-3365-4661-b036-633763356430/33519320.jpg;http://carshine26.ru/shampuny-ruchnoy-moyki/tproduct/146757749612-shine-systems-black-line-slideshampoo-co
Шампуни для ручной мойки;Shine Systems;Shine Systems Black Line SlideShampoo Cola - шампунь для ручной мойки автомобиля, 5 л;2490;;нет;https://static.tildacdn.com/stor3962-6139-4662-b939-303339313531/21557331.jpg;http://carshine26.ru/shampuny-ruchnoy-moyki/tproduct/119958530372-shine-systems-black-line-slideshampoo-co
Шампуни для ручной мойки;Shine Systems;Shine Systems CarWash Kit - набор для двухфазной мойки;1990;;нет;https://static.tildacdn.com/stor3430-6231-4632-a636-336430396134/41497280.jpg;http://carshine26.ru/shampuny-ruchnoy-moyki/tproduct/522244814912-shine-systems-carwash-kit-nabor-dlya-dvu
Шампуни для ручной мойки;Shine Systems;Shine Systems CationicShampoo - наношампунь для ручной мойки автомобиля, 200 мл;190;;нет;https://static.tildacdn.com/stor6236-3037-4034-b263-653864366132/80616748.jpg;http://carshine26.ru/shampuny-ruchnoy-moyki/tproduct/801935835832-shine-systems-cationicshampoo-nanoshampu
Шампуни для ручной мойки;Shine Systems;Shine Systems CationicShampoo - наношампунь для ручной мойки автомобиля, 5 л;3390;;нет;https://static.tildacdn.com/stor3536-3036-4466-b061-636638633364/28011384.jpg;http://carshine26.ru/shampuny-ruchnoy-moyki/tproduct/411051050472-shine-systems-cationicshampoo-nanoshampu
Шампуни для ручной мойки;Shine Systems;Shine Systems CationicShampoo - наношампунь для ручной мойки автомобиля, 750 мл;550;;нет;https://static.tildacdn.com/stor6335-3936-4436-a638-346532346163/95929674.jpg;http://carshine26.ru/shampuny-ruchnoy-moyki/tproduct/786794430312-shine-systems-cationicshampoo-nanoshampu
Шампуни для ручной мойки;Shine Systems;Shine Systems CherryBomb Shampoo - автошампунь для ручной мойки, 20 л;5490;;нет;https://static.tildacdn.com/stor3236-6533-4662-a335-343437623433/56227712.jpg;http://carshine26.ru/shampuny-ruchnoy-moyki/tproduct/405102759262-shine-systems-cherrybomb-shampoo-avtosha
Шампуни для ручной мойки;Shine Systems;Shine Systems CherryBomb Shampoo - автошампунь для ручной мойки, 5 л;1490;;нет;https://static.tildacdn.com/stor3166-6462-4965-b764-323537373535/84667463.jpg;http://carshine26.ru/shampuny-ruchnoy-moyki/tproduct/513204424992-shine-systems-cherrybomb-shampoo-avtosha
Шампуни для ручной мойки;Shine Systems;Shine Systems CherryBomb Shampoo - автошампунь для ручной мойки, 750 мл;250;;нет;https://static.tildacdn.com/stor3563-3665-4830-b633-663061373361/50550287.jpg;http://carshine26.ru/shampuny-ruchnoy-moyki/tproduct/565524847122-shine-systems-cherrybomb-shampoo-avtosha
Шампуни для ручной мойки;Shine Systems;Shine Systems LollipopShampoo - ручной автошампунь с эффектом леденца, 20 л;14290;;нет;https://static.tildacdn.com/stor3836-3962-4734-a137-653238613762/46066067.jpg;http://carshine26.ru/shampuny-ruchnoy-moyki/tproduct/546544784662-shine-systems-lollipopshampoo-ruchnoi-av
Шампуни для ручной мойки;Shine Systems;Shine Systems LollipopShampoo - ручной автошампунь с эффектом леденца, 5 л;3690;;нет;https://static.tildacdn.com/stor6562-6639-4535-b933-653236376138/82916785.jpg;http://carshine26.ru/shampuny-ruchnoy-moyki/tproduct/558174197882-shine-systems-lollipopshampoo-ruchnoi-av
Шампуни для ручной мойки;Shine Systems;Shine Systems LollipopShampoo - ручной автошампунь с эффектом леденца, 750 мл;590;;нет;https://static.tildacdn.com/stor3331-6665-4134-a637-366434383637/89522379.jpg;http://carshine26.ru/shampuny-ruchnoy-moyki/tproduct/891859774502-shine-systems-lollipopshampoo-ruchnoi-av
Осушители кузова (воски);Shine Systems;Shine Systems AirLine QuartzFoam - пенное кварцевое покрытие, 400 мл;590;;нет;https://static.tildacdn.com/stor6230-3764-4162-a138-613564376565/41214795.jpg;http://carshine26.ru/osushiteli-kuzova/tproduct/298090696812-shine-systems-airline-quartzfoam-pennoe
Осушители кузова (воски);Shine Systems;Shine Systems FastQuartz - быстрое супергидрофобное покрытие, 5 л;5490;;нет;https://static.tildacdn.com/stor3666-3636-4839-b562-383338376130/94089614.jpg;http://carshine26.ru/osushiteli-kuzova/tproduct/711974229392-shine-systems-fastquartz-bistroe-supergi
Осушители кузова (воски);Shine Systems;Shine Systems FastQuartz - быстрое супергидрофобное покрытие, 750 мл;890;;нет;https://static.tildacdn.com/stor3036-3432-4464-b564-373038363439/89289862.jpg;http://carshine26.ru/osushiteli-kuzova/tproduct/204521704192-shine-systems-fastquartz-bistroe-supergi
Осушители кузова (воски);Shine Systems;Shine Systems GlossProtection - наноконсервант для сушки и защиты кузова, 5 л;5490;;нет;https://static.tildacdn.com/stor3332-3531-4662-b861-316139353137/74177623.jpg;http://carshine26.ru/osushiteli-kuzova/tproduct/207194760612-shine-systems-glossprotection-nanokonser
Осушители кузова (воски);Shine Systems;Shine Systems GlossProtection - наноконсервант для сушки и защиты кузова, 750 мл;860;;нет;https://static.tildacdn.com/stor3934-3138-4265-a631-663538633839/79032832.jpg;http://carshine26.ru/osushiteli-kuzova/tproduct/583688504652-shine-systems-glossprotection-nanokonser
Осушители кузова (воски);Shine Systems;Shine Systems UniversalWax - воск для автоматических и ручных моек, 20 л;7290;;нет;https://static.tildacdn.com/stor6537-3633-4239-b135-303861393639/16546678.jpg;http://carshine26.ru/osushiteli-kuzova/tproduct/281733241612-shine-systems-universalwax-vosk-dlya-avt
Осушители кузова (воски);Shine Systems;Shine Systems UniversalWax - воск для автоматических и ручных моек, 5 л;1990;;нет;https://static.tildacdn.com/stor6162-6435-4330-b935-643863366163/57268086.jpg;http://carshine26.ru/osushiteli-kuzova/tproduct/270005152942-shine-systems-universalwax-vosk-dlya-avt
Очистители битума, смол, клея;Shine Systems;Shine Systems AirLine BitumRemover - универсальный очиститель смол, битума, реагентов, 400 мл;550;;нет;https://static.tildacdn.com/stor3134-6331-4531-a162-633864636636/64924988.jpg;http://carshine26.ru/ochistiteli-bituma-smol-kleya/tproduct/684742128032-shine-systems-airline-bitumremover-unive
Очистители битума, смол, клея;Shine Systems;Shine Systems Black Line TarOFF - профессиональный очиститель битумных пятен, 400 мл;730;;нет;https://static.tildacdn.com/stor3266-3364-4762-a437-343235383837/54509778.jpg;http://carshine26.ru/ochistiteli-bituma-smol-kleya/tproduct/716083308042-shine-systems-black-line-taroff-professi
Пятновыводители салона;Shine Systems;Shine Systems CitrusCleaner - апельсиновый очиститель, 200 мл;890;;нет;https://static.tildacdn.com/stor3935-3963-4764-b437-343433313939/11061930.jpg;http://carshine26.ru/pyatnovyvoditeli-salona/tproduct/924367088422-shine-systems-citruscleaner-apelsinovii
Пятновыводители салона;Shine Systems;Shine Systems CitrusCleaner - апельсиновый очиститель, 750 мл;2890;;нет;https://static.tildacdn.com/stor3637-3234-4864-a532-663466383737/56274038.jpg;http://carshine26.ru/pyatnovyvoditeli-salona/tproduct/565570794762-shine-systems-citruscleaner-apelsinovii
Очистители битума, смол, клея;Shine Systems;"Shine Systems Glue&amp;StainRemover - мощный очиститель от клея и краски, 750 мл";590;;нет;https://static.tildacdn.com/stor3538-6363-4266-b039-626134306630/17393934.jpg;http://carshine26.ru/ochistiteli-bituma-smol-kleya/tproduct/433537772832-shine-systems-glueampstainremover-moschn
Составы для очистки кузова;Shine Systems;Shine Systems InsectOFF - очиститель следов насекомых, 5 л;1620;;нет;https://static.tildacdn.com/stor3438-6331-4162-b737-666265383965/61111291.jpg;http://carshine26.ru/sostavy-dlya-ochistki-kuzova/tproduct/162672295602-shine-systems-insectoff-ochistitel-sledo
Составы для очистки кузова;Shine Systems;Shine Systems InsectOFF - очиститель следов насекомых, 750 мл;340;;нет;https://static.tildacdn.com/stor3931-6231-4162-b065-363061396333/57824629.jpg;http://carshine26.ru/sostavy-dlya-ochistki-kuzova/tproduct/852299978242-shine-systems-insectoff-ochistitel-sledo
Составы для очистки кузова;Shine Systems;Shine Systems MosquitOFF Concentrate - очиститель следов насекомых, 20 кг;3890;;нет;https://static.tildacdn.com/stor6137-3938-4736-a665-663265636664/75467468.jpg;http://carshine26.ru/sostavy-dlya-ochistki-kuzova/tproduct/993787554752-shine-systems-mosquitoff-concentrate-och
Составы для очистки кузова;Shine Systems;Shine Systems MosquitOFF Concentrate - очиститель следов насекомых, 5 л;1090;;нет;https://static.tildacdn.com/stor3334-6638-4539-b637-313037356234/41997644.jpg;http://carshine26.ru/sostavy-dlya-ochistki-kuzova/tproduct/167403148862-shine-systems-mosquitoff-concentrate-och
Очистители битума, смол, клея;Shine Systems;Shine Systems ResinOFF - очиститель древесных смол, 5 л;2190;;нет;https://static.tildacdn.com/stor3962-6532-4466-b366-323234376433/57064164.jpg;http://carshine26.ru/ochistiteli-bituma-smol-kleya/tproduct/911476654702-shine-systems-resinoff-ochistitel-dreves
Очистители битума, смол, клея;Shine Systems;Shine Systems ResinOFF - очиститель древесных смол, 750 мл;390;;нет;https://static.tildacdn.com/stor3736-6538-4762-a462-356534376666/66103488.jpg;http://carshine26.ru/ochistiteli-bituma-smol-kleya/tproduct/979625458742-shine-systems-resinoff-ochistitel-dreves
Очистители битума, смол, клея;Shine Systems;Shine Systems WaterSpotOFF - очиститель водного камня, 750 мл;490;;нет;https://static.tildacdn.com/stor6636-3962-4636-b462-373737623466/61685248.jpg;http://carshine26.ru/ochistiteli-bituma-smol-kleya/tproduct/878725134862-shine-systems-waterspotoff-ochistitel-vo
Очистители дисков, резины и хрома;Shine Systems;Shine Systems AcidCleaner - универсальный кислотный очиститель, 5 л;1550;;нет;https://static.tildacdn.com/stor3062-6235-4737-b038-306662343164/61767006.jpg;http://carshine26.ru/ochestiteli-diskov-reziny-chroma/tproduct/371965081572-shine-systems-acidcleaner-universalnii-k
Очистители дисков, резины и хрома;Shine Systems;Shine Systems AcidCleaner - универсальный кислотный очиститель, 750 мл;330;;нет;https://static.tildacdn.com/stor3635-3863-4034-b966-643063316265/41390837.jpg;http://carshine26.ru/ochestiteli-diskov-reziny-chroma/tproduct/558147326242-shine-systems-acidcleaner-universalnii-k
Очистители дисков, резины и хрома;Shine Systems;Shine Systems AirLine WheelCleaner - очиститель колес, 400 мл;380;;нет;https://static.tildacdn.com/stor3566-3937-4164-b263-653836323735/99569642.jpg;http://carshine26.ru/ochestiteli-diskov-reziny-chroma/tproduct/253315610022-shine-systems-airline-wheelcleaner-ochis
Очистители дисков, резины и хрома;Shine Systems;Shine Systems Black Line IronOFF Pro - нейтральный очиститель дисков с индикатором, 400 мл;490;;нет;https://static.tildacdn.com/stor3631-6361-4232-b930-653134623734/70987010.jpg;http://carshine26.ru/ochestiteli-diskov-reziny-chroma/tproduct/110381729192-shine-systems-black-line-ironoff-pro-nei
Очистители дисков, резины и хрома;Shine Systems;Shine Systems Black Line IronOFF Pro - нейтральный очиститель дисков с индикатором, 5 л;3990;;нет;https://static.tildacdn.com/stor3338-3063-4766-b135-623064623039/60917581.jpg;http://carshine26.ru/ochestiteli-diskov-reziny-chroma/tproduct/471523444312-shine-systems-black-line-ironoff-pro-nei
Очистители дисков, резины и хрома;Shine Systems;Shine Systems IronOFF - бескислотный очиститель дисков с индикатором, 5 л;3590;;нет;https://static.tildacdn.com/stor3239-6136-4536-b438-333137323866/58648183.jpg;http://carshine26.ru/ochestiteli-diskov-reziny-chroma/tproduct/728469006842-shine-systems-ironoff-beskislotnii-ochis
Очистители дисков, резины и хрома;Shine Systems;Shine Systems IronOFF - бескислотный очиститель дисков с индикатором, 750 мл;590;;нет;https://static.tildacdn.com/stor6338-6362-4435-b438-396638633637/15768277.jpg;http://carshine26.ru/ochestiteli-diskov-reziny-chroma/tproduct/482450139872-shine-systems-ironoff-beskislotnii-ochis
Очистители дисков, резины и хрома;Shine Systems;Shine Systems IronOFF Gel - нейтральный очиститель дисков с индикатором, 5 л;3590;;нет;https://static.tildacdn.com/stor3834-3539-4633-b862-653165393966/21201314.jpg;http://carshine26.ru/ochestiteli-diskov-reziny-chroma/tproduct/315009203892-shine-systems-ironoff-gel-neitralnii-och
Очистители дисков, резины и хрома;Shine Systems;Shine Systems IronOFF Gel - нейтральный очиститель дисков с индикатором, 750 мл;590;;нет;https://static.tildacdn.com/stor6366-6135-4439-b732-346633623033/93008961.jpg;http://carshine26.ru/ochestiteli-diskov-reziny-chroma/tproduct/649557662402-shine-systems-ironoff-gel-neitralnii-och
Очистители дисков, резины и хрома;Shine Systems;"Shine Systems Tire&amp;Wheel Cleaner - очиститель резины и колес, 5 л";2550;;нет;https://static.tildacdn.com/stor6331-3663-4365-b331-323136343133/76258841.jpg;http://carshine26.ru/ochestiteli-diskov-reziny-chroma/tproduct/256208811102-shine-systems-tireampwheel-cleaner-ochis
Очистители дисков, резины и хрома;Shine Systems;"Shine Systems Tire&amp;Wheel Cleaner - очиститель резины и колес, 900 мл";490;;нет;https://static.tildacdn.com/stor6264-6266-4039-b562-373766393334/66559259.jpg;http://carshine26.ru/ochestiteli-diskov-reziny-chroma/tproduct/668520135842-shine-systems-tireampwheel-cleaner-ochis
Очистители моторного отсека;Shine Systems;Shine Systems EngineWash - очиститель двигателя и агрегатов, 20 кг;4390;;нет;https://static.tildacdn.com/stor3864-3566-4636-a437-633432303662/20156609.jpg;http://carshine26.ru/ochestiteli-motornogo-otseka/tproduct/451008501242-shine-systems-enginewash-ochistitel-dvig
Очистители моторного отсека;Shine Systems;Shine Systems EngineWash - очиститель двигателя и агрегатов, 5 л;1190;;нет;https://static.tildacdn.com/stor6130-3065-4635-b435-373334646631/87130754.jpg;http://carshine26.ru/ochestiteli-motornogo-otseka/tproduct/648644190262-shine-systems-enginewash-ochistitel-dvig
Очистители моторного отсека;Shine Systems;Shine Systems EngineWash - очиститель двигателя и агрегатов, 900 мл;280;;нет;https://static.tildacdn.com/stor3766-3938-4130-a338-336464633135/30446203.jpg;http://carshine26.ru/ochestiteli-motornogo-otseka/tproduct/468353079762-shine-systems-enginewash-ochistitel-dvig
Очистители моторного отсека;Shine Systems;Shine Systems MotorCare - консервант подкапотного пространства, 5 л;3390;;нет;https://static.tildacdn.com/stor3735-6536-4333-a433-363837633338/33702349.jpg;http://carshine26.ru/ochestiteli-motornogo-otseka/tproduct/450515386822-shine-systems-motorcare-konservant-podka
Уход за резиной и пластиком;Shine Systems;Shine Systems MotorCare - консервант подкапотного пространства, 750 мл;590;;нет;https://static.tildacdn.com/stor3835-3965-4836-b030-313430343131/61060551.jpg;http://carshine26.ru/ukhod-za-rezinoj-i-plastikom/tproduct/753986384182-shine-systems-motorcare-konservant-podka
Очистители моторного отсека;Shine Systems;Shine Systems MotorCleaner - гель-диэлектрик для мойки двигателя, 20 л;17590;;нет;https://static.tildacdn.com/stor6236-6566-4235-b930-366133356239/95539187.jpg;http://carshine26.ru/ochestiteli-motornogo-otseka/tproduct/714773911732-shine-systems-motorcleaner-gel-dielektri
Очистители моторного отсека;Shine Systems;Shine Systems MotorCleaner - гель-диэлектрик для мойки двигателя, 5 л;4990;;нет;https://static.tildacdn.com/stor6565-3862-4835-a562-346339333565/37279915.jpg;http://carshine26.ru/ochestiteli-motornogo-otseka/tproduct/421451958392-shine-systems-motorcleaner-gel-dielektri
Очистители моторного отсека;Shine Systems;Shine Systems MotorCleaner - гель-диэлектрик для мойки двигателя, 750 мл;790;;нет;https://static.tildacdn.com/stor6166-3463-4661-a163-373161353936/47855170.jpg;http://carshine26.ru/ochestiteli-motornogo-otseka/tproduct/752648810192-shine-systems-motorcleaner-gel-dielektri
Составы для полировки;Shine Systems;"Shine Systems Check&amp;Prep - антисиликоновый обезжириватель, 750 мл";550;;нет;https://static.tildacdn.com/stor3634-3033-4137-a163-303535353964/68312438.jpg;http://carshine26.ru/sostavy-dlya-polirovki/tproduct/521009793192-shine-systems-checkampprep-antisilikonov
Составы для полировки;Shine Systems;Shine Systems IPA - антисиликон-обезжириватель на спиртовой основе, 5 л;2190;;нет;https://static.tildacdn.com/stor3938-3930-4532-b366-376139363035/57260222.jpg;http://carshine26.ru/sostavy-dlya-polirovki/tproduct/608408366082-shine-systems-ipa-antisilikon-obezzhiriv
Составы для полировки;Shine Systems;Shine Systems IPA - антисиликон-обезжириватель на спиртовой основе, 750 мл;350;;нет;https://static.tildacdn.com/stor3431-3864-4539-b832-633639663837/92827580.jpg;http://carshine26.ru/sostavy-dlya-polirovki/tproduct/322855779352-shine-systems-ipa-antisilikon-obezzhiriv
Составы для полировки;Shine Systems;Shine Systems IPA PPF - спиртовой обезжириватель, 5 л;2190;;нет;https://static.tildacdn.com/stor3530-3765-4032-a465-343532623064/73065764.jpg;http://carshine26.ru/sostavy-dlya-polirovki/tproduct/914681026472-shine-systems-ipa-ppf-spirtovoi-obezzhir
Составы для полировки;Shine Systems;Shine Systems IPA PPF - спиртовой обезжириватель, 750 мл;350;;нет;https://static.tildacdn.com/stor6637-3536-4131-a539-636238323435/76003041.jpg;http://carshine26.ru/sostavy-dlya-polirovki/tproduct/402975852462-shine-systems-ipa-ppf-spirtovoi-obezzhir
Составы для полировки;Shine Systems;Shine Systems Lubricant - лубрикант для работы с глиной и автоскрабами, 5 л;990;;нет;https://static.tildacdn.com/stor3638-3231-4262-b334-316266333261/51972124.jpg;http://carshine26.ru/sostavy-dlya-polirovki/tproduct/712740079782-shine-systems-lubricant-lubrikant-dlya-r
Составы для полировки;Shine Systems;Shine Systems Lubricant - лубрикант для работы с глиной и автоскрабами, 750 мл;190;;нет;https://static.tildacdn.com/stor3264-6631-4839-b830-633938363361/52479521.jpg;http://carshine26.ru/sostavy-dlya-polirovki/tproduct/580412826782-shine-systems-lubricant-lubrikant-dlya-r
Составы для полировки;Shine Systems;Shine Systems PadCleaner - очиститель полировальных кругов, 750 мл;390;;нет;https://static.tildacdn.com/stor6633-6430-4761-a566-323965383830/31075232.jpg;http://carshine26.ru/sostavy-dlya-polirovki/tproduct/456614443212-shine-systems-padcleaner-ochistitel-poli
Составы для полировки;Shine Systems;Shine Systems PPF Gel - установочный гель, 5 л;1690;;нет;https://static.tildacdn.com/stor3463-3762-4934-b431-306334623962/55064824.jpg;http://carshine26.ru/sostavy-dlya-polirovki/tproduct/176044701302-shine-systems-ppf-gel-ustanovochnii-gel
Составы для полировки;Shine Systems;Shine Systems PPF Gel - установочный гель, 750 мл;320;;нет;https://static.tildacdn.com/stor3835-3161-4434-a338-646565626536/34798888.jpg;http://carshine26.ru/sostavy-dlya-polirovki/tproduct/672796126312-shine-systems-ppf-gel-ustanovochnii-gel
Полировальные круги и пады;Shine Systems;Shine Systems Black Wool Pad - полировальный круг из черного меха, 130 мм;1090;;нет;https://static.tildacdn.com/stor3337-3330-4036-a363-313735393562/87132827.jpg;http://carshine26.ru/polirovalnye-krugi-i-pady/tproduct/170260417312-shine-systems-black-wool-pad-polirovalni
Полировальные круги и пады;Shine Systems;Shine Systems Black Wool Pad - полировальный круг из черного меха, 155 мм;1390;;нет;https://static.tildacdn.com/stor3932-6230-4134-b238-643866333966/38012180.jpg;http://carshine26.ru/polirovalnye-krugi-i-pady/tproduct/144958760652-shine-systems-black-wool-pad-polirovalni
Полировальные круги и пады;Shine Systems;Shine Systems Black Wool Pad - полировальный круг из черного меха, 75 мм;590;;нет;https://static.tildacdn.com/stor3735-3338-4164-a466-353733613638/56892101.jpg;http://carshine26.ru/polirovalnye-krugi-i-pady/tproduct/504681318272-shine-systems-black-wool-pad-polirovalni
Полировальные круги и пады;Shine Systems;Shine Systems Cool Wool Pad - гибридный стриженый мех с терморегулирующим слоем, 130 мм;1290;;нет;https://static.tildacdn.com/stor6162-6565-4530-b836-613735343437/14532902.jpg;http://carshine26.ru/polirovalnye-krugi-i-pady/tproduct/663661832392-shine-systems-cool-wool-pad-gibridnii-st
Полировальные круги и пады;Shine Systems;Shine Systems Cotton Wool Pad - полировальный круг мех с хлопком 130 мм;1090;;нет;https://static.tildacdn.com/stor3662-3733-4130-b039-636464386561/36170278.jpg;http://carshine26.ru/polirovalnye-krugi-i-pady/tproduct/705051238172-shine-systems-cotton-wool-pad-polirovaln
Полировальные круги и пады;Shine Systems;Shine Systems Cotton Wool Pad - полировальный круг мех с хлопком 155 мм;1390;;нет;https://static.tildacdn.com/stor3261-6430-4434-a532-373861383563/44760615.jpg;http://carshine26.ru/polirovalnye-krugi-i-pady/tproduct/393964920772-shine-systems-cotton-wool-pad-polirovaln
Полировальные круги и пады;Shine Systems;Shine Systems Cotton Wool Pad - полировальный круг мех с хлопком 75 мм;590;;нет;https://static.tildacdn.com/stor6566-6437-4333-b734-393931373365/95660599.jpg;http://carshine26.ru/polirovalnye-krugi-i-pady/tproduct/289308136082-shine-systems-cotton-wool-pad-polirovaln
Полировальные круги и пады;Shine Systems;Shine Systems DA Foam Pad Black - полировальный круг ультрамягкий черный, 130 мм;550;;нет;https://static.tildacdn.com/stor6437-6165-4665-b131-303034353136/46675245.jpg;http://carshine26.ru/polirovalnye-krugi-i-pady/tproduct/904281416162-shine-systems-da-foam-pad-black-polirova
Полировальные круги и пады;Shine Systems;Shine Systems DA Foam Pad Black - полировальный круг ультрамягкий черный, 155 мм;990;;нет;https://static.tildacdn.com/stor3531-6137-4530-a161-396530353562/94882797.jpg;http://carshine26.ru/polirovalnye-krugi-i-pady/tproduct/739232337782-shine-systems-da-foam-pad-black-polirova
Полировальные круги и пады;Shine Systems;Shine Systems DA Foam Pad Green - полировальный круг экстра твердый зеленый, 130 мм;650;;нет;https://static.tildacdn.com/stor3162-3535-4935-b135-643738303334/91445204.jpg;http://carshine26.ru/polirovalnye-krugi-i-pady/tproduct/715022985262-shine-systems-da-foam-pad-green-polirova
Полировальные круги и пады;Shine Systems;Shine Systems DA Foam Pad Green - полировальный круг экстра твердый зеленый, 155 мм;1090;;нет;https://static.tildacdn.com/stor3035-3933-4337-b137-646662393962/26183345.jpg;http://carshine26.ru/polirovalnye-krugi-i-pady/tproduct/541363830352-shine-systems-da-foam-pad-green-polirova
Полировальные круги и пады;Shine Systems;Shine Systems DA Foam Pad Green - полировальный круг экстра твердый зеленый, 75 мм;350;;нет;https://static.tildacdn.com/stor3838-6133-4635-b763-306635383031/80437675.jpg;http://carshine26.ru/polirovalnye-krugi-i-pady/tproduct/573161792452-shine-systems-da-foam-pad-green-polirova
Полировальные круги и пады;Shine Systems;Shine Systems DA Foam Pad Maroon - полировальный круг полутвердый бордовый, 130 мм;650;;нет;https://static.tildacdn.com/stor6230-3361-4661-a137-386239303664/83895851.jpg;http://carshine26.ru/polirovalnye-krugi-i-pady/tproduct/623197558482-shine-systems-da-foam-pad-maroon-polirov
Полировальные круги и пады;Shine Systems;Shine Systems DA Foam Pad Orange - полировальный круг мягкий оранжевый, 130 мм;550;;нет;https://static.tildacdn.com/stor3832-3633-4966-b966-336261363338/32138789.jpg;http://carshine26.ru/polirovalnye-krugi-i-pady/tproduct/661496605552-shine-systems-da-foam-pad-orange-polirov
Полировальные круги и пады;Shine Systems;Shine Systems DA Foam Pad Purple - полировальный круг твердый лиловый, 130 мм;650;;нет;https://static.tildacdn.com/stor6233-3961-4335-b933-663261343634/98868494.jpg;http://carshine26.ru/polirovalnye-krugi-i-pady/tproduct/798822503502-shine-systems-da-foam-pad-purple-polirov
Полировальные круги и пады;Shine Systems;Shine Systems DA Foam Pad Purple - полировальный круг твердый лиловый, 155 мм;1090;;нет;https://static.tildacdn.com/stor3435-3564-4664-a434-373738646363/38615317.jpg;http://carshine26.ru/polirovalnye-krugi-i-pady/tproduct/953963062262-shine-systems-da-foam-pad-purple-polirov
Полировальные круги и пады;Shine Systems;Shine Systems DA Foam Pad Purple - полировальный круг твердый лиловый, 75 мм;350;;нет;https://static.tildacdn.com/stor3237-3635-4861-a261-353661383662/10025348.jpg;http://carshine26.ru/polirovalnye-krugi-i-pady/tproduct/175172347872-shine-systems-da-foam-pad-purple-polirov
Полировальные круги и пады;Shine Systems;Shine Systems DA Foam Pad Yellow - полировальный круг антиголограммный желтый, 130 мм;650;;нет;https://static.tildacdn.com/stor6563-3966-4133-b663-353264343266/35094461.jpg;http://carshine26.ru/polirovalnye-krugi-i-pady/tproduct/329525489792-shine-systems-da-foam-pad-yellow-polirov
Полировальные круги и пады;Shine Systems;Shine Systems DA Foam Pad Yellow - полировальный круг антиголограммный желтый, 155 мм;1090;;нет;https://static.tildacdn.com/stor3530-6666-4537-b664-666162616230/99584304.jpg;http://carshine26.ru/polirovalnye-krugi-i-pady/tproduct/789454233652-shine-systems-da-foam-pad-yellow-polirov
Полировальные круги и пады;Shine Systems;Shine Systems DA Foam Pad Yellow - полировальный круг антиголограммный желтый, 75 мм;350;;нет;https://static.tildacdn.com/stor3533-3962-4466-a362-626131383565/36358527.jpg;http://carshine26.ru/polirovalnye-krugi-i-pady/tproduct/797975931292-shine-systems-da-foam-pad-yellow-polirov
Полировальные круги и пады;Shine Systems;Shine Systems Glass Pad - войлочный круг для полировки стекла 125 мм;390;;нет;https://static.tildacdn.com/stor3537-6230-4934-b331-326165363230/83773345.jpg;http://carshine26.ru/polirovalnye-krugi-i-pady/tproduct/901564850982-shine-systems-glass-pad-voilochnii-krug
Полировальные круги и пады;Shine Systems;Shine Systems Glass Pad - войлочный круг для полировки стекла 75 мм;250;;нет;https://static.tildacdn.com/stor3035-6530-4336-a236-613432633733/13529884.jpg;http://carshine26.ru/polirovalnye-krugi-i-pady/tproduct/362976115912-shine-systems-glass-pad-voilochnii-krug
Полировальные круги и пады;Shine Systems;Shine Systems Gray Wool Pad - полировальный круг из серого меха, 130 мм;1090;;нет;https://static.tildacdn.com/stor3532-6131-4430-b765-636535386666/56354350.jpg;http://carshine26.ru/polirovalnye-krugi-i-pady/tproduct/987630798182-shine-systems-gray-wool-pad-polirovalnii
Полировальные круги и пады;Shine Systems;Shine Systems Hybrid Pad - гибридный полировальный круг, 130 мм;890;;нет;https://static.tildacdn.com/stor6566-3266-4064-b037-363662326161/84788902.jpg;http://carshine26.ru/polirovalnye-krugi-i-pady/tproduct/346436222402-shine-systems-hybrid-pad-gibridnii-polir
Полировальные круги и пады;Shine Systems;Shine Systems Hybrid Pad - гибридный полировальный круг, 155 мм;1090;;нет;https://static.tildacdn.com/stor6638-6262-4564-b566-633761363035/63174364.jpg;http://carshine26.ru/polirovalnye-krugi-i-pady/tproduct/202441643602-shine-systems-hybrid-pad-gibridnii-polir
Полировальные круги и пады;Shine Systems;Shine Systems Hybrid Pad - гибридный полировальный круг, 75 мм;390;;нет;https://static.tildacdn.com/stor6561-6333-4135-a337-663632613661/15814760.jpg;http://carshine26.ru/polirovalnye-krugi-i-pady/tproduct/665411324852-shine-systems-hybrid-pad-gibridnii-polir
Полировальные круги и пады;Shine Systems;Shine Systems Lila Wool Pad - полировальный круг из лилового меха, 130 мм;1090;;нет;https://static.tildacdn.com/stor3035-3737-4635-b538-663763623364/61200490.jpg;http://carshine26.ru/polirovalnye-krugi-i-pady/tproduct/512380686482-shine-systems-lila-wool-pad-polirovalnii
Полировальные круги и пады;Shine Systems;Shine Systems Lila Wool Pad - полировальный круг из лилового меха, 155 мм;1390;;нет;https://static.tildacdn.com/stor3338-3936-4631-a264-356634623564/75847030.jpg;http://carshine26.ru/polirovalnye-krugi-i-pady/tproduct/413537827722-shine-systems-lila-wool-pad-polirovalnii
Полировальные круги и пады;Shine Systems;Shine Systems Lila Wool Pad - полировальный круг из лилового меха, 75 мм;590;;нет;https://static.tildacdn.com/stor3133-6430-4463-b564-386136666634/80304522.jpg;http://carshine26.ru/polirovalnye-krugi-i-pady/tproduct/599890459652-shine-systems-lila-wool-pad-polirovalnii
Полировальные круги и пады;Shine Systems;Shine Systems Microfiber Pad - полировальный круг из микрофибры, 130 мм;490;;нет;https://static.tildacdn.com/stor3038-6631-4234-b738-393863356561/40896963.jpg;http://carshine26.ru/polirovalnye-krugi-i-pady/tproduct/363130465472-shine-systems-microfiber-pad-polirovalni
Полировальные круги и пады;Shine Systems;Shine Systems Microfiber Pad - полировальный круг из микрофибры, 155 мм;590;;нет;https://static.tildacdn.com/stor6166-3436-4430-b335-313563616133/11264720.jpg;http://carshine26.ru/polirovalnye-krugi-i-pady/tproduct/976319403032-shine-systems-microfiber-pad-polirovalni
Полировальные круги и пады;Shine Systems;Shine Systems Microfiber Pad - полировальный круг из микрофибры, 75 мм;390;;нет;https://static.tildacdn.com/stor6135-3430-4834-b337-383633326561/56585556.jpg;http://carshine26.ru/polirovalnye-krugi-i-pady/tproduct/450916741772-shine-systems-microfiber-pad-polirovalni
Полировальные круги и пады;Shine Systems;Shine Systems Microfiber Pad Set - комплект микрофибровых кругов 30 мм, 5 шт;590;;нет;https://static.tildacdn.com/stor3232-3532-4933-b338-393835343439/30256652.jpg;http://carshine26.ru/polirovalnye-krugi-i-pady/tproduct/488825695152-shine-systems-microfiber-pad-set-komplek
Полировальные круги и пады;Shine Systems;Shine Systems Microfiber Pad Set - комплект микрофибровых кругов 50 мм, 3 шт;490;;нет;https://static.tildacdn.com/stor6435-3834-4737-a362-616639383565/87122020.jpg;http://carshine26.ru/polirovalnye-krugi-i-pady/tproduct/123421274512-shine-systems-microfiber-pad-set-komplek
Полировальные круги и пады;Shine Systems;Shine Systems Nano Polisher Pad Set - набор мини-падов для iBrid, 30 мм 7шт;990;;нет;https://static.tildacdn.com/stor3963-3538-4264-b438-643136353830/71273722.jpg;http://carshine26.ru/polirovalnye-krugi-i-pady/tproduct/116057172002-shine-systems-nano-polisher-pad-set-nabo
Полировальные круги и пады;Shine Systems;Shine Systems Nano Polisher Pad Set - набор мини-падов для iBrid, 50 мм 7шт;1390;;нет;https://static.tildacdn.com/stor6131-3137-4165-a466-353564363239/96524822.jpg;http://carshine26.ru/polirovalnye-krugi-i-pady/tproduct/983857304752-shine-systems-nano-polisher-pad-set-nabo
Полировальные круги и пады;Shine Systems;Shine Systems Pad Cleaning Brush - щетка для чистки полировальных кругов;590;;нет;https://static.tildacdn.com/stor6633-3138-4339-b537-613437353037/12505668.jpg;http://carshine26.ru/polirovalnye-krugi-i-pady/tproduct/672717574342-shine-systems-pad-cleaning-brush-schetka
Полировальные круги и пады;Shine Systems;Shine Systems PadCleaner - очиститель полировальных кругов, 750 мл;390;;нет;https://static.tildacdn.com/stor6436-6633-4231-a362-313439623339/50683742.jpg;http://carshine26.ru/polirovalnye-krugi-i-pady/tproduct/964029117892-shine-systems-padcleaner-ochistitel-poli
Полировальные круги и пады;Shine Systems;Shine Systems RO Foam Pad Green - полировальный круг твердый зеленый, 130 мм;650;;нет;https://static.tildacdn.com/stor3462-3433-4230-b566-323561643865/50991154.jpg;http://carshine26.ru/polirovalnye-krugi-i-pady/tproduct/451892608082-shine-systems-ro-foam-pad-green-polirova
Полировальные круги и пады;Shine Systems;Shine Systems RO Foam Pad Green - полировальный круг твердый зеленый, 155 мм;990;;нет;https://static.tildacdn.com/stor3533-3537-4235-a636-343333326532/18695943.jpg;http://carshine26.ru/polirovalnye-krugi-i-pady/tproduct/664545244152-shine-systems-ro-foam-pad-green-polirova
Полировальные круги и пады;Shine Systems;Shine Systems RO Foam Pad Green - полировальный круг твердый зеленый, 75 мм;350;;нет;https://static.tildacdn.com/stor3337-3938-4539-a663-316533656466/66872296.jpg;http://carshine26.ru/polirovalnye-krugi-i-pady/tproduct/727227671242-shine-systems-ro-foam-pad-green-polirova
Полировальные круги и пады;Shine Systems;Shine Systems RO Foam Pad Orange - полировальный круг мягкий оранжевый, 130 мм;650;;нет;https://static.tildacdn.com/stor3034-6566-4635-b066-366231316235/75485121.jpg;http://carshine26.ru/polirovalnye-krugi-i-pady/tproduct/805254652852-shine-systems-ro-foam-pad-orange-polirov
Полировальные круги и пады;Shine Systems;Shine Systems RO Foam Pad Orange - полировальный круг мягкий оранжевый, 155 мм;990;;нет;https://static.tildacdn.com/stor3437-6139-4139-b737-663131373036/64820211.jpg;http://carshine26.ru/polirovalnye-krugi-i-pady/tproduct/782415094322-shine-systems-ro-foam-pad-orange-polirov
Полировальные круги и пады;Shine Systems;Shine Systems RO Foam Pad Orange - полировальный круг мягкий оранжевый, 75 мм;350;;нет;https://static.tildacdn.com/stor3965-6431-4561-b266-626139643863/13740774.jpg;http://carshine26.ru/polirovalnye-krugi-i-pady/tproduct/840132268972-shine-systems-ro-foam-pad-orange-polirov
Полировальные круги и пады;Shine Systems;Shine Systems RO Foam Pad Yellow - полировальный круг полутвердый желтый, 130 мм;650;;нет;https://static.tildacdn.com/stor3834-6334-4735-b161-343939626564/23774463.jpg;http://carshine26.ru/polirovalnye-krugi-i-pady/tproduct/825511527962-shine-systems-ro-foam-pad-yellow-polirov
Полировальные круги и пады;Shine Systems;Shine Systems RO Foam Pad Yellow - полировальный круг полутвердый желтый, 155 мм;990;;нет;https://static.tildacdn.com/stor3938-3130-4065-b037-353263666362/95652384.jpg;http://carshine26.ru/polirovalnye-krugi-i-pady/tproduct/215506236212-shine-systems-ro-foam-pad-yellow-polirov
Полировальные круги и пады;Shine Systems;Shine Systems RO Foam Pad Yellow - полировальный круг полутвердый желтый, 75 мм;350;;нет;https://static.tildacdn.com/stor6262-6234-4664-b962-373234346537/93384506.jpg;http://carshine26.ru/polirovalnye-krugi-i-pady/tproduct/492206811592-shine-systems-ro-foam-pad-yellow-polirov
Полировальные круги и пады;Shine Systems;Shine Systems Stripy Wool Pad - полировальный круг из стриженого меха, 130 мм;990;;нет;https://static.tildacdn.com/stor3734-6433-4630-b964-343762303333/26147394.jpg;http://carshine26.ru/polirovalnye-krugi-i-pady/tproduct/534497692322-shine-systems-stripy-wool-pad-polirovaln
Полировальные круги и пады;Shine Systems;Shine Systems Stripy Wool Pad - полировальный круг из стриженого меха, 155 мм;1290;;нет;https://static.tildacdn.com/stor6636-3638-4639-a438-623865623230/86655308.jpg;http://carshine26.ru/polirovalnye-krugi-i-pady/tproduct/492684948922-shine-systems-stripy-wool-pad-polirovaln
Полировальные круги и пады;Shine Systems;Shine Systems Stripy Wool Pad - полировальный круг из стриженого меха, 75 мм;490;;нет;https://static.tildacdn.com/stor6166-3361-4861-a635-626563363662/89883896.jpg;http://carshine26.ru/polirovalnye-krugi-i-pady/tproduct/821556136492-shine-systems-stripy-wool-pad-polirovaln
Полировальные круги и пады;Shine Systems;Shine Systems Unicorn Wool Pad - полировальный круг из цветного меха, 130 мм;990;;нет;https://static.tildacdn.com/stor3864-6632-4537-a433-623233376665/45618485.jpg;http://carshine26.ru/polirovalnye-krugi-i-pady/tproduct/737258182992-shine-systems-unicorn-wool-pad-poliroval
Полировальные круги и пады;Shine Systems;Shine Systems Yellow Wool Pad - полировальный круг из желтого меха, 130 мм;890;;нет;https://static.tildacdn.com/stor3765-6139-4563-a133-663461653132/37993758.jpg;http://carshine26.ru/polirovalnye-krugi-i-pady/tproduct/498531972742-shine-systems-yellow-wool-pad-polirovaln
Полировальные круги и пады;Shine Systems;Shine Systems Yellow Wool Pad - полировальный круг из желтого меха, 155 мм;990;;нет;https://static.tildacdn.com/stor6236-3231-4561-b035-353032366239/45999090.jpg;http://carshine26.ru/polirovalnye-krugi-i-pady/tproduct/690501493462-shine-systems-yellow-wool-pad-polirovaln
Подложки к полировальникам;Shine Systems;Shine Systems Backing pad 125DA - подложка для эксцентриковой машинки, 125 мм;990;;нет;https://static.tildacdn.com/stor3963-6336-4361-b331-653461386534/42269675.jpg;http://carshine26.ru/podlozhki-k-polirovalnikam/tproduct/990611498862-shine-systems-backing-pad-125da-podlozhk
Подложки к полировальникам;Shine Systems;Shine Systems Backing pad 125RO - подложка для ротационной машинки, 125 мм;890;;нет;https://static.tildacdn.com/stor3864-3664-4131-b036-623066393934/54129743.jpg;http://carshine26.ru/podlozhki-k-polirovalnikam/tproduct/677696988942-shine-systems-backing-pad-125ro-podlozhk
Подложки к полировальникам;Shine Systems;Shine Systems Backing pad 150DA - подложка для эксцентриковой машинки, 150 мм;1090;;нет;https://static.tildacdn.com/stor6430-3535-4634-b331-643962633563/71779745.jpg;http://carshine26.ru/podlozhki-k-polirovalnikam/tproduct/591679956392-shine-systems-backing-pad-150da-podlozhk
Подложки к полировальникам;Shine Systems;Shine Systems Backing pad 150RO - подложка для ротационной машинки, 150 мм;990;;нет;https://static.tildacdn.com/stor6232-3136-4134-b161-646335373438/83682130.jpg;http://carshine26.ru/podlozhki-k-polirovalnikam/tproduct/461835862982-shine-systems-backing-pad-150ro-podlozhk
Подложки к полировальникам;Shine Systems;Shine Systems Backing pad 25RO - подложка для ротационной машинки, 25 мм;390;;нет;https://static.tildacdn.com/stor3836-3836-4735-a531-643462343166/78745994.jpg;http://carshine26.ru/podlozhki-k-polirovalnikam/tproduct/136328178032-shine-systems-backing-pad-25ro-podlozhka
Подложки к полировальникам;Shine Systems;Shine Systems Backing pad 50RO - подложка для ротационной машинки, 50 мм;450;;нет;https://static.tildacdn.com/stor3761-3162-4234-b963-306239363537/68457517.jpg;http://carshine26.ru/podlozhki-k-polirovalnikam/tproduct/885887705912-shine-systems-backing-pad-50ro-podlozhka
Подложки к полировальникам;Shine Systems;Shine Systems Backing pad 75DA - подложка для эксцентриковой машинки, 75 мм;890;;нет;https://static.tildacdn.com/stor3631-3862-4163-b835-333965353264/57582610.jpg;http://carshine26.ru/podlozhki-k-polirovalnikam/tproduct/122777898752-shine-systems-backing-pad-75da-podlozhka
Подложки к полировальникам;Shine Systems;Shine Systems Backing pad 75RO - подложка для ротационной машинки, 75 мм;490;;нет;https://static.tildacdn.com/stor6634-3963-4565-b332-396264386230/38900360.jpg;http://carshine26.ru/podlozhki-k-polirovalnikam/tproduct/752985798682-shine-systems-backing-pad-75ro-podlozhka
Подложки к полировальникам;Shine Systems;Shine Systems Flex Back Plate RO125 - гибкая подложка для ротационной машинки 125 мм;1090;;нет;https://static.tildacdn.com/stor3833-3432-4433-b466-313435633764/17218280.jpg;http://carshine26.ru/podlozhki-k-polirovalnikam/tproduct/500456066572-shine-systems-flex-back-plate-ro125-gibk
Подложки к полировальникам;Shine Systems;Shine Systems Flex Back Plate RO150 - гибкая подложка для ротационной машинки 150 мм;1290;;нет;https://static.tildacdn.com/stor3936-6533-4138-a133-366666363836/73999065.jpg;http://carshine26.ru/podlozhki-k-polirovalnikam/tproduct/865566750262-shine-systems-flex-back-plate-ro150-gibk
Протирочный материал;Shine Systems;Shine Systems Buffing Towel - микрофибра для располировки составов 40*40см;190;;нет;https://static.tildacdn.com/stor6364-3666-4334-b561-613030313939/99785818.jpg;http://carshine26.ru/protirochnyj-material/tproduct/933051031062-shine-systems-buffing-towel-mikrofibra-d
Протирочный материал;Shine Systems;Shine Systems Easy Dry Double Max - двуслойная микрофибра для сушки кузова 50*80см, 1200гр/м2;1190;;нет;https://static.tildacdn.com/stor3931-6566-4466-b935-396566306461/67734869.jpg;http://carshine26.ru/protirochnyj-material/tproduct/916589483682-shine-systems-easy-dry-double-max-dvuslo
Протирочный материал;Shine Systems;Shine Systems Easy Dry Towel - супервпитывающая микрофибра для сушки кузова 50*60см, 600гр/м2;390;;нет;https://static.tildacdn.com/stor3235-3265-4163-a636-316633333936/56294468.jpg;http://carshine26.ru/protirochnyj-material/tproduct/230866577372-shine-systems-easy-dry-towel-supervpitiv
Протирочный материал;Shine Systems;Shine Systems Edgeless Towel Blue – универсальная микрофибра без оверлока 40*40см, 400гр/м2, голубая;150;;нет;https://static.tildacdn.com/stor6332-3235-4662-a161-633664373233/95087349.jpg;http://carshine26.ru/protirochnyj-material/tproduct/875214558372-shine-systems-edgeless-towel-blue-univer
Протирочный материал;Shine Systems;Shine Systems Edgeless Towel Gray – универсальная микрофибра без оверлока 40*40см, 400гр/м2, серая;150;;нет;https://static.tildacdn.com/stor6132-3064-4835-b366-633238623366/57908473.jpg;http://carshine26.ru/protirochnyj-material/tproduct/159673730272-shine-systems-edgeless-towel-gray-univer
Протирочный материал;Shine Systems;Shine Systems FiberShampoo - шампунь для стирки микрофибры, 750 мл;450;;нет;https://static.tildacdn.com/stor6662-3165-4835-b666-353431366130/95207712.jpg;http://carshine26.ru/protirochnyj-material/tproduct/690575058172-shine-systems-fibershampoo-shampun-dlya
Протирочный материал;Shine Systems;Shine Systems Glass Towel - безворсовая микрофибра для стекол 40*40 см;150;;нет;https://static.tildacdn.com/stor3266-3037-4934-a539-363930656139/57304134.jpg;http://carshine26.ru/protirochnyj-material/tproduct/415614120532-shine-systems-glass-towel-bezvorsovaya-m
Протирочный материал;Shine Systems;Shine Systems Lint-Free Towel - безворсовая универсальная микрофибра стрейч 40*40 см;150;;нет;https://static.tildacdn.com/stor3031-3634-4361-b862-626364323430/49146571.jpg;http://carshine26.ru/protirochnyj-material/tproduct/935657794862-shine-systems-lint-free-towel-bezvorsova
Протирочный материал;Shine Systems;Shine Systems Super Dry Towel - супервпитывающая микрофибра для сушки кузова 50*60см, 800 гр/м2;590;;нет;https://static.tildacdn.com/stor3731-3162-4237-b765-663432616532/10134239.jpg;http://carshine26.ru/protirochnyj-material/tproduct/314125209532-shine-systems-super-dry-towel-supervpiti
Протирочный материал;Shine Systems;Shine Systems Terry Towel - универсальная микрофибра без оверлока 40*40см, 6 шт;590;;нет;https://static.tildacdn.com/stor3334-6663-4334-b232-323633623732/87030888.jpg;http://carshine26.ru/protirochnyj-material/tproduct/502872342582-shine-systems-terry-towel-universalnaya
Протирочный материал;Shine Systems;Shine Systems Utility Towel - универсальная микрофибра 30*30см, 10шт;490;;нет;https://static.tildacdn.com/stor6639-3330-4232-a364-393764313936/13244541.jpg;http://carshine26.ru/protirochnyj-material/tproduct/555920763052-shine-systems-utility-towel-universalnay
Губки, аппликаторы, рукавицы;Shine Systems;Shine Systems Chenille Wash Mitt - шенилловая рукавица для мойки кузова;390;;нет;https://static.tildacdn.com/stor3461-3835-4333-a138-656137393935/78571219.jpg;http://carshine26.ru/gubki-applikatory-rukavicy/tproduct/949409441782-shine-systems-chenille-wash-mitt-shenill
Губки, аппликаторы, рукавицы;Shine Systems;Shine Systems Glass Applicator - аппликатор для чистки стекла и хрома 6*5*4 см;180;;нет;https://static.tildacdn.com/stor3465-6364-4261-a134-653139393461/28481013.jpg;http://carshine26.ru/gubki-applikatory-rukavicy/tproduct/774485668662-shine-systems-glass-applicator-applikato
Губки, аппликаторы, рукавицы;Shine Systems;Shine Systems Microfiber Sponge – микрофибровый аппликатор для нанесения составов;190;;нет;https://static.tildacdn.com/stor6562-3562-4461-b531-653036623337/92554620.jpg;http://carshine26.ru/gubki-applikatory-rukavicy/tproduct/349146946892-shine-systems-microfiber-sponge-mikrofib
Губки, аппликаторы, рукавицы;Shine Systems;Shine Systems Power Sponge - губка для удаления устойчивых загрязнений;160;;нет;https://static.tildacdn.com/stor6361-6232-4364-a633-383832613238/31214407.jpg;http://carshine26.ru/gubki-applikatory-rukavicy/tproduct/344963332092-shine-systems-power-sponge-gubka-dlya-ud
Губки, аппликаторы, рукавицы;Shine Systems;Shine Systems Tire Applicator - аппликатор для чернения резины и пластика;290;;нет;https://static.tildacdn.com/stor3734-6663-4032-b931-386461636439/87963342.jpg;http://carshine26.ru/gubki-applikatory-rukavicy/tproduct/200490044392-shine-systems-tire-applicator-applikator
Губки, аппликаторы, рукавицы;Shine Systems;Shine Systems Wash Sponge - губка крупноячеистая для мойки кузова 20*12*6см;290;;нет;https://static.tildacdn.com/stor3065-3534-4035-b335-303831633235/19399334.jpg;http://carshine26.ru/gubki-applikatory-rukavicy/tproduct/437618315512-shine-systems-wash-sponge-gubka-krupnoya
Губки, аппликаторы, рукавицы;Shine Systems;Shine Systems Wax Pad - аппликатор черный поролоновый круглый 10*2 см;90;;нет;https://static.tildacdn.com/stor3762-6337-4538-a231-653831393564/87500332.jpg;http://carshine26.ru/gubki-applikatory-rukavicy/tproduct/320080991572-shine-systems-wax-pad-applikator-chernii
Щетки и кисти;Shine Systems;Shine Systems Bamboo Brush - щетка для труднодоступных мест 20 см;190;;нет;https://static.tildacdn.com/stor3764-6337-4265-b535-626238366633/16289791.jpg;http://carshine26.ru/sshetki-i-kisti/tproduct/871785464632-shine-systems-bamboo-brush-schetka-dlya
Щетки и кисти;Shine Systems;Shine Systems Bamboo Brush XL - щетка для труднодоступных мест 40 см;260;;нет;https://static.tildacdn.com/stor6265-3334-4564-b161-353432636233/94440746.jpg;http://carshine26.ru/sshetki-i-kisti/tproduct/315748304952-shine-systems-bamboo-brush-xl-schetka-dl
Щетки и кисти;Shine Systems;Shine Systems Detailing Brush N10 - деликатная кисть для детейлинга средняя;190;;нет;https://static.tildacdn.com/stor3633-3931-4661-b463-613763633065/20856488.jpg;http://carshine26.ru/sshetki-i-kisti/tproduct/767307519612-shine-systems-detailing-brush-n10-delika
Щетки и кисти;Shine Systems;Shine Systems Detailing Brush N18 - деликатная кисть для детейлинга большая;250;;нет;https://static.tildacdn.com/stor3033-3435-4332-a361-663532643539/79561925.jpg;http://carshine26.ru/sshetki-i-kisti/tproduct/980810526512-shine-systems-detailing-brush-n18-delika
Щетки и кисти;Shine Systems;Shine Systems Drill Brush - мягкая щетка для шуруповерта, 100 мм;390;;нет;https://static.tildacdn.com/stor3865-3266-4662-a463-393633666637/57328157.jpg;http://carshine26.ru/sshetki-i-kisti/tproduct/498459930012-shine-systems-drill-brush-myagkaya-schet
Щетки и кисти;Shine Systems;Shine Systems Interior Brush - щетка для чистки интерьера;350;;нет;https://static.tildacdn.com/stor6261-3937-4865-b361-373337333666/18720357.jpg;http://carshine26.ru/sshetki-i-kisti/tproduct/645587629982-shine-systems-interior-brush-schetka-dly
Щетки и кисти;Shine Systems;Shine Systems Leather Brush - щетка для чистки кожи с натуральной щетиной;490;;нет;https://static.tildacdn.com/stor6138-3536-4363-b738-376335623861/93653952.jpg;http://carshine26.ru/sshetki-i-kisti/tproduct/263001874592-shine-systems-leather-brush-schetka-dlya
Щетки и кисти;Shine Systems;Shine Systems Mini Brush - мини щетка из натурального ворса;250;;нет;https://static.tildacdn.com/stor6662-3666-4433-a536-303535636564/31831044.jpg;http://carshine26.ru/sshetki-i-kisti/tproduct/189590232222-shine-systems-mini-brush-mini-schetka-iz
Щетки и кисти;Shine Systems;Shine Systems Rim Brush L - щетка для чистки дисков 43*6,5 см;790;;нет;https://static.tildacdn.com/stor6263-6430-4833-b235-306634613761/81405814.jpg;http://carshine26.ru/sshetki-i-kisti/tproduct/468815553572-shine-systems-rim-brush-l-schetka-dlya-c
Щетки и кисти;Shine Systems;Shine Systems Rim Brush XL - щетка для чистки дисков 43*10 см;990;;нет;https://static.tildacdn.com/stor3163-3739-4762-b263-363062613736/34918141.jpg;http://carshine26.ru/sshetki-i-kisti/tproduct/915869432062-shine-systems-rim-brush-xl-schetka-dlya
Щетки и кисти;Shine Systems;Shine Systems Tire Brush - щетка для чистки покрышек;390;;нет;https://static.tildacdn.com/stor6434-3930-4364-b234-663162643936/17637171.jpg;http://carshine26.ru/sshetki-i-kisti/tproduct/852729086782-shine-systems-tire-brush-schetka-dlya-ch
Щетки и кисти;Shine Systems;Shine Systems Ultra Soft Brush - ультрамягкая кисть для детейлинга;350;;нет;https://static.tildacdn.com/stor6133-3433-4533-a330-396534396639/90776756.jpg;http://carshine26.ru/sshetki-i-kisti/tproduct/277340485032-shine-systems-ultra-soft-brush-ultramyag
Распрыскиватели и триггеры;Shine Systems;Shine Systems Foam Trigger - распрыскиватель пенный;80;;нет;https://static.tildacdn.com/stor6130-6566-4963-b331-343363393664/53071189.jpg;http://carshine26.ru/raspryskivateli-i-triggery/tproduct/947466014712-shine-systems-foam-trigger-raspriskivate
Распрыскиватели и триггеры;Shine Systems;Shine Systems Heavy Duty Trigger - распрыскиватель химически стойкий;190;;нет;https://static.tildacdn.com/stor3439-3138-4832-a562-623633613233/37758156.jpg;http://carshine26.ru/raspryskivateli-i-triggery/tproduct/909199621622-shine-systems-heavy-duty-trigger-raspris
Распрыскиватели и триггеры;Shine Systems;Shine Systems Standart Trigger - распрыскиватель дисперсионный;70;;нет;https://static.tildacdn.com/stor6430-6165-4633-b561-353661663432/27581337.jpg;http://carshine26.ru/raspryskivateli-i-triggery/tproduct/482074444602-shine-systems-standart-trigger-raspriski
Бутылки, емкости, ведра;Shine Systems;Shine Systems Bucket + Filter - ведро для мойки автомобиля c сепаратором, 20 л;1790;;нет;https://static.tildacdn.com/stor3264-6364-4231-b837-343131373639/93958044.jpg;http://carshine26.ru/butylki-emkosti-vedra/tproduct/841161034232-shine-systems-bucket-filter-vedro-dlya-m
Бутылки, емкости, ведра;Shine Systems;Shine Systems Bucket - ведро для мойки автомобиля 20 л.;1390;;нет;https://static.tildacdn.com/stor3538-3665-4463-b062-613730386437/65755886.jpg;http://carshine26.ru/butylki-emkosti-vedra/tproduct/728867911402-shine-systems-bucket-vedro-dlya-moiki-av
Бутылки, емкости, ведра;Shine Systems;Shine Systems Bucket Set - ведро для мойки автомобиля c крышкой и сепаратором, 20 л;2690;;нет;https://static.tildacdn.com/stor3934-3833-4236-a534-396639613265/48152179.jpg;http://carshine26.ru/butylki-emkosti-vedra/tproduct/443242944202-shine-systems-bucket-set-vedro-dlya-moik
Бутылки, емкости, ведра;Shine Systems;Shine Systems Foamer - Бутылка с пенообразователем для нейтральных составов, 150 мл;180;;нет;https://static.tildacdn.com/stor6562-3362-4632-b266-303465646233/43556470.jpg;http://carshine26.ru/butylki-emkosti-vedra/tproduct/398565545012-shine-systems-foamer-butilka-s-penoobraz
Бутылки, емкости, ведра;Shine Systems;Shine Systems Sand Filter - грязевой сепаратор для ведра 265*63мм;490;;нет;https://static.tildacdn.com/stor3864-3962-4264-a361-383835653864/75661595.jpg;http://carshine26.ru/butylki-emkosti-vedra/tproduct/940415625942-shine-systems-sand-filter-gryazevoi-sepa
Бутылки, емкости, ведра;Shine Systems;Shine Systems Флакон 180 мл с распылителем;77;;нет;https://static.tildacdn.com/stor3764-3664-4933-b032-653931353631/87943762.jpg;http://carshine26.ru/butylki-emkosti-vedra/tproduct/541309015052-shine-systems-flakon-180-ml-s-raspilitel
Бутылки, емкости, ведра;;Shine Systems Флакон 200 мл с распрыскивателем дисперсионным 24/410;105;;нет;https://static.tildacdn.com/stor3864-3930-4436-b863-336166366531/45010881.jpg;http://carshine26.ru/butylki-emkosti-vedra/tproduct/588085196432-shine-systems-flakon-200-ml-s-raspriskiv
Бутылки, емкости, ведра;Shine Systems;Shine Systems Флакон 200 мл с распылителем;60;;нет;https://static.tildacdn.com/stor3638-6664-4230-b130-393439663132/48623498.jpg;http://carshine26.ru/butylki-emkosti-vedra/tproduct/872080794722-shine-systems-flakon-200-ml-s-raspilitel
Автоскрабы, абразивные материалы;Shine Systems;Shine Systems Clay Bar - полировальная глина, 100 гр;690;;нет;https://static.tildacdn.com/stor3136-6236-4834-b464-323562623536/94911143.jpg;http://carshine26.ru/avtoskraby-abrazivnye-mat-ly/tproduct/935031076442-shine-systems-clay-bar-polirovalnaya-gli
Автоскрабы, абразивные материалы;Shine Systems;Shine Systems Clay Glove - рукавица автоскраб;2290;;нет;https://static.tildacdn.com/stor6635-6435-4431-b430-613235653035/29991693.jpg;http://carshine26.ru/avtoskraby-abrazivnye-mat-ly/tproduct/590457392732-shine-systems-clay-glove-rukavitsa-avtos
Автоскрабы, абразивные материалы;Shine Systems;Shine Systems Clay Pad - круг автоскраб, 150 мм;1390;;нет;https://static.tildacdn.com/stor3833-3331-4935-a665-313762383137/35527827.jpg;http://carshine26.ru/avtoskraby-abrazivnye-mat-ly/tproduct/209685562292-shine-systems-clay-pad-krug-avtoskrab-15
Средства индивидуальной защиты;Shine Systems;"Shine Systems Nitrile Gloves - защитные универсальные нитриловые неопудренные перчатки, размер ""L"", цвет черный 100 шт";790;;нет;https://static.tildacdn.com/stor3238-3934-4431-a430-326166646465/87367457.jpg;http://carshine26.ru/sredstva-individualnoj-zasshity/tproduct/359988255722-shine-systems-nitrile-gloves-zaschitnie
Средства индивидуальной защиты;Shine Systems;"Shine Systems Nitrile Gloves - защитные универсальные нитриловые неопудренные перчатки, размер ""M"", цвет черный 100 шт";790;;нет;https://static.tildacdn.com/stor3638-6331-4364-b133-306262633134/74746187.jpg;http://carshine26.ru/sredstva-individualnoj-zasshity/tproduct/319962024552-shine-systems-nitrile-gloves-zaschitnie
Средства индивидуальной защиты;Shine Systems;"Shine Systems Nitrile Gloves - защитные универсальные нитриловые неопудренные перчатки, размер ""XL"", цвет черный 100 шт";790;;нет;https://static.tildacdn.com/stor3839-3266-4565-a337-366437356635/63094783.jpg;http://carshine26.ru/sredstva-individualnoj-zasshity/tproduct/167466608822-shine-systems-nitrile-gloves-zaschitnie
Средства индивидуальной защиты;Shine Systems;"Shine Systems Nitrile Gloves Diamond - текстурированные ультрапрочные нитриловые перчатки, размер ""L"", цвет оранжевый 100 шт";1390;;нет;https://static.tildacdn.com/stor6462-3231-4131-a565-366538633135/89160772.jpg;http://carshine26.ru/sredstva-individualnoj-zasshity/tproduct/134559889882-shine-systems-nitrile-gloves-diamond-tek
Средства индивидуальной защиты;Shine Systems;"Shine Systems Nitrile Gloves Diamond - текстурированные ультрапрочные нитриловые перчатки, размер ""M"", цвет оранжевый 100 шт";1390;;нет;https://static.tildacdn.com/stor6230-3361-4938-b964-323861636362/70845161.jpg;http://carshine26.ru/sredstva-individualnoj-zasshity/tproduct/592139555302-shine-systems-nitrile-gloves-diamond-tek
Средства индивидуальной защиты;Shine Systems;"Shine Systems Nitrile Gloves Diamond - текстурированные ультрапрочные нитриловые перчатки, размер ""XL"", цвет оранжевый 100 шт";1390;;нет;https://static.tildacdn.com/stor6635-3965-4332-b130-363562316539/42116686.jpg;http://carshine26.ru/sredstva-individualnoj-zasshity/tproduct/993185629952-shine-systems-nitrile-gloves-diamond-tek
Средства индивидуальной защиты;Shine Systems;"Shine Systems Перчатки нитриловые высокопрочные, размер ""L"", цвет черный 100 шт";690;;нет;https://static.tildacdn.com/stor6463-3734-4337-a431-336335373435/77178482.jpg;http://carshine26.ru/sredstva-individualnoj-zasshity/tproduct/475383830512-shine-systems-perchatki-nitrilovie-visok
Средства индивидуальной защиты;Shine Systems;"Shine Systems Перчатки нитриловые высокопрочные, размер ""M"", цвет черный 100 шт";690;;нет;https://static.tildacdn.com/stor3338-3833-4238-a665-663333663664/94946418.jpg;http://carshine26.ru/sredstva-individualnoj-zasshity/tproduct/907056046062-shine-systems-perchatki-nitrilovie-visok
Средства индивидуальной защиты;Shine Systems;"Shine Systems Перчатки нитриловые высокопрочные, размер ""XL"", цвет черный 100 шт";690;;нет;https://static.tildacdn.com/stor3762-6430-4835-a235-383033366464/13409148.jpg;http://carshine26.ru/sredstva-individualnoj-zasshity/tproduct/523680514312-shine-systems-perchatki-nitrilovie-visok
Полировальный пасты для ЛКП;Shine Systems;Shine Systems EasyFinish - мелкоабразивная полировальная паста, 200 мл;690;;нет;https://static.tildacdn.com/stor3131-3664-4436-b238-316262356334/85512420.jpg;http://carshine26.ru/abrazivnye-pasty-dlya-lkp/tproduct/207958108322-shine-systems-easyfinish-melkoabrazivnay
Полировальный пасты для ЛКП;Shine Systems;Shine Systems EasyFinish - мелкоабразивная полировальная паста, 750 мл;2190;;нет;https://static.tildacdn.com/stor3336-3763-4335-b664-663566336461/55263217.jpg;http://carshine26.ru/abrazivnye-pasty-dlya-lkp/tproduct/854278153072-shine-systems-easyfinish-melkoabrazivnay
Полировальный пасты для ЛКП;Shine Systems;Shine Systems FastPolish - среднеабразивная полировальная паста, 200 мл;890;;нет;https://static.tildacdn.com/stor3137-3836-4839-b235-633134663233/29566480.jpg;http://carshine26.ru/abrazivnye-pasty-dlya-lkp/tproduct/871795954012-shine-systems-fastpolish-sredneabrazivna
Полировальный пасты для ЛКП;Shine Systems;Shine Systems FastPolish - среднеабразивная полировальная паста, 750 мл;2690;;нет;https://static.tildacdn.com/stor6431-6637-4664-b536-663434376337/92594549.jpg;http://carshine26.ru/abrazivnye-pasty-dlya-lkp/tproduct/598571428282-shine-systems-fastpolish-sredneabrazivna
Полировальный пасты для ЛКП;Shine Systems;Shine Systems PowerCut - крупноабразивная полировальная паста, 200 мл;990;;нет;https://static.tildacdn.com/stor6537-6438-4763-b865-643932333138/70151608.jpg;http://carshine26.ru/abrazivnye-pasty-dlya-lkp/tproduct/583416282272-shine-systems-powercut-krupnoabrazivnaya
Полировальный пасты для ЛКП;Shine Systems;Shine Systems PowerCut - крупноабразивная полировальная паста, 750 мл;3190;;нет;https://static.tildacdn.com/stor6637-3238-4465-a338-623738356262/23985134.jpg;http://carshine26.ru/abrazivnye-pasty-dlya-lkp/tproduct/382755883412-shine-systems-powercut-krupnoabrazivnaya
Воски, полироли, силанты, глейзы;Shine Systems;Shine Systems Carnauba WAX - защитный воск Карнауба 200 мл;1690;;нет;https://static.tildacdn.com/stor6534-6266-4265-b465-666664323465/94210850.jpg;http://carshine26.ru/voski-poliroli-silanty-glejzy/tproduct/395153572992-shine-systems-carnauba-wax-zaschitnii-vo
Долговременная защита кузова;Shine Systems;Shine Systems HYBRID Coat - защитное гидрофобное покрытие для кузова, 30 мл (набор);5390;;нет;https://static.tildacdn.com/stor3638-3738-4234-b834-616265376366/20045975.jpg;http://carshine26.ru/dolgovremennaya-zasshita-kuzova/tproduct/882480432792-shine-systems-hybrid-coat-zaschitnoe-gid
Долговременная защита кузова;Shine Systems;Shine Systems HYBRID Coat 2.0 - защитное гидрофобное покрытие для кузова, 50 мл;7990;;нет;https://static.tildacdn.com/stor6635-3836-4630-b434-613265636363/76796401.jpg;http://carshine26.ru/dolgovremennaya-zasshita-kuzova/tproduct/457787324072-shine-systems-hybrid-coat-20-zaschitnoe
Долговременная защита кузова;Shine Systems;Shine Systems PPF Protect - защитное керамическое покрытие для пленок, 50 мл;7190;;нет;https://static.tildacdn.com/stor6332-6664-4038-a665-323461373231/48267022.jpg;http://carshine26.ru/dolgovremennaya-zasshita-kuzova/tproduct/838733821942-shine-systems-ppf-protect-zaschitnoe-ker
Долговременная защита кузова;Shine Systems;Shine Systems TOP Coat - гидрофобное керамическое покрытие для кузова, 50 мл;3630;;нет;https://static.tildacdn.com/stor6263-3139-4331-a230-623736316634/45578939.jpg;http://carshine26.ru/dolgovremennaya-zasshita-kuzova/tproduct/577228776962-shine-systems-top-coat-gidrofobnoe-keram
Долговременная защита кузова;Shine Systems;Shine Systems TOP Coat 2.0 - гидрофобное керамическое покрытие для кузова, 50 мл;3990;;нет;https://static.tildacdn.com/stor6661-3561-4061-b339-343765356637/71548409.jpg;http://carshine26.ru/dolgovremennaya-zasshita-kuzova/tproduct/398261789552-shine-systems-top-coat-20-gidrofobnoe-ke
Уход за резиной и пластиком;Shine Systems;Shine Systems AirLine TirePolish – чернение внешнего пластика и резины, 400 мл;550;;нет;https://static.tildacdn.com/stor6332-3238-4365-b066-393534326264/93055130.jpg;http://carshine26.ru/ukhod-za-rezinoj-i-plastikom/tproduct/923373125982-shine-systems-airline-tirepolish-chernen
Уход за резиной и пластиком;Shine Systems;Shine Systems BlackStar - чернитель резины, 5 л;4990;;нет;https://static.tildacdn.com/stor3836-3664-4031-b537-616434653061/79116702.jpg;http://carshine26.ru/ukhod-za-rezinoj-i-plastikom/tproduct/886598153872-shine-systems-blackstar-chernitel-rezini
Уход за резиной и пластиком;Shine Systems;Shine Systems BlackStar - чернитель резины, 750 мл;790;;нет;https://static.tildacdn.com/stor3562-3465-4130-a133-366436633962/19899228.jpg;http://carshine26.ru/ukhod-za-rezinoj-i-plastikom/tproduct/502979026542-shine-systems-blackstar-chernitel-rezini
Уход за резиной и пластиком;Shine Systems;Shine Systems BlackStar Matt - матовый полироль для резины, 200 мл;350;;нет;https://static.tildacdn.com/stor3733-6262-4233-b633-313335643631/10303359.jpg;http://carshine26.ru/ukhod-za-rezinoj-i-plastikom/tproduct/251059062182-shine-systems-blackstar-matt-matovii-pol
Уход за резиной и пластиком;Shine Systems;Shine Systems BlackStar Matt - матовый полироль для резины, 5 л;4990;;нет;https://static.tildacdn.com/stor6134-3266-4663-b734-353431663964/54524146.jpg;http://carshine26.ru/ukhod-za-rezinoj-i-plastikom/tproduct/860471736232-shine-systems-blackstar-matt-matovii-pol
Уход за резиной и пластиком;Shine Systems;Shine Systems BlackStar Matt - матовый полироль для резины, 750 мл;750;;нет;https://static.tildacdn.com/stor3238-3364-4434-b434-376639316639/90828201.jpg;http://carshine26.ru/ukhod-za-rezinoj-i-plastikom/tproduct/451200704432-shine-systems-blackstar-matt-matovii-pol
Уход за резиной и пластиком;Shine Systems;Shine Systems BlackTire - кондиционер для шин, 5 л;2490;;нет;https://static.tildacdn.com/stor3236-3838-4037-a130-623039653562/31626889.jpg;http://carshine26.ru/ukhod-za-rezinoj-i-plastikom/tproduct/702800125062-shine-systems-blacktire-konditsioner-dly
Уход за резиной и пластиком;Shine Systems;Shine Systems BlackTire - кондиционер для шин, 750 мл;390;;нет;https://static.tildacdn.com/stor6235-6661-4661-b738-643138656636/99579766.jpg;http://carshine26.ru/ukhod-za-rezinoj-i-plastikom/tproduct/150069250892-shine-systems-blacktire-konditsioner-dly
Уход за резиной и пластиком;Shine Systems;Shine Systems Silicon - смазка для резиновых уплотнений, 200 мл;390;;нет;https://static.tildacdn.com/stor3064-6239-4365-a536-633339336138/14086258.jpg;http://carshine26.ru/ukhod-za-rezinoj-i-plastikom/tproduct/244612160012-shine-systems-silicon-smazka-dlya-rezino
Уход за резиной и пластиком;Shine Systems;Shine Systems Silicon - смазка для резиновых уплотнений, 750 мл;1190;;нет;https://static.tildacdn.com/stor3139-6132-4939-a164-373035353430/45188820.jpg;http://carshine26.ru/ukhod-za-rezinoj-i-plastikom/tproduct/683319781952-shine-systems-silicon-smazka-dlya-rezino
Полировка стекол;Shine Systems;Shine Systems AbrasiveOFF - очиститель стекла от пасты, 200 мл;450;;нет;https://static.tildacdn.com/stor3331-3861-4161-b633-623266303063/12945754.jpg;http://carshine26.ru/polirovka-stekol/tproduct/330915566792-shine-systems-abrasiveoff-ochistitel-ste
Полировка стекол;Shine Systems;Shine Systems AbrasivePrep - абразивный очиститель стекла, 200 мл;590;;нет;https://static.tildacdn.com/stor6637-6633-4030-a333-333838323061/24525451.jpg;http://carshine26.ru/polirovka-stekol/tproduct/922518142912-shine-systems-abrasiveprep-abrazivnii-oc
Антидождь;Shine Systems;Shine Systems Glass Coat - защитное керамическое покрытие для стёкол, 50 мл;1590;;нет;https://static.tildacdn.com/stor3436-3532-4332-b661-376666613538/36010373.jpg;http://carshine26.ru/antidozhd/tproduct/363000338242-shine-systems-glass-coat-zaschitnoe-kera
Полировка стекол;Shine Systems;Shine Systems GlassCut - полировальная паста для стекла, 200 мл;1190;;нет;https://static.tildacdn.com/stor3631-3563-4137-b562-373537653331/19466845.jpg;http://carshine26.ru/polirovka-stekol/tproduct/727616396432-shine-systems-glasscut-polirovalnaya-pas
Полировка стекол;Shine Systems;Shine Systems GlassPolish - полировальная паста для стекла, 200 мл;1190;;нет;https://static.tildacdn.com/stor6164-6630-4763-b161-303038306138/20674778.jpg;http://carshine26.ru/polirovka-stekol/tproduct/770631250382-shine-systems-glasspolish-polirovalnaya
Антидождь;Shine Systems;Shine Systems NanoGlass Kit - набор по уходу за стеклом (антидождь);1590;;нет;https://static.tildacdn.com/stor6436-3261-4962-b538-616434663834/50669251.jpg;http://carshine26.ru/antidozhd/tproduct/467622625732-shine-systems-nanoglass-kit-nabor-po-uho
Антидождь;Shine Systems;Shine Systems NanoGlass – защитное нанопокрытие для стекол K1(10мл) + K2(10мл);450;;нет;https://static.tildacdn.com/stor3432-3137-4034-b962-363362353966/23636564.jpg;http://carshine26.ru/antidozhd/tproduct/560596885982-shine-systems-nanoglass-zaschitnoe-nanop
Антидождь;Shine Systems;Shine Systems NanoGlass – защитное нанопокрытие для стекол K1(200мл) + K2(200мл);4290;;нет;https://static.tildacdn.com/stor6532-3164-4234-b733-356161643866/80926513.jpg;http://carshine26.ru/antidozhd/tproduct/556018727542-shine-systems-nanoglass-zaschitnoe-nanop
Составы для пленок;Shine Systems;Shine Systems FilmON - установочный состав для пленок, 5 л;2290;;нет;https://static.tildacdn.com/stor3330-3462-4464-a565-626665393330/96741894.jpg;http://carshine26.ru/sostavy-dlya-plenok/tproduct/935400248642-shine-systems-filmon-ustanovochnii-sosta
Составы для пленок;Shine Systems;Shine Systems FilmON - установочный состав для пленок, 750 мл;390;;нет;https://static.tildacdn.com/stor6365-3239-4362-b839-333164636431/48957592.jpg;http://carshine26.ru/sostavy-dlya-plenok/tproduct/389134251202-shine-systems-filmon-ustanovochnii-sosta
Составы для пленок;Shine Systems;Shine Systems IPA PPF - спиртовой обезжириватель, 5 л;2190;;нет;https://static.tildacdn.com/stor6138-6232-4437-a461-333831663232/52691651.jpg;http://carshine26.ru/sostavy-dlya-plenok/tproduct/414026204352-shine-systems-ipa-ppf-spirtovoi-obezzhir
Составы для пленок;Shine Systems;Shine Systems IPA PPF - спиртовой обезжириватель, 750 мл;350;;нет;https://static.tildacdn.com/stor3537-3332-4662-a562-353437326237/72581154.jpg;http://carshine26.ru/sostavy-dlya-plenok/tproduct/963292021882-shine-systems-ipa-ppf-spirtovoi-obezzhir
Составы для пленок;Shine Systems;Shine Systems PPF Gel - установочный гель, 5 л;1690;;нет;https://static.tildacdn.com/stor6538-3364-4238-a239-643762373139/87969415.jpg;http://carshine26.ru/sostavy-dlya-plenok/tproduct/614097349422-shine-systems-ppf-gel-ustanovochnii-gel
Составы для пленок;Shine Systems;Shine Systems PPF Gel - установочный гель, 750 мл;320;;нет;https://static.tildacdn.com/stor3735-6132-4531-b661-613037353837/67623869.jpg;http://carshine26.ru/sostavy-dlya-plenok/tproduct/401527929012-shine-systems-ppf-gel-ustanovochnii-gel
Составы для пленок;Shine Systems;Shine Systems PPF Protect - защитное керамическое покрытие для пленок, 30 мл (набор);4690;;нет;https://static.tildacdn.com/stor3462-6163-4037-a361-306366356231/97109354.jpg;http://carshine26.ru/sostavy-dlya-plenok/tproduct/218473830822-shine-systems-ppf-protect-zaschitnoe-ker
Составы для пленок;Shine Systems;Shine Systems PPF Protect - защитное керамическое покрытие для пленок, 50 мл;7190;;нет;https://static.tildacdn.com/stor3034-6363-4636-b433-323262663763/39182577.jpg;http://carshine26.ru/sostavy-dlya-plenok/tproduct/296892479992-shine-systems-ppf-protect-zaschitnoe-ker
Средства общей химчистки;Shine Systems;Shine Systems AirLine UniversalCleaner - универсальная химчистка, 400 мл;390;;нет;https://static.tildacdn.com/stor3062-6532-4431-a136-646433313165/77371850.jpg;http://carshine26.ru/sredstva-obsshej-khimchistki/tproduct/924459566172-shine-systems-airline-universalcleaner-u
Средства общей химчистки;Shine Systems;Shine Systems Black Line MultiCleaner - универсальное средство для химчистки, 400 мл;350;;нет;https://static.tildacdn.com/stor3336-3530-4463-a235-613933643539/22849068.jpg;http://carshine26.ru/sredstva-obsshej-khimchistki/tproduct/771749263052-shine-systems-black-line-multicleaner-un
Средства общей химчистки;Shine Systems;Shine Systems CarpetCleaner - очиститель ковров и напольных покрытий, 20 кг;3490;;нет;https://static.tildacdn.com/stor6337-3737-4931-b165-333461383266/78160476.jpg;http://carshine26.ru/sredstva-obsshej-khimchistki/tproduct/818807459542-shine-systems-carpetcleaner-ochistitel-k
Средства общей химчистки;Shine Systems;Shine Systems CarpetCleaner - очиститель ковров и напольных покрытий, 5 л;1090;;нет;https://static.tildacdn.com/stor3830-3265-4837-a338-333833373535/46104398.jpg;http://carshine26.ru/sredstva-obsshej-khimchistki/tproduct/146042382942-shine-systems-carpetcleaner-ochistitel-k
Средства общей химчистки;Shine Systems;Shine Systems CarpetCleaner - очиститель ковров и напольных покрытий, 750 мл;310;;нет;https://static.tildacdn.com/stor3137-3662-4132-b931-663264363662/27849526.jpg;http://carshine26.ru/sredstva-obsshej-khimchistki/tproduct/737957177702-shine-systems-carpetcleaner-ochistitel-k
Средства общей химчистки;Shine Systems;Shine Systems FiberShampoo - шампунь для стирки микрофибры, 750 мл;450;;нет;https://static.tildacdn.com/stor6138-6136-4433-b232-373766383961/27894456.jpg;http://carshine26.ru/sredstva-obsshej-khimchistki/tproduct/341304217132-shine-systems-fibershampoo-shampun-dlya
Средства общей химчистки;Shine Systems;Shine Systems InteriorCleaner - универсальное средство для химчистки, 5 л;1990;;нет;https://static.tildacdn.com/stor3962-6464-4630-b166-393766303463/31328605.jpg;http://carshine26.ru/sredstva-obsshej-khimchistki/tproduct/851465792912-shine-systems-interiorcleaner-universaln
Средства общей химчистки;Shine Systems;Shine Systems InteriorCleaner - универсальное средство для химчистки, 750 мл;390;;нет;https://static.tildacdn.com/stor6636-3166-4831-a231-313566383932/71773120.jpg;http://carshine26.ru/sredstva-obsshej-khimchistki/tproduct/288755720932-shine-systems-interiorcleaner-universaln
Средства общей химчистки;Shine Systems;Shine Systems LeatherCleaner - деликатный очиститель кожи, 5 л;1890;;нет;https://static.tildacdn.com/stor3061-6262-4634-b461-393162626430/97823649.jpg;http://carshine26.ru/sredstva-obsshej-khimchistki/tproduct/145208773722-shine-systems-leathercleaner-delikatnii
Средства общей химчистки;Shine Systems;Shine Systems LeatherCleaner - деликатный очиститель кожи, 750 мл;390;;нет;https://static.tildacdn.com/stor3031-3361-4132-b166-363434636534/76706395.jpg;http://carshine26.ru/sredstva-obsshej-khimchistki/tproduct/178377126282-shine-systems-leathercleaner-delikatnii
Средства общей химчистки;Shine Systems;Shine Systems SoftCleaner - нейтральное средство для химчистки с кондиционером, 5 л;1990;;нет;https://static.tildacdn.com/stor6137-3665-4730-b061-313339613637/69410934.jpg;http://carshine26.ru/sredstva-obsshej-khimchistki/tproduct/121511638972-shine-systems-softcleaner-neitralnoe-sre
Средства общей химчистки;Shine Systems;Shine Systems SoftCleaner - нейтральное средство для химчистки с кондиционером, 750 мл;390;;нет;https://static.tildacdn.com/stor3633-3466-4231-a330-646366356438/81760583.jpg;http://carshine26.ru/sredstva-obsshej-khimchistki/tproduct/346209321972-shine-systems-softcleaner-neitralnoe-sre
Очистители битума, смол, клея;Shine Systems;Shine Systems AntiGraffiti - деликатный очиститель краски, клея, скотча, 750 мл;850;;нет;https://static.tildacdn.com/stor6131-3437-4566-a462-623865643232/97885076.jpg;http://carshine26.ru/ochistiteli-bituma-smol-kleya/tproduct/670631714402-shine-systems-antigraffiti-delikatnii-oc
Очистители битума, смол, клея;Shine Systems;Shine Systems CitrusCleaner - апельсиновый очиститель, 200 мл;950;;нет;https://static.tildacdn.com/stor3263-3131-4438-b565-646563346433/59300512.jpg;http://carshine26.ru/ochistiteli-bituma-smol-kleya/tproduct/669313440282-shine-systems-citruscleaner-apelsinovii
Очистители битума, смол, клея;Shine Systems;Shine Systems CitrusCleaner - апельсиновый очиститель, 750 мл;3090;;нет;https://static.tildacdn.com/stor3137-6337-4234-b136-646231386161/89847931.jpg;http://carshine26.ru/ochistiteli-bituma-smol-kleya/tproduct/846457493902-shine-systems-citruscleaner-apelsinovii
Уход за винилом и пластиком;Shine Systems;Shine Systems Black Line InteriorDetailer Bergamot - средство для ухода за интерьером, 400 мл;350;;нет;https://static.tildacdn.com/stor3532-3263-4339-b139-303635326165/94626888.jpg;http://carshine26.ru/ukhod-za-vinilom-i-plastikom/tproduct/571850531842-shine-systems-black-line-interiordetaile
Уход за винилом и пластиком;Shine Systems;Shine Systems Black Line InteriorDetailer Bergamot - средство для ухода за интерьером, 5 л;1990;;нет;https://static.tildacdn.com/stor3065-6237-4933-b531-373364343133/18753460.jpg;http://carshine26.ru/ukhod-za-vinilom-i-plastikom/tproduct/684117113862-shine-systems-black-line-interiordetaile
Уход за винилом и пластиком;Shine Systems;Shine Systems Black Line InteriorDetailer Macadamia - средство для ухода за интерьером, 400 мл;350;;нет;https://static.tildacdn.com/stor3366-6661-4135-b038-356633613362/88130462.jpg;http://carshine26.ru/ukhod-za-vinilom-i-plastikom/tproduct/982328158522-shine-systems-black-line-interiordetaile
Уход за винилом и пластиком;Shine Systems;Shine Systems Black Line InteriorDetailer Macadamia - средство для ухода за интерьером, 5 л;1990;;нет;https://static.tildacdn.com/stor6663-3039-4164-a163-306337653537/71307833.jpg;http://carshine26.ru/ukhod-za-vinilom-i-plastikom/tproduct/582022690812-shine-systems-black-line-interiordetaile
Уход за винилом и пластиком;Shine Systems;Shine Systems Black Line InteriorDetailer Pineapple - средство для ухода за интерьером, 400 мл;350;;нет;https://static.tildacdn.com/stor3165-6162-4330-b433-663830646539/75313276.jpg;http://carshine26.ru/ukhod-za-vinilom-i-plastikom/tproduct/583065965352-shine-systems-black-line-interiordetaile
Уход за винилом и пластиком;Shine Systems;Shine Systems Black Line InteriorDetailer Pineapple - средство для ухода за интерьером, 5 л;1990;;нет;https://static.tildacdn.com/stor3239-3066-4734-b531-613832383266/94018952.jpg;http://carshine26.ru/ukhod-za-vinilom-i-plastikom/tproduct/568133030362-shine-systems-black-line-interiordetaile
Уход за винилом и пластиком;Shine Systems;Shine Systems Black Line PlasticMatt - матовый полироль для пластика и винила салона, 400 мл;390;;нет;https://static.tildacdn.com/stor6531-6635-4130-a238-363764616534/62536280.jpg;http://carshine26.ru/ukhod-za-vinilom-i-plastikom/tproduct/798087827132-shine-systems-black-line-plasticmatt-mat
Уход за винилом и пластиком;Shine Systems;Shine Systems QuickDetailer - спрей-очиститель для быстрого ухода, 200 мл;140;;нет;https://static.tildacdn.com/stor6133-6130-4562-a163-383532386438/90764654.jpg;http://carshine26.ru/ukhod-za-vinilom-i-plastikom/tproduct/115268989422-shine-systems-quickdetailer-sprei-ochist
Уход за винилом и пластиком;Shine Systems;Shine Systems QuickDetailer - спрей-очиститель для быстрого ухода, 5 л;1640;;нет;https://static.tildacdn.com/stor3530-3437-4165-a362-393833663438/95984141.jpg;http://carshine26.ru/ukhod-za-vinilom-i-plastikom/tproduct/205586803882-shine-systems-quickdetailer-sprei-ochist
Уход за винилом и пластиком;Shine Systems;Shine Systems QuickDetailer - спрей-очиститель для быстрого ухода, 750 мл;320;;нет;https://static.tildacdn.com/stor3661-3965-4463-b030-663838313135/42223611.jpg;http://carshine26.ru/ukhod-za-vinilom-i-plastikom/tproduct/524331391612-shine-systems-quickdetailer-sprei-ochist
Уход за винилом и пластиком;Shine Systems;Shine Systems QuickDetailer Banana - спрей-очиститель для быстрого ухода, 5 л;1640;;нет;https://static.tildacdn.com/stor6535-3465-4339-b264-393735636632/37998322.jpg;http://carshine26.ru/ukhod-za-vinilom-i-plastikom/tproduct/822573526332-shine-systems-quickdetailer-banana-sprei
Уход за винилом и пластиком;Shine Systems;Shine Systems QuickDetailer Banana - спрей-очиститель для быстрого ухода, 750 мл;320;;нет;https://static.tildacdn.com/stor3733-3530-4338-a565-326130333534/75652502.jpg;http://carshine26.ru/ukhod-za-vinilom-i-plastikom/tproduct/499850077472-shine-systems-quickdetailer-banana-sprei
Уход за винилом и пластиком;Shine Systems;Shine Systems QuickDetailer Fresh - спрей-очиститель для быстрого ухода, 5 л;1490;;нет;https://static.tildacdn.com/stor6530-3138-4664-a538-666439353236/49635515.jpg;http://carshine26.ru/ukhod-za-vinilom-i-plastikom/tproduct/225954358712-shine-systems-quickdetailer-fresh-sprei
Уход за винилом и пластиком;Shine Systems;Shine Systems QuickDetailer Fresh - спрей-очиститель для быстрого ухода, 750 мл;290;;нет;https://static.tildacdn.com/stor3663-3664-4533-a363-653935316637/66000510.jpg;http://carshine26.ru/ukhod-za-vinilom-i-plastikom/tproduct/107264801852-shine-systems-quickdetailer-fresh-sprei
Уход за винилом и пластиком;Shine Systems;Shine Systems VinylGloss - глянцевый полироль для винила и пластика, 750 мл;590;;нет;https://static.tildacdn.com/stor3234-3936-4363-b130-333261326562/33095315.jpg;http://carshine26.ru/ukhod-za-vinilom-i-plastikom/tproduct/507631164562-shine-systems-vinylgloss-glyantsevii-pol
Уход за винилом и пластиком;Shine Systems;Shine Systems VinylMatt Cherry - матовый полироль для пластика салона, 200 мл;190;;нет;https://static.tildacdn.com/stor3538-3433-4062-b861-656234306161/76942941.jpg;http://carshine26.ru/ukhod-za-vinilom-i-plastikom/tproduct/615677540092-shine-systems-vinylmatt-cherry-matovii-p
Уход за винилом и пластиком;Shine Systems;Shine Systems VinylMatt Cherry - матовый полироль для пластика салона, 5 л;2690;;нет;https://static.tildacdn.com/stor6266-3736-4836-a532-343730356665/32703413.jpg;http://carshine26.ru/ukhod-za-vinilom-i-plastikom/tproduct/304354218492-shine-systems-vinylmatt-cherry-matovii-p
Уход за винилом и пластиком;Shine Systems;Shine Systems VinylMatt Cherry - матовый полироль для пластика салона, 750 мл;490;;нет;https://static.tildacdn.com/stor3736-3665-4664-b633-303161666530/27856236.jpg;http://carshine26.ru/ukhod-za-vinilom-i-plastikom/tproduct/864017724752-shine-systems-vinylmatt-cherry-matovii-p
Уход за винилом и пластиком;Shine Systems;Shine Systems VinylMatt Wood - матовый полироль для пластика салона, 200 мл;190;;нет;https://static.tildacdn.com/stor6530-3137-4130-a639-636636383737/66518868.jpg;http://carshine26.ru/ukhod-za-vinilom-i-plastikom/tproduct/736407034622-shine-systems-vinylmatt-wood-matovii-pol
Уход за винилом и пластиком;Shine Systems;Shine Systems VinylMatt Wood - матовый полироль для пластика салона, 5 л;2690;;нет;https://static.tildacdn.com/stor6434-3463-4934-b266-646161333162/39901692.jpg;http://carshine26.ru/ukhod-za-vinilom-i-plastikom/tproduct/256868493692-shine-systems-vinylmatt-wood-matovii-pol
Уход за винилом и пластиком;Shine Systems;Shine Systems VinylMatt Wood - матовый полироль для пластика салона, 750 мл;490;;нет;https://static.tildacdn.com/stor3738-6363-4132-b139-343565666434/62390550.jpg;http://carshine26.ru/ukhod-za-vinilom-i-plastikom/tproduct/639941002462-shine-systems-vinylmatt-wood-matovii-pol
Средства для кожи;Shine Systems;Shine Systems LeatherCleaner - деликатный очиститель кожи, 5 л;1890;;нет;https://static.tildacdn.com/stor6635-3963-4535-a334-356361333330/73490083.jpg;http://carshine26.ru/sredstva-dlya-kozhi/tproduct/946907739912-shine-systems-leathercleaner-delikatnii
Средства для кожи;Shine Systems;Shine Systems LeatherCleaner - деликатный очиститель кожи, 750 мл;390;;нет;https://static.tildacdn.com/stor3164-6334-4462-a438-306264626665/79268320.jpg;http://carshine26.ru/sredstva-dlya-kozhi/tproduct/496169358862-shine-systems-leathercleaner-delikatnii
Средства для кожи;Shine Systems;Shine Systems LeatherLotion - экспресс-лосьон для кожаных покрытий, 750 мл;420;;нет;https://static.tildacdn.com/stor3139-3430-4130-b864-333366383333/61184159.jpg;http://carshine26.ru/sredstva-dlya-kozhi/tproduct/444891057372-shine-systems-leatherlotion-ekspress-los
Ароматизаторы и автопарфюм;Shine Systems;Shine Systems AroMatt Afgano - парфюм на водной основе, 200 мл;590;;нет;https://static.tildacdn.com/stor6136-3839-4136-b039-653262323566/82253380.jpg;http://carshine26.ru/aromatizatory-i-avtoparfyum/tproduct/312382277902-shine-systems-aromatt-afgano-parfyum-na
Ароматизаторы и автопарфюм;Shine Systems;Shine Systems AroMatt Creed - парфюм на водной основе, 200 мл;590;;нет;https://static.tildacdn.com/stor3032-3865-4238-b839-336334306433/97309394.jpg;http://carshine26.ru/aromatizatory-i-avtoparfyum/tproduct/413696707672-shine-systems-aromatt-creed-parfyum-na-v
Ароматизаторы и автопарфюм;Shine Systems;Shine Systems AroMatt Desire - парфюм на водной основе, 200 мл;590;;нет;https://static.tildacdn.com/stor3535-6232-4436-a562-643636323138/47242125.jpg;http://carshine26.ru/aromatizatory-i-avtoparfyum/tproduct/552203279962-shine-systems-aromatt-desire-parfyum-na
Ароматизаторы и автопарфюм;Shine Systems;Shine Systems AroMatt IntoYou - парфюм на водной основе, 200 мл;590;;нет;https://static.tildacdn.com/stor6535-3332-4732-b336-373863623139/49888399.jpg;http://carshine26.ru/aromatizatory-i-avtoparfyum/tproduct/659248549802-shine-systems-aromatt-intoyou-parfyum-na
Ароматизаторы и автопарфюм;Shine Systems;Shine Systems AroMatt Magic - парфюм на водной основе, 200 мл;590;;нет;https://static.tildacdn.com/stor3736-3033-4764-a333-646161623132/55547154.jpg;http://carshine26.ru/aromatizatory-i-avtoparfyum/tproduct/630961419042-shine-systems-aromatt-magic-parfyum-na-v
Ароматизаторы и автопарфюм;Shine Systems;Shine Systems AroMatt Opulent - парфюм на водной основе, 200 мл;590;;нет;https://static.tildacdn.com/stor3738-3631-4364-b161-666338616538/79088192.jpg;http://carshine26.ru/aromatizatory-i-avtoparfyum/tproduct/121878782482-shine-systems-aromatt-opulent-parfyum-na
Ароматизаторы и автопарфюм;Shine Systems;Shine Systems AroMatt Sunset - парфюм на водной основе, 200 мл;590;;нет;https://static.tildacdn.com/stor3534-3433-4236-b238-616137646637/71008715.jpg;http://carshine26.ru/aromatizatory-i-avtoparfyum/tproduct/251818551202-shine-systems-aromatt-sunset-parfyum-na
Ароматизаторы и автопарфюм;Shine Systems;Shine Systems AroMatt Wood - парфюм на водной основе, 200 мл;590;;нет;https://static.tildacdn.com/stor6666-3938-4261-b266-396531383961/68450208.jpg;http://carshine26.ru/aromatizatory-i-avtoparfyum/tproduct/134740169632-shine-systems-aromatt-wood-parfyum-na-vo
Ароматизаторы и автопарфюм;Shine Systems;Shine Systems Black Line Belle - ароматизатор для авто и дома, 50 мл;790;;нет;https://static.tildacdn.com/stor3036-3161-4935-a230-386639383961/65466452.jpg;http://carshine26.ru/aromatizatory-i-avtoparfyum/tproduct/690238145802-shine-systems-black-line-belle-aromatiza
Ароматизаторы и автопарфюм;Shine Systems;Shine Systems Black Line Black Vanilla - ароматизатор для авто и дома, 50 мл;790;;нет;https://static.tildacdn.com/stor3662-3730-4635-b233-333034643336/82389859.jpg;http://carshine26.ru/aromatizatory-i-avtoparfyum/tproduct/678408051152-shine-systems-black-line-black-vanilla-a
Ароматизаторы и автопарфюм;Shine Systems;Shine Systems Black Line CoCo - ароматизатор для авто и дома, 50 мл;790;;нет;https://static.tildacdn.com/stor6464-6631-4230-a330-386161633833/77968420.jpg;http://carshine26.ru/aromatizatory-i-avtoparfyum/tproduct/542267397212-shine-systems-black-line-coco-aromatizat
Ароматизаторы и автопарфюм;Shine Systems;Shine Systems Black Line CoolWater - ароматизатор для авто и дома, 50 мл;790;;нет;https://static.tildacdn.com/stor6432-3837-4331-b330-616263323136/34152900.jpg;http://carshine26.ru/aromatizatory-i-avtoparfyum/tproduct/717746505002-shine-systems-black-line-coolwater-aroma
Ароматизаторы и автопарфюм;Shine Systems;Shine Systems Black Line Invictus - ароматизатор для авто и дома, 50 мл;790;;нет;https://static.tildacdn.com/stor6531-3265-4135-b231-303138386136/19253414.jpg;http://carshine26.ru/aromatizatory-i-avtoparfyum/tproduct/372775582262-shine-systems-black-line-invictus-aromat
Ароматизаторы и автопарфюм;Shine Systems;Shine Systems Black Line Olympea - ароматизатор для авто и дома, 50 мл;790;;нет;https://static.tildacdn.com/stor3337-3237-4564-b930-363431636361/22255776.jpg;http://carshine26.ru/aromatizatory-i-avtoparfyum/tproduct/305573959962-shine-systems-black-line-olympea-aromati
Ароматизаторы и автопарфюм;Shine Systems;Shine Systems Black Line Siena - ароматизатор для авто и дома, 50 мл;790;;нет;https://static.tildacdn.com/stor3137-3761-4832-b935-643666326539/44540615.jpg;http://carshine26.ru/aromatizatory-i-avtoparfyum/tproduct/174700309102-shine-systems-black-line-siena-aromatiza
Ароматизаторы и автопарфюм;Shine Systems;Shine Systems Black Line White Vanilla - ароматизатор для авто и дома, 50 мл;790;;нет;https://static.tildacdn.com/stor3930-3663-4266-a161-626162316530/27880975.jpg;http://carshine26.ru/aromatizatory-i-avtoparfyum/tproduct/420535933562-shine-systems-black-line-white-vanilla-a
Ароматизаторы и автопарфюм;Shine Systems;Shine Systems StinkOFF - нейтрализатор запахов, 750 мл;490;;нет;https://static.tildacdn.com/stor6264-3763-4233-b935-356331633532/84594787.jpg;http://carshine26.ru/aromatizatory-i-avtoparfyum/tproduct/556928064002-shine-systems-stinkoff-neitralizator-zap
Средства общей химчистки;Leraton;Очиститель текстиля LERATON T1 (готовый состав) 473мл;329;;нет;https://static.tildacdn.com/stor3032-3166-4333-b464-646430383535/32099047.png;http://carshine26.ru/sredstva-obsshej-khimchistki/tproduct/117344967672-ochistitel-tekstilya-leraton-t1-gotovii
Средства общей химчистки;Leraton;Усиленный очиститель текстиля LERATON T1+ STRONG (готовый состав) 473мл;429;;нет;https://static.tildacdn.com/stor6635-6434-4738-b334-343133643965/69108752.png;http://carshine26.ru/sredstva-obsshej-khimchistki/tproduct/268153136142-usilennii-ochistitel-tekstilya-leraton-t
Средства общей химчистки;Leraton;Универсальный очиститель на основе цитрусовых LERATON G3 473мл;529;;нет;https://static.tildacdn.com/stor6166-3038-4338-b438-373731613336/63757777.png;http://carshine26.ru/sredstva-obsshej-khimchistki/tproduct/836898805852-universalnii-ochistitel-na-osnove-tsitru
Средства общей химчистки;Detail;Detail Концентрированный универсальный очиститель MU (Multi Cleaner) 1л DT-0157;850;;нет;https://static.tildacdn.com/stor3836-3331-4762-a132-643134623364/75712906.png;http://carshine26.ru/sredstva-obsshej-khimchistki/tproduct/703519025572-detail-kontsentrirovannii-universalnii-o
Средства общей химчистки;Detail;Detail Концентрированный универсальный очиститель TX (Textile) 1л DT-0277;500;;нет;https://static.tildacdn.com/stor3564-3763-4663-a239-343534303131/34545339.png;http://carshine26.ru/sredstva-obsshej-khimchistki/tproduct/250103344712-detail-kontsentrirovannii-universalnii-o
Средства общей химчистки;Detail;Detail Концентрированный универсальный очиститель TX (Textile) 5л DT-0278;2000;;нет;https://static.tildacdn.com/stor6134-3330-4366-b436-306137646137/32968754.png;http://carshine26.ru/sredstva-obsshej-khimchistki/tproduct/848189134752-detail-kontsentrirovannii-universalnii-o
Средства общей химчистки;Detail;Detail Концентрированный универсальный очиститель MU (Multi Cleaner) 5л DT-0109;2750;;нет;https://static.tildacdn.com/stor3132-6366-4431-b437-323539333136/14102044.png;http://carshine26.ru/sredstva-obsshej-khimchistki/tproduct/861334530152-detail-kontsentrirovannii-universalnii-o
Средства общей химчистки;Foam Heroes;Foam Heroes Clean Cabin слабощелочной состав для химчистки салона, 500мл;495;;нет;https://static.tildacdn.com/stor3864-3236-4430-a439-643464653733/93549787.png;http://carshine26.ru/sredstva-obsshej-khimchistki/tproduct/294315761152-foam-heroes-clean-cabin-slaboschelochnoi
Средства общей химчистки;Foam Heroes;Foam Heroes Clean Cabin слабощелочной состав для химчистки салона, 3л;2145;;нет;https://static.tildacdn.com/stor3737-3330-4764-a465-376239383161/96290840.png;http://carshine26.ru/sredstva-obsshej-khimchistki/tproduct/464322909602-foam-heroes-clean-cabin-slaboschelochnoi
Средства общей химчистки;Foam Heroes;Foam Heroes Clean Cabin слабощелочной состав для химчистки салона, 8л;4495;;нет;https://static.tildacdn.com/stor3939-3134-4662-b261-393566363636/21911404.png;http://carshine26.ru/sredstva-obsshej-khimchistki/tproduct/640167790192-foam-heroes-clean-cabin-slaboschelochnoi
Средства общей химчистки;Foam Heroes;Foam Heroes Inner Foam pH-нейтральный состав для химчистки салона, 500мл;455;;нет;https://static.tildacdn.com/stor3962-6330-4565-b465-306166393662/40256518.png;http://carshine26.ru/sredstva-obsshej-khimchistki/tproduct/629051817212-foam-heroes-inner-foam-ph-neitralnii-sos
Средства общей химчистки;Foam Heroes;Foam Heroes Inner Foam pH-нейтральный состав для химчистки салона, 3л;1845;;нет;https://static.tildacdn.com/stor3838-3761-4130-b464-333938383635/89272131.png;http://carshine26.ru/sredstva-obsshej-khimchistki/tproduct/976695324792-foam-heroes-inner-foam-ph-neitralnii-sos
Средства общей химчистки;Foam Heroes;Foam Heroes Juicy Citrus универсальный органический очиститель, 3л;2745;;нет;https://static.tildacdn.com/stor3831-6438-4937-b761-366330613362/44523330.png;http://carshine26.ru/sredstva-obsshej-khimchistki/tproduct/462530689362-foam-heroes-juicy-citrus-universalnii-or
Средства общей химчистки;Foam Heroes;Foam Heroes Juicy Citrus универсальный органический очиститель, 500мл;655;;нет;https://static.tildacdn.com/stor3566-3230-4137-a635-653235636466/10821015.png;http://carshine26.ru/sredstva-obsshej-khimchistki/tproduct/493931456342-foam-heroes-juicy-citrus-universalnii-or
Средства общей химчистки;Foam Heroes;Foam Heroes Cleanton универсальный очиститель интерьера, 500мл;355;;нет;https://static.tildacdn.com/stor3739-6662-4336-b738-666665393332/95823111.png;http://carshine26.ru/sredstva-obsshej-khimchistki/tproduct/530950366442-foam-heroes-cleanton-universalnii-ochist
Средства общей химчистки;Detail;Detail Очиститель интерьера Ultra Clean Adapted Series 500мл DT-0490;400;;нет;https://static.tildacdn.com/stor3266-6637-4363-b334-643165663562/29988577.png;http://carshine26.ru/sredstva-obsshej-khimchistki/tproduct/348921498552-detail-ochistitel-interera-ultra-clean-a
Средства общей химчистки;Smart Open;Smart Open Универсальный очиститель интерьера Farbic Magic 500мл;450;;нет;https://static.tildacdn.com/stor6138-3930-4034-b265-663061643233/30292918.png;http://carshine26.ru/sredstva-obsshej-khimchistki/tproduct/352822455452-smart-open-universalnii-ochistitel-inter
Средства общей химчистки;Smart Open;Smart Open Универсальное средство для химчистки салона Multicomplex 500мл;300;;нет;https://static.tildacdn.com/stor3565-3063-4130-b964-613334636333/68181780.png;http://carshine26.ru/sredstva-obsshej-khimchistki/tproduct/597777173302-smart-open-universalnoe-sredstvo-dlya-hi
Средства общей химчистки;Smart Open;Smart Open Универсальное средство для химчистки салона Multicomplex 1л;610;;нет;https://static.tildacdn.com/stor3435-3336-4330-b166-393464343138/79018954.png;http://carshine26.ru/sredstva-obsshej-khimchistki/tproduct/874372651122-smart-open-universalnoe-sredstvo-dlya-hi
Средства общей химчистки;Koch Chemie;Koch Chemie Универсальное чистящее средство Green Star 1л;850;;нет;https://static.tildacdn.com/stor6632-3333-4634-a438-303662643738/25786258.png;http://carshine26.ru/sredstva-obsshej-khimchistki/tproduct/308192428972-koch-chemie-universalnoe-chistyaschee-sr
Средства общей химчистки;Koch Chemie;Koch Chemie Универсальный очиститель Mehrzweckreiniger 1л;1250;;нет;https://static.tildacdn.com/stor6265-6132-4838-b235-623434396437/16096047.png;http://carshine26.ru/sredstva-obsshej-khimchistki/tproduct/176511963602-koch-chemie-universalnii-ochistitel-mehr
Средства общей химчистки;Koch Chemie;Koch Chemie Универсальный очиститель Mehrzweckreiniger 21л;13600;;нет;https://static.tildacdn.com/stor3534-3537-4865-b861-663737623663/16024088.png;http://carshine26.ru/sredstva-obsshej-khimchistki/tproduct/641273864792-koch-chemie-universalnii-ochistitel-mehr
Средства общей химчистки;Koch Chemie;Koch Chemie Универсальный очиститель Mehrzweckreiniger 11л;8400;;нет;https://static.tildacdn.com/stor3837-6432-4432-b234-633637366465/53949173.png;http://carshine26.ru/sredstva-obsshej-khimchistki/tproduct/523831407822-koch-chemie-universalnii-ochistitel-mehr
Средства общей химчистки;Koch Chemie;Koch Chemie Средство для чистки кожи, алькантары, ткани с консервантом Pol Star 1л;1050;;нет;https://static.tildacdn.com/stor6564-3065-4539-b536-353638353734/43771821.png;http://carshine26.ru/sredstva-obsshej-khimchistki/tproduct/359471007662-koch-chemie-sredstvo-dlya-chistki-kozhi
Средства общей химчистки;3D;3D Органический очиститель для салона с обезжиривающим эффектом LVP Cleaner 3,785л;5500;;нет;https://static.tildacdn.com/stor3230-3132-4437-a531-396538376334/55116773.png;http://carshine26.ru/sredstva-obsshej-khimchistki/tproduct/570831761372-3d-organicheskii-ochistitel-dlya-salona
Средства общей химчистки;CarPro;CarPro Многофункциональный концентрированный очиститель MultiX 500мл;1250;;нет;https://static.tildacdn.com/stor6665-3831-4233-a565-326431323034/48334734.png;http://carshine26.ru/sredstva-obsshej-khimchistki/tproduct/601729351732-carpro-mnogofunktsionalnii-kontsentrirov
Средства общей химчистки;BINDER;BINDER Многоцелевой очиститель Premium All Purpose Cleaner (pH 9,5) 500мл;835;;нет;https://static.tildacdn.com/stor6534-3830-4164-b663-323434616266/34426477.png;http://carshine26.ru/sredstva-obsshej-khimchistki/tproduct/487390988872-binder-mnogotselevoi-ochistitel-premium
Средства для стекол;;Shine Systems GlassCleaner - универсальный очиститель стекол, 750 мл;265;;нет;https://static.tildacdn.com/stor3432-3262-4666-a435-316433643530/27639033.png;http://carshine26.ru/sredstva-dlya-stekol/tproduct/862250105502-shine-systems-glasscleaner-universalnii
Средства для стекол;;Shine Systems GlassCleaner - универсальный очиститель стекол, 5 л;1420;;нет;https://static.tildacdn.com/stor3533-3861-4438-b733-653938376465/63372021.png;http://carshine26.ru/sredstva-dlya-stekol/tproduct/912843349372-shine-systems-glasscleaner-universalnii
Средства для стекол;;Shine Systems GlossyGlass - экспресс очиститель стекол, 750 мл;165;;нет;https://static.tildacdn.com/stor3838-3265-4662-b238-363036633738/63980010.png;http://carshine26.ru/sredstva-dlya-stekol/tproduct/889257218092-shine-systems-glossyglass-ekspress-ochis
Средства для стекол;;Shine Systems GlossyGlass - экспресс очиститель стекол, 5 л;540;;нет;https://static.tildacdn.com/stor3634-3937-4561-b463-663236613065/67417397.png;http://carshine26.ru/sredstva-dlya-stekol/tproduct/143482563032-shine-systems-glossyglass-ekspress-ochis
Средства для стекол;;Shine Systems Black Line PerfectGlass - бесспиртовой стеклоочиститель, 400 мл;190;;нет;https://static.tildacdn.com/stor6333-3666-4664-b437-396364393331/19647713.png;http://carshine26.ru/sredstva-dlya-stekol/tproduct/177519655072-shine-systems-black-line-perfectglass-be
Средства для стекол;;Shine Systems Black Line PerfectGlass - бесспиртовой стеклоочиститель, 5 л;990;;нет;https://static.tildacdn.com/stor3933-6639-4133-b038-306265613262/83786950.png;http://carshine26.ru/sredstva-dlya-stekol/tproduct/542383365762-shine-systems-black-line-perfectglass-be
Средства для стекол;Leraton;Очиститель стекол и зеркал LERATON L1 473мл (готовый состав);330;;нет;https://static.tildacdn.com/stor6238-3330-4463-b439-373636356638/52029156.png;http://carshine26.ru/sredstva-dlya-stekol/tproduct/414603281562-ochistitel-stekol-i-zerkal-leraton-l1-47
Средства для стекол;Detail;"Detail Очиститель стекла ""Clean Glass"" 500мл Adapted Series DT-0491";300;;нет;https://static.tildacdn.com/stor3462-6332-4231-a339-653737393839/72352073.png;http://carshine26.ru/sredstva-dlya-stekol/tproduct/709474952542-detail-ochistitel-stekla-clean-glass-500
Средства для стекол;Smart Open;Smart Open Профессиональный очиститель-обезжириватель стекол Display 500мл;390;;нет;https://static.tildacdn.com/stor6430-3830-4532-b563-326462346438/63100157.png;http://carshine26.ru/sredstva-dlya-stekol/tproduct/288598377622-smart-open-professionalnii-ochistitel-ob
Средства для стекол;Smart Open;Smart Open Профессиональный очиститель-обезжириватель стекол Display 5л;2350;;нет;https://static.tildacdn.com/stor3130-3564-4733-a238-613932366638/80008700.png;http://carshine26.ru/sredstva-dlya-stekol/tproduct/369717904512-smart-open-professionalnii-ochistitel-ob
Средства для стекол;Smart Open;Smart Open Профессиональный очиститель-обезжириватель стекол Display 1л;590;;нет;https://static.tildacdn.com/stor3832-3964-4365-b038-333431363732/56030506.png;http://carshine26.ru/sredstva-dlya-stekol/tproduct/357139649502-smart-open-professionalnii-ochistitel-ob
Средства для стекол;Smart Open;Smart Open Профессиональный очиститель-обезжириватель стекол Display 0,25л;220;;нет;https://static.tildacdn.com/stor3634-3665-4366-a537-396635653530/69371004.png;http://carshine26.ru/sredstva-dlya-stekol/tproduct/131916064202-smart-open-professionalnii-ochistitel-ob
Средства для стекол;Foam Heroes;Foam Heroes Glass Tonic универсальный очиститель стекол, 500мл;355;;нет;https://static.tildacdn.com/stor6530-6137-4361-b461-386238373834/89479867.png;http://carshine26.ru/sredstva-dlya-stekol/tproduct/852116100422-foam-heroes-glass-tonic-universalnii-och
Средства для стекол;Foam Heroes;Foam Heroes Glass Tonic универсальный очиститель стекол, 3л;1245;;нет;https://static.tildacdn.com/stor6466-3432-4661-b734-386266373336/72445022.png;http://carshine26.ru/sredstva-dlya-stekol/tproduct/201006617902-foam-heroes-glass-tonic-universalnii-och
Средства для стекол;Foam Heroes;Foam Heroes Citrus Glass универсальный очиститель стекол, 500мл;355;;нет;https://static.tildacdn.com/stor3138-3761-4731-a536-366339633136/50957072.png;http://carshine26.ru/sredstva-dlya-stekol/tproduct/672454270952-foam-heroes-citrus-glass-universalnii-oc
Средства для стекол;Foam Heroes;Foam Heroes Citrus Glass универсальный очиститель стекол, 3л;1245;;нет;https://static.tildacdn.com/stor3538-3835-4264-a366-383434336335/51631926.png;http://carshine26.ru/sredstva-dlya-stekol/tproduct/925899513082-foam-heroes-citrus-glass-universalnii-oc
Средства для стекол;Foam Heroes;Foam Heroes PRO Crystal Glass концентрированный очиститель стекол на спиртовой основе, 5л;1195;;нет;https://static.tildacdn.com/stor3263-3632-4939-b131-613334666431/84242462.png;http://carshine26.ru/sredstva-dlya-stekol/tproduct/876358422072-foam-heroes-pro-crystal-glass-kontsentri
Средства для стекол;FIREBALL;FIREBALL Очиститель стекол с антистатиком Glass 500мл;990;;нет;https://static.tildacdn.com/stor6366-3761-4935-b564-346133346630/80792146.png;http://carshine26.ru/sredstva-dlya-stekol/tproduct/942185648802-fireball-ochistitel-stekol-s-antistatiko
Средства для стекол;FIREBALL;FIREBALL MINI очиститель стекол с антистатиком GLASS 100мл;420;;нет;https://static.tildacdn.com/stor3362-3663-4837-b439-383330343435/35156374.png;http://carshine26.ru/sredstva-dlya-stekol/tproduct/279482372692-fireball-mini-ochistitel-stekol-s-antist
Средства для стекол;BINDER;BINDER Очиститель стекол с антистатиком Premium Glass Cleaner (pH 7,2) 500мл;690;;нет;https://static.tildacdn.com/stor3938-6431-4332-a136-613366636331/30412821.png;http://carshine26.ru/sredstva-dlya-stekol/tproduct/932143010902-binder-ochistitel-stekol-s-antistatikom
Средства для стекол;Koch Chemie;Koch Chemie Профессиональный состав для чистки стекла и мониторов Glass Cleaner 1л;1000;;нет;https://static.tildacdn.com/stor3666-3331-4234-a266-366465343631/11697584.png;http://carshine26.ru/sredstva-dlya-stekol/tproduct/973974286982-koch-chemie-professionalnii-sostav-dlya
Средства для стекол;Koch Chemie;Koch Chemie Очиститель стекла Speed Glass Cleaner 140мл;400;;нет;https://static.tildacdn.com/stor3735-3531-4438-a263-386162613435/90283879.png;http://carshine26.ru/sredstva-dlya-stekol/tproduct/761352378792-koch-chemie-ochistitel-stekla-speed-glas
Средства для стекол;MA-FRA;MA-FRA Многофункциональный стеклоочиститель SPLIT 750мл;540;;нет;https://static.tildacdn.com/stor6264-3536-4263-b563-386261376332/69931277.png;http://carshine26.ru/sredstva-dlya-stekol/tproduct/463631138942-ma-fra-mnogofunktsionalnii-stekloochisti
Средства для стекол;;Shine Systems AirLine GlassShine - пенный стеклоочиститель, 400 мл;390;;нет;https://static.tildacdn.com/stor3836-3734-4235-b263-656239623935/74843620.png;http://carshine26.ru/sredstva-dlya-stekol/tproduct/196491542472-shine-systems-airline-glassshine-pennii
Уход за винилом и пластиком;Leraton;Детейлер-спрей для интерьера LERATON IQ Detailer CLUB 473мл;430;;нет;https://static.tildacdn.com/stor3163-6535-4238-b662-663730343665/30410208.png;http://carshine26.ru/ukhod-za-vinilom-i-plastikom/tproduct/619058464262-deteiler-sprei-dlya-interera-leraton-iq
Уход за винилом и пластиком;Leraton;Детейлер-спрей для интерьера LERATON IQ Detailer ORIGINAL 473мл;430;;нет;https://static.tildacdn.com/stor3330-3063-4430-b333-363630666238/30965848.png;http://carshine26.ru/ukhod-za-vinilom-i-plastikom/tproduct/929818730002-deteiler-sprei-dlya-interera-leraton-iq
Уход за винилом и пластиком;Leraton;Детейлер-спрей для интерьера LERATON IQ Detailer RANCHERO 473мл;430;;нет;https://static.tildacdn.com/stor3134-3662-4438-a233-323663643135/24706338.png;http://carshine26.ru/ukhod-za-vinilom-i-plastikom/tproduct/329642232472-deteiler-sprei-dlya-interera-leraton-iq
Уход за винилом и пластиком;Leraton;Детейлер-спрей для интерьера LERATON IQ Detailer FRUIT JELLY 473мл;430;;нет;https://static.tildacdn.com/stor6562-6133-4436-b366-343761356330/95164201.png;http://carshine26.ru/ukhod-za-vinilom-i-plastikom/tproduct/755697956592-deteiler-sprei-dlya-interera-leraton-iq
Уход за винилом и пластиком;Smart Open;Smart Open Средство для экспресс-очистки и блеска Quick Step 500мл;400;;нет;https://static.tildacdn.com/stor3533-6239-4635-b364-363330306136/43466832.png;http://carshine26.ru/ukhod-za-vinilom-i-plastikom/tproduct/831235409312-smart-open-sredstvo-dlya-ekspress-ochist
Уход за винилом и пластиком;Leraton;Очиститель-полироль пластика LERATON P1 ARABIC DREAMS 473мл;430;;нет;https://static.tildacdn.com/stor3866-3437-4430-b538-383663396630/42967791.png;http://carshine26.ru/ukhod-za-vinilom-i-plastikom/tproduct/740197133732-ochistitel-polirol-plastika-leraton-p1-a
Уход за винилом и пластиком;Leraton;Очиститель-полироль пластика LERATON P1 TOBACCO VANILLA 473мл;430;;нет;https://static.tildacdn.com/stor6663-3565-4861-b435-343361313163/77379063.png;http://carshine26.ru/ukhod-za-vinilom-i-plastikom/tproduct/587941882782-ochistitel-polirol-plastika-leraton-p1-t
Уход за винилом и пластиком;Leraton;Очиститель-полироль пластика LERATON P1 TOBACCO VANILLA 3,8л;2190;;нет;https://static.tildacdn.com/stor6361-6532-4165-a533-356633326239/14535803.png;http://carshine26.ru/ukhod-za-vinilom-i-plastikom/tproduct/114434324722-ochistitel-polirol-plastika-leraton-p1-t
Уход за винилом и пластиком;Leraton;Очиститель-полироль пластика LERATON P1 ARABIC DREAMS 3,8л;2190;;нет;https://static.tildacdn.com/stor3633-3531-4464-b730-386532383231/65709639.png;http://carshine26.ru/ukhod-za-vinilom-i-plastikom/tproduct/641475002442-ochistitel-polirol-plastika-leraton-p1-a
Уход за винилом и пластиком;Smart Open;Smart Open Матовое освежающее молочко для внутреннего пластика Plast Magic 500мл;750;;нет;https://static.tildacdn.com/stor3032-3731-4632-b665-643332336337/82207978.png;http://carshine26.ru/ukhod-za-vinilom-i-plastikom/tproduct/527111323452-smart-open-matovoe-osvezhayuschee-moloch
Уход за винилом и пластиком;Smart Open;Smart Open Матовое освежающее молочко для внутреннего пластика Plast Magic 250мл;400;;нет;https://static.tildacdn.com/stor6438-3938-4533-a539-363936346532/81721080.png;http://carshine26.ru/ukhod-za-vinilom-i-plastikom/tproduct/731948511142-smart-open-matovoe-osvezhayuschee-moloch
Уход за винилом и пластиком;Smart Open;Smart Open Матовое освежающее молочко для внутреннего пластика Plast Magic ICE STORM 250мл;400;;нет;https://static.tildacdn.com/stor6465-6230-4664-b836-343039623135/16148874.png;http://carshine26.ru/ukhod-za-vinilom-i-plastikom/tproduct/754374039312-smart-open-matovoe-osvezhayuschee-moloch
Уход за винилом и пластиком;Smart Open;Smart Open Матовое освежающее молочко для внутреннего пластика Plast Magic NEW MEET 250мл;400;;нет;https://static.tildacdn.com/stor3238-3063-4433-a233-373163376133/56670611.png;http://carshine26.ru/ukhod-za-vinilom-i-plastikom/tproduct/416755808142-smart-open-matovoe-osvezhayuschee-moloch
Уход за винилом и пластиком;Detail;Detail Полироль пластика Plastic Adapted Series 500мл DT-0489;550;;нет;https://static.tildacdn.com/stor3934-3133-4538-b365-646134306661/25212137.png;http://carshine26.ru/ukhod-za-vinilom-i-plastikom/tproduct/438874920542-detail-polirol-plastika-plastic-adapted
Уход за винилом и пластиком;Foam Heroes;Foam Heroes Swipe Interior квик-детейлер для интерьера крем-сода, 500мл;395;;нет;https://static.tildacdn.com/stor6533-6565-4364-b865-663034306536/86196322.png;http://carshine26.ru/ukhod-za-vinilom-i-plastikom/tproduct/358318275072-foam-heroes-swipe-interior-kvik-deteiler
Уход за винилом и пластиком;Foam Heroes;Foam Heroes Swipe Interior квик-детейлер для интерьера крем-сода, 3л;1495;;нет;https://static.tildacdn.com/stor6331-6533-4566-a465-623135386530/28082017.png;http://carshine26.ru/ukhod-za-vinilom-i-plastikom/tproduct/348740076612-foam-heroes-swipe-interior-kvik-deteiler
Уход за винилом и пластиком;Foam Heroes;Foam Heroes Swipe Interior квик-детейлер для интерьера таёжная брусника, 500мл;395;;нет;https://static.tildacdn.com/stor6561-3735-4632-b838-613333643036/60749235.png;http://carshine26.ru/ukhod-za-vinilom-i-plastikom/tproduct/857225737492-foam-heroes-swipe-interior-kvik-deteiler
Уход за винилом и пластиком;Foam Heroes;Foam Heroes Swipe Interior квик-детейлер для интерьера миндаль и вишня, 500мл;395;;нет;https://static.tildacdn.com/stor3962-3034-4034-a630-633665303033/62275793.png;http://carshine26.ru/ukhod-za-vinilom-i-plastikom/tproduct/194170455372-foam-heroes-swipe-interior-kvik-deteiler
Уход за винилом и пластиком;Foam Heroes;Foam Heroes Swipe Interior квик-детейлер для интерьера сельдерей, 500мл;395;;нет;https://static.tildacdn.com/stor3062-3330-4235-b433-633730643235/60462400.png;http://carshine26.ru/ukhod-za-vinilom-i-plastikom/tproduct/801359951522-foam-heroes-swipe-interior-kvik-deteiler
Уход за винилом и пластиком;Foam Heroes;Foam Heroes Swipe Interior квик-детейлер для интерьера мармеладные мишки, 500мл;395;;нет;https://static.tildacdn.com/stor3336-6431-4061-b930-633438386162/28409522.png;http://carshine26.ru/ukhod-za-vinilom-i-plastikom/tproduct/277983584922-foam-heroes-swipe-interior-kvik-deteiler
Уход за винилом и пластиком;Foam Heroes;Foam Heroes Ghost Wiper очиститель-консервант для ухода за интерьером, 500мл;395;;нет;https://static.tildacdn.com/stor3136-6430-4333-b063-636531346136/28117286.png;http://carshine26.ru/ukhod-za-vinilom-i-plastikom/tproduct/952789922922-foam-heroes-ghost-wiper-ochistitel-konse
Уход за винилом и пластиком;Koch Chemie;Koch Chemie Молочко для ухода за пластмассовыми поверхностями Top Star 1л;1750;;нет;https://static.tildacdn.com/stor3131-3234-4664-b462-386462343264/72319984.png;http://carshine26.ru/ukhod-za-vinilom-i-plastikom/tproduct/732091726072-koch-chemie-molochko-dlya-uhoda-za-plast
Уход за винилом и пластиком;MA-FRA;MA-FRA Полироль для пластика матовая, спрей DIAMANT PLAST SATIN 500ML;710;;нет;https://static.tildacdn.com/stor3239-3965-4261-b833-613831626631/88110993.png;http://carshine26.ru/ukhod-za-vinilom-i-plastikom/tproduct/905957885262-ma-fra-polirol-dlya-plastika-matovaya-sp
Уход за винилом и пластиком;MA-FRA;MA-FRA Защитная полироль для пластика матовая, спрей SCIC GREEN 600ML;650;;нет;https://static.tildacdn.com/stor3739-6663-4366-b762-376534353164/35642070.png;http://carshine26.ru/ukhod-za-vinilom-i-plastikom/tproduct/671789766562-ma-fra-zaschitnaya-polirol-dlya-plastika
Уход за винилом и пластиком;MA-FRA;MA-FRA Защитная полироль для пластика со средним блеском SCIC BLUE 600мл;650;;нет;https://static.tildacdn.com/stor6538-3739-4964-b732-366239333962/69746904.png;http://carshine26.ru/ukhod-za-vinilom-i-plastikom/tproduct/785742941312-ma-fra-zaschitnaya-polirol-dlya-plastika
Уход за винилом и пластиком;Koch Chemie;Koch Chemie Молочко для ухода за пластмассовыми поверхностями Refresh Cockpit Care 1л;1700;;нет;https://static.tildacdn.com/stor3034-3332-4630-b230-363230366136/11245562.png;http://carshine26.ru/ukhod-za-vinilom-i-plastikom/tproduct/479542519112-koch-chemie-molochko-dlya-uhoda-za-plast
Уход за винилом и пластиком;Koch Chemie;Koch Chemie Средство для ухода за пластмассовыми поверхностями внутри салона автомобиля Cockpit-super-pflege 1л;2000;;нет;https://static.tildacdn.com/stor3162-3333-4266-b562-323430653233/92986386.png;http://carshine26.ru/ukhod-za-vinilom-i-plastikom/tproduct/849941704652-koch-chemie-sredstvo-dlya-uhoda-za-plast
Средства для кожи;Leraton;Очиститель кожи LERATON D1 473мл;430;;нет;https://static.tildacdn.com/stor3634-6261-4532-b839-656265613932/71771180.png;http://carshine26.ru/sredstva-dlya-kozhi/tproduct/995716683102-ochistitel-kozhi-leraton-d1-473ml
Средства для кожи;Leraton;Крем-кондиционер для кожи LERATON D2 473мл;590;;нет;https://static.tildacdn.com/stor3932-6462-4865-a432-373834333534/16199399.png;http://carshine26.ru/sredstva-dlya-kozhi/tproduct/899030125432-krem-konditsioner-dlya-kozhi-leraton-d2
Средства для кожи;Leraton;Детейлер-спрей для кожи LERATON LQ Detailer 473мл;530;;нет;https://static.tildacdn.com/stor6337-3034-4530-b833-326532616631/52287065.png;http://carshine26.ru/sredstva-dlya-kozhi/tproduct/868183419632-deteiler-sprei-dlya-kozhi-leraton-lq-det
Средства для кожи;Smart Open;Smart Open Средство для ухода за кожей Skin Virgin очиститель 500мл;400;;нет;https://static.tildacdn.com/stor6234-6334-4464-a664-356536643331/29323487.png;http://carshine26.ru/sredstva-dlya-kozhi/tproduct/791545010112-smart-open-sredstvo-dlya-uhoda-za-kozhei
Средства для кожи;Smart Open;Smart Open Защитный крем для кожи Skin Magic 500мл;700;;нет;https://static.tildacdn.com/stor6362-3637-4135-a238-326138303865/97724747.png;http://carshine26.ru/sredstva-dlya-kozhi/tproduct/771952636732-smart-open-zaschitnii-krem-dlya-kozhi-sk
Средства для кожи;Foam Heroes;Foam Heroes Pure Leather деликатный очиститель кожи, 500мл;395;;нет;https://static.tildacdn.com/stor6534-3062-4435-b238-643535393762/63504473.png;http://carshine26.ru/sredstva-dlya-kozhi/tproduct/927770996312-foam-heroes-pure-leather-delikatnii-ochi
Средства для кожи;Foam Heroes;Foam Heroes Velvet Leather питательный кондиционер для кожи, 500мл;745;;нет;https://static.tildacdn.com/stor3937-6566-4133-a234-356164353939/93565443.png;http://carshine26.ru/sredstva-dlya-kozhi/tproduct/710992399652-foam-heroes-velvet-leather-pitatelnii-ko
Средства для кожи;;MA-FRА Чистящее средство для кожаных поверхностей CHARME DETERGENT 150мл;990;;нет;https://static.tildacdn.com/stor3633-3562-4833-a165-393935353336/33800490.png;http://carshine26.ru/sredstva-dlya-kozhi/tproduct/585844206002-ma-fra-chistyaschee-sredstvo-dlya-kozhan
Средства для кожи;LeTech;LeTech Набор для ухода за кожей (Leather Care Kit Complete);3300;;нет;https://static.tildacdn.com/stor6138-3837-4963-b435-633063303737/58020098.png;http://carshine26.ru/sredstva-dlya-kozhi/tproduct/603007640372-letech-nabor-dlya-uhoda-za-kozhei-leathe
Средства для кожи;LeTech;LeTech Защитный крем для кожи X-Guard (Leather Protection Cream X-Guard Protected) Expert Line 200мл;1590;;нет;https://static.tildacdn.com/stor3435-3063-4634-b561-396330316162/11833253.png;http://carshine26.ru/sredstva-dlya-kozhi/tproduct/759507109472-letech-zaschitnii-krem-dlya-kozhi-x-guar
Средства для кожи;LeTech;Letech Защитный крем для кожи Leather Protection Cream X-GUARD PROTECTED 100 мл;990;;нет;https://static.tildacdn.com/stor6632-3934-4862-a539-306262303365/58193243.png;http://carshine26.ru/sredstva-dlya-kozhi/tproduct/244556139822-letech-zaschitnii-krem-dlya-kozhi-leathe
Средства для кожи;LeTech;LeTech Защитный крем для кожи X-Guard (Leather Protection Cream X-Guard Protected) Expert Line 500мл;2800;;нет;https://static.tildacdn.com/stor6561-6235-4332-b066-383937336663/83098528.png;http://carshine26.ru/sredstva-dlya-kozhi/tproduct/498773113452-letech-zaschitnii-krem-dlya-kozhi-x-guar
Средства для кожи;LeTech;LeTech Средство для чистки кожи (Leather Ultimate Cleaner Biocare Formula) Expert Line 500мл;2100;;нет;https://static.tildacdn.com/stor3038-3530-4565-a430-323830393030/85042115.png;http://carshine26.ru/sredstva-dlya-kozhi/tproduct/133136680912-letech-sredstvo-dlya-chistki-kozhi-leath
Средства для кожи;LeTech;LeTech средство для чистки кожи (Leather Ultimate Cleaner Biocare Formula) Expert Line 200мл;1290;;нет;https://static.tildacdn.com/stor3534-3334-4535-b135-336537623662/75384213.png;http://carshine26.ru/sredstva-dlya-kozhi/tproduct/704296351702-letech-sredstvo-dlya-chistki-kozhi-leath
Средства для кожи;LeTech;Letech Средство для чистки кожи с пенообразователем Leather Ultimate Cleaner BIOCARE FORMULA 200 мл;1290;;нет;https://static.tildacdn.com/stor3838-3266-4432-a336-356363313537/55433585.png;http://carshine26.ru/sredstva-dlya-kozhi/tproduct/962523055212-letech-sredstvo-dlya-chistki-kozhi-s-pen
Средства для кожи;Koch Chemie;Koch Chemie Косметическое молочко для ухода за кожаными поверхностями Leather Star 1л;1700;;нет;https://static.tildacdn.com/stor6366-6539-4365-a136-623039346534/18698472.png;http://carshine26.ru/sredstva-dlya-kozhi/tproduct/362584408912-koch-chemie-kosmeticheskoe-molochko-dlya
Средства для кожи;FIREBALL;FIREBALL Очиститель кожи и интерьера Nappa Cleaner;1330;;нет;https://static.tildacdn.com/stor3039-3430-4931-a131-633235656431/26428190.png;http://carshine26.ru/sredstva-dlya-kozhi/tproduct/933819795402-fireball-ochistitel-kozhi-i-interera-nap
Средства для кожи;FIREBALL;FIREBALL MINI Очиститель кожи и интерьера Nappa Cleaner, 100 мл;499;;нет;https://static.tildacdn.com/stor6534-3463-4533-a164-333036316564/11583330.png;http://carshine26.ru/sredstva-dlya-kozhi/tproduct/652456745802-fireball-mini-ochistitel-kozhi-i-interer
Средства для кожи;FIREBALL;FIREBALL Кондиционер и покрытие для кожи и пластика Nappa Coat, 500 мл;1330;;нет;https://static.tildacdn.com/stor3435-3239-4334-b233-353935343537/96824261.png;http://carshine26.ru/sredstva-dlya-kozhi/tproduct/283561412812-fireball-konditsioner-i-pokritie-dlya-ko
Средства для кожи;FIREBALL;FIREBALL mini Кондиционер и покрытие для кожи и пластика Nappa Coat, 100 мл;499;;нет;https://static.tildacdn.com/stor6465-3062-4332-b735-616366363566/92571944.png;http://carshine26.ru/sredstva-dlya-kozhi/tproduct/841833839632-fireball-mini-konditsioner-i-pokritie-dl
Средства для кожи;BINDER;BINDER Средство 2в1 - Очиститель и кондиционер для кожи и пластика Premium Interior ONE STEP, 500 мл;890;;нет;https://static.tildacdn.com/stor3531-6536-4135-a264-656335643162/25967106.png;http://carshine26.ru/sredstva-dlya-kozhi/tproduct/840598645502-binder-sredstvo-2v1-ochistitel-i-kondits
Средства для кожи;Foam Heroes;Foam Heroes Leather Tag квик-детейлер для кожаных поверхностей, 500мл;455;;нет;https://static.tildacdn.com/stor3431-3465-4539-a532-396432363763/55355791.png;http://carshine26.ru/sredstva-dlya-kozhi/tproduct/419315857122-foam-heroes-leather-tag-kvik-deteiler-dl
Средства для кожи;BINDER;BINDER Очиститель салона (кожи и пластика) с кондиционером Premium Interior Cleaner (pH 7,0) 500мл;890;;нет;https://static.tildacdn.com/stor3530-3132-4363-b731-643764303633/60665611.png;http://carshine26.ru/sredstva-dlya-kozhi/tproduct/737128515262-binder-ochistitel-salona-kozhi-i-plastik
Средства для кожи;CarPro;CarPro Покрытие для резины и пластика Perl 500мл;1930;;нет;https://static.tildacdn.com/stor6565-3363-4736-b231-326565346535/27954850.png;http://carshine26.ru/sredstva-dlya-kozhi/tproduct/572393070492-carpro-pokritie-dlya-rezini-i-plastika-p
Средства для кожи;CarPro;CarPro Покрытие для резины и пластика Perl 1000мл;3499;;нет;https://static.tildacdn.com/stor3436-6333-4637-a536-333263383366/64998539.png;http://carshine26.ru/sredstva-dlya-kozhi/tproduct/440058897882-carpro-pokritie-dlya-rezini-i-plastika-p
Ароматизаторы и автопарфюм;KRYTEX;KRYTEX PARFUME PRO №1;1100;;нет;https://static.tildacdn.com/stor3666-3738-4035-b635-393236373630/96408701.png;http://carshine26.ru/aromatizatory-i-avtoparfyum/tproduct/329951042112-krytex-parfume-pro-1
Ароматизаторы и автопарфюм;KRYTEX;KRYTEX PARFUME PRO №2;1100;;нет;https://static.tildacdn.com/stor6166-3161-4766-b265-643862353063/54244308.png;http://carshine26.ru/aromatizatory-i-avtoparfyum/tproduct/842497783662-krytex-parfume-pro-2
Ароматизаторы и автопарфюм;KRYTEX;KRYTEX PARFUME PRO №3;1100;;нет;https://static.tildacdn.com/stor3963-3537-4236-a464-303030393663/97217679.png;http://carshine26.ru/aromatizatory-i-avtoparfyum/tproduct/321544717792-krytex-parfume-pro-3
Ароматизаторы и автопарфюм;KRYTEX;KRYTEX PARFUME PRO №4;1100;;нет;https://static.tildacdn.com/stor6630-6535-4531-b333-333165356332/38986918.png;http://carshine26.ru/aromatizatory-i-avtoparfyum/tproduct/963835343862-krytex-parfume-pro-4
Ароматизаторы и автопарфюм;KRYTEX;KRYTEX PARFUME PRO №5;1100;;нет;https://static.tildacdn.com/stor6333-6438-4538-a363-306535643761/98109977.png;http://carshine26.ru/aromatizatory-i-avtoparfyum/tproduct/884899430072-krytex-parfume-pro-5
Ароматизаторы и автопарфюм;KRYTEX;KRYTEX PARFUME PRO №6;1100;;нет;https://static.tildacdn.com/stor6238-3833-4130-a662-363462373966/36145357.png;http://carshine26.ru/aromatizatory-i-avtoparfyum/tproduct/945146275092-krytex-parfume-pro-6
Ароматизаторы и автопарфюм;KRYTEX;KRYTEX PARFUME PRO № 7;1100;;нет;https://static.tildacdn.com/stor6132-3632-4634-b466-623164343463/13527331.png;http://carshine26.ru/aromatizatory-i-avtoparfyum/tproduct/419000939232-krytex-parfume-pro-7
Ароматизаторы и автопарфюм;KRYTEX;KRYTEX PARFUME PRO №8;1100;;нет;https://static.tildacdn.com/stor3438-3666-4332-b964-306664383634/33743023.png;http://carshine26.ru/aromatizatory-i-avtoparfyum/tproduct/192397199842-krytex-parfume-pro-8
Ароматизаторы и автопарфюм;KRYTEX;KRYTEX PARFUME PRO №9;1100;;нет;https://static.tildacdn.com/stor3535-3035-4466-a566-376239383732/32081366.png;http://carshine26.ru/aromatizatory-i-avtoparfyum/tproduct/826285829052-krytex-parfume-pro-9
Ароматизаторы и автопарфюм;KRYTEX;KRYTEX PARFUME PRO №10;1100;;нет;https://static.tildacdn.com/stor6261-6433-4535-b937-346636643036/76844652.png;http://carshine26.ru/aromatizatory-i-avtoparfyum/tproduct/533396587182-krytex-parfume-pro-10
Ароматизаторы и автопарфюм;EIKOSHA;EIKOSHA (A-37) Ароматизатор меловой Spirit Refill - SAMURAI MAN;950;;нет;https://static.tildacdn.com/stor3334-3239-4533-a436-336332336431/55320054.jpg;http://carshine26.ru/aromatizatory-i-avtoparfyum/tproduct/115546683982-eikosha-a-37-aromatizator-melovoi-spirit
Ароматизаторы и автопарфюм;EIKOSHA;EIKOSHA (A-85) Ароматизатор меловой Spirit Refill - BLUE MUSK;950;;нет;https://static.tildacdn.com/stor3030-3163-4330-a362-623961626163/27601612.jpg;http://carshine26.ru/aromatizatory-i-avtoparfyum/tproduct/833128224112-eikosha-a-85-aromatizator-melovoi-spirit
Ароматизаторы и автопарфюм;EIKOSHA;EIKOSHA (A-69) Ароматизатор меловой Spirit Refill - GUCINI;950;;нет;https://static.tildacdn.com/stor3763-3863-4535-b537-373066656639/91933798.jpg;http://carshine26.ru/aromatizatory-i-avtoparfyum/tproduct/765548345602-eikosha-a-69-aromatizator-melovoi-spirit
Ароматизаторы и автопарфюм;EIKOSHA;EIKOSHA (A-9) Ароматизатор меловой Spirit Refill - SQUASH;950;;нет;https://static.tildacdn.com/stor3766-6131-4965-b234-323637323138/98274616.jpg;http://carshine26.ru/aromatizatory-i-avtoparfyum/tproduct/808922294892-eikosha-a-9-aromatizator-melovoi-spirit
Ароматизаторы и автопарфюм;EIKOSHA;EIKOSHA (A-73) Ароматизатор меловой Spirit Refill - DRY SQUASH;950;;нет;https://static.tildacdn.com/stor6565-6234-4165-b731-346530373538/29212758.jpg;http://carshine26.ru/aromatizatory-i-avtoparfyum/tproduct/889336749232-eikosha-a-73-aromatizator-melovoi-spirit
Ароматизаторы и автопарфюм;EIKOSHA;Eikosha Ароматизатор меловой SPIRIT REFILL - MARINE BLUE SQUASH;950;;нет;https://static.tildacdn.com/stor6431-3966-4164-b331-633430393639/90326876.jpg;http://carshine26.ru/aromatizatory-i-avtoparfyum/tproduct/341220962152-eikosha-aromatizator-melovoi-spirit-refi
Ароматизаторы и автопарфюм;EIKOSHA;EIKOSHA (A-19) Ароматизатор меловой Spirit Refill - MARINE SQUASH;950;;нет;https://static.tildacdn.com/stor6234-3334-4263-b732-323064353932/62365572.jpg;http://carshine26.ru/aromatizatory-i-avtoparfyum/tproduct/807190641502-eikosha-a-19-aromatizator-melovoi-spirit
Ароматизаторы и автопарфюм;EIKOSHA;EIKOSHA (A-15) Ароматизатор меловой Spirit Refill - GREEN BREEZE;950;;нет;https://static.tildacdn.com/stor3336-3231-4032-b437-613939386363/80056589.jpg;http://carshine26.ru/aromatizatory-i-avtoparfyum/tproduct/157087647342-eikosha-a-15-aromatizator-melovoi-spirit
Ароматизаторы и автопарфюм;EIKOSHA;EIKOSHA (A-43) Ароматизатор меловой Spirit Refill - WHITY MUSK;950;;нет;https://static.tildacdn.com/stor3861-6362-4664-a661-343263643930/87822468.jpg;http://carshine26.ru/aromatizatory-i-avtoparfyum/tproduct/396515600432-eikosha-a-43-aromatizator-melovoi-spirit
Ароматизаторы и автопарфюм;EIKOSHA;EIKOSHA (A-44) Ароматизатор меловой Spirit Refill - W BERRY;950;;нет;https://static.tildacdn.com/stor3835-3232-4634-b631-383839353339/42269011.jpg;http://carshine26.ru/aromatizatory-i-avtoparfyum/tproduct/924129751892-eikosha-a-44-aromatizator-melovoi-spirit
Ароматизаторы и автопарфюм;EIKOSHA;EIKOSHA (A-1) Ароматизатор меловой Spirit Refill - CITRUS;950;;нет;https://static.tildacdn.com/stor6133-3435-4930-b162-323432353434/91504733.jpg;http://carshine26.ru/aromatizatory-i-avtoparfyum/tproduct/105976580402-eikosha-a-1-aromatizator-melovoi-spirit
Ароматизаторы и автопарфюм;EIKOSHA;EIKOSHA (A-24) Ароматизатор меловой Spirit Refill - CLEAR SQUASH;950;;нет;https://static.tildacdn.com/stor3563-6638-4030-b538-363130356331/14622479.jpg;http://carshine26.ru/aromatizatory-i-avtoparfyum/tproduct/946377085922-eikosha-a-24-aromatizator-melovoi-spirit
Ароматизаторы и автопарфюм;EIKOSHA;EIKOSHA (A-42) Ароматизатор меловой Spirit Refill - PINK SHOWER;950;;нет;https://static.tildacdn.com/stor3638-3435-4263-b232-383562633136/74529027.png;http://carshine26.ru/aromatizatory-i-avtoparfyum/tproduct/750431420232-eikosha-a-42-aromatizator-melovoi-spirit
Ароматизаторы и автопарфюм;EIKOSHA;EIKOSHA (A-31) Ароматизатор меловой Spirit Refill - AQUA SHOWER EIKOSHA (A-31) Ароматизатор меловой Spirit Refill - AQUA SHOWER;950;;нет;https://static.tildacdn.com/stor6637-6431-4637-b433-336461613931/46889547.jpg;http://carshine26.ru/aromatizatory-i-avtoparfyum/tproduct/127331353152-eikosha-a-31-aromatizator-melovoi-spirit
Ароматизаторы и автопарфюм;EIKOSHA;EIKOSHA (A-52) Ароматизатор меловой Spirit Refill - LEMON SQUASH;950;;нет;https://static.tildacdn.com/stor3137-3561-4361-b631-646138383461/28240200.jpg;http://carshine26.ru/aromatizatory-i-avtoparfyum/tproduct/442858010232-eikosha-a-52-aromatizator-melovoi-spirit
Ароматизаторы и автопарфюм;EIKOSHA;EIKOSHA (A-100) Ароматизатор меловой Spirit Refill - JOLI AIR;950;;нет;https://static.tildacdn.com/stor3266-3430-4333-b930-343631666232/19477741.jpg;http://carshine26.ru/aromatizatory-i-avtoparfyum/tproduct/926620413032-eikosha-a-100-aromatizator-melovoi-spiri
Ароматизаторы и автопарфюм;EIKOSHA;EIKOSHA (A-56) Ароматизатор меловой Spirit Refill - MUSKY SHOWER EIKOSHA (A-56) Ароматизатор меловой Spirit Refill - MUSKY SHOWER;950;;нет;https://static.tildacdn.com/stor3539-3064-4262-a261-646631643733/24921933.jpg;http://carshine26.ru/aromatizatory-i-avtoparfyum/tproduct/884922846112-eikosha-a-56-aromatizator-melovoi-spirit
Ароматизаторы и автопарфюм;EIKOSHA;Eikosha Ароматизатор меловой SPIRIT REFILL - BOTANICAL SHOWER A-107;950;;нет;https://static.tildacdn.com/stor3363-6130-4766-a632-343038353061/91844544.jpg;http://carshine26.ru/aromatizatory-i-avtoparfyum/tproduct/316994119752-eikosha-aromatizator-melovoi-spirit-refi
Ароматизаторы и автопарфюм;EIKOSHA;EIKOSHA Spirit Refill WOODY MUSK - ДРЕВЕСНЫЙ МУСКУС, арт. А-109;950;;нет;https://static.tildacdn.com/stor6330-3330-4134-b562-346538613763/48461972.jpg;http://carshine26.ru/aromatizatory-i-avtoparfyum/tproduct/950576285302-eikosha-spirit-refill-woody-musk-drevesn
Ароматизаторы и автопарфюм;EIKOSHA;EIKOSHA Spirit Refill - WHITE LILY / БЕЛАЯ лилия;950;;нет;https://static.tildacdn.com/stor6333-3238-4163-b331-306432366266/11740902.jpg;http://carshine26.ru/aromatizatory-i-avtoparfyum/tproduct/894238814142-eikosha-spirit-refill-white-lily-belaya
Ароматизаторы и автопарфюм;EIKOSHA;EIKOSHA (A-55) Ароматизатор меловой Spirit Refill - TONIGHT;950;;нет;https://static.tildacdn.com/stor3530-6165-4765-a639-353539356465/82041174.jpg;http://carshine26.ru/aromatizatory-i-avtoparfyum/tproduct/634960473392-eikosha-a-55-aromatizator-melovoi-spirit
Ароматизаторы и автопарфюм;EIKOSHA;EIKOSHA (A-22) Ароматизатор меловой Spirit Refill - AFTER SHOWER;950;;нет;https://static.tildacdn.com/stor3563-3734-4563-a631-333939313133/30309798.jpg;http://carshine26.ru/aromatizatory-i-avtoparfyum/tproduct/188247180242-eikosha-a-22-aromatizator-melovoi-spirit
prochee;Koch Chemie;Koch Chemie ACID SHAMPOO SiO2 - Глубоко очищающий от песка и частиц металла шампунь;1300;;да;https://static.tildacdn.com/stor3064-6164-4136-b932-653866393561/45922808.webp;http://carshine26.ru/tproduct/717877741312-koch-chemie-acid-shampoo-sio2-gluboko-oc
Бесконтактные шампуни;Leraton;LERATON Z3 ORANGE 473мл Нейтральная пена для бесконтактной мойки;370;;да;https://static.tildacdn.com/stor6332-3735-4136-a330-626532646132/22049159.png;http://carshine26.ru/beskontaktnye-shampuny/tproduct/154189695392-leraton-z3-orange-473ml-neitralnaya-pena
Бесконтактные шампуни;Leraton;LERATON Z3 Blue нейтральная пена для бесконтактной мойки, 473мл;370;;да;https://static.tildacdn.com/stor3031-3931-4433-b930-343039623735/98883354.webp;http://carshine26.ru/beskontaktnye-shampuny/tproduct/381592314802-leraton-z3-blue-neitralnaya-pena-dlya-be
Бесконтактные шампуни;Leraton;LERATON Z3 Green нейтральная пена для бесконтактной мойки, 473мл;370;;да;https://static.tildacdn.com/stor3564-6533-4539-a461-663833353937/82348406.webp;http://carshine26.ru/beskontaktnye-shampuny/tproduct/465727330352-leraton-z3-green-neitralnaya-pena-dlya-b
Бесконтактные шампуни;Leraton;LERATON Z3 Pink нейтральная пена для бесконтактной мойки, 473мл;370;;да;https://static.tildacdn.com/stor6134-6261-4133-b632-376166356264/26304486.webp;http://carshine26.ru/beskontaktnye-shampuny/tproduct/478685816302-leraton-z3-pink-neitralnaya-pena-dlya-be
Шампуни для ручной мойки;Leraton;Кислотный шампунь LERATON N2 473мл;530;;да;https://static.tildacdn.com/stor6536-6337-4233-b339-393836643538/35365730.png;http://carshine26.ru/shampuny-ruchnoy-moyki/tproduct/406652300522-kislotnii-shampun-leraton-n2-473ml
Ароматизаторы и автопарфюм;KRYTEX;KRYTEX Парфюм Parfume Pro №1 «Синее небо» (аэрозоль) 65мл;1100;;нет;https://static.tildacdn.com/stor3037-3839-4632-a138-346232353261/12033210.png;http://carshine26.ru/aromatizatory-i-avtoparfyum/tproduct/196676687622-krytex-parfyum-parfume-pro-1-sinee-nebo
Ароматизаторы и автопарфюм;KRYTEX;KRYTEX Парфюм Parfume Pro №2 «Морской бриз» (аэрозоль) 65мл;1100;;нет;https://static.tildacdn.com/stor6264-6666-4331-b038-303939326461/76025084.png;http://carshine26.ru/aromatizatory-i-avtoparfyum/tproduct/670550909922-krytex-parfyum-parfume-pro-2-morskoi-bri
Ароматизаторы и автопарфюм;KRYTEX;KRYTEX Парфюм Parfume Pro №3 «Мужская душа» (аэрозоль) 65мл;1100;;нет;https://static.tildacdn.com/stor3138-6536-4430-a561-363366343638/68750778.png;http://carshine26.ru/aromatizatory-i-avtoparfyum/tproduct/415126878312-krytex-parfyum-parfume-pro-3-muzhskaya-d
Ароматизаторы и автопарфюм;KRYTEX;KRYTEX Парфюм Parfume Pro №4 «Сладкий день» (аэрозоль) 65мл;1100;;нет;https://static.tildacdn.com/stor3130-6439-4639-b738-306530306566/57353809.png;http://carshine26.ru/aromatizatory-i-avtoparfyum/tproduct/221600303872-krytex-parfyum-parfume-pro-4-sladkii-den
Ароматизаторы и автопарфюм;KRYTEX;KRYTEX Парфюм Parfume Pro №5 «Наркотический цветок» (аэрозоль) 65мл;1100;;нет;https://static.tildacdn.com/stor3638-3363-4763-b735-393365386363/16639492.png;http://carshine26.ru/aromatizatory-i-avtoparfyum/tproduct/289132815752-krytex-parfyum-parfume-pro-5-narkotiches
Ароматизаторы и автопарфюм;KRYTEX;KRYTEX Парфюм Parfume Pro №6 «Ирландский виски» (аэрозоль) 65мл;1100;;нет;https://static.tildacdn.com/stor6634-3038-4564-b663-653537623031/80744939.png;http://carshine26.ru/aromatizatory-i-avtoparfyum/tproduct/805952021172-krytex-parfyum-parfume-pro-6-irlandskii
Ароматизаторы и автопарфюм;KRYTEX;KRYTEX Парфюм Parfume Pro №7 «Арабские ночи» (аэрозоль) 65мл;1100;;нет;https://static.tildacdn.com/stor6430-3335-4233-b637-316639363138/82464786.png;http://carshine26.ru/aromatizatory-i-avtoparfyum/tproduct/407579664092-krytex-parfyum-parfume-pro-7-arabskie-no
Ароматизаторы и автопарфюм;KRYTEX;KRYTEX Парфюм Parfume Pro №8 «Свободный ветер» (аэрозоль) 65мл;1100;;нет;https://static.tildacdn.com/stor6664-3135-4936-a337-383336386461/73268635.png;http://carshine26.ru/aromatizatory-i-avtoparfyum/tproduct/835854936882-krytex-parfyum-parfume-pro-8-svobodnii-v
Ароматизаторы и автопарфюм;KRYTEX;KRYTEX Парфюм Parfume Pro №9 «Восточные звуки» (аэрозоль) 65мл;1100;;нет;https://static.tildacdn.com/stor3862-3062-4139-b161-393732636361/47610443.png;http://carshine26.ru/aromatizatory-i-avtoparfyum/tproduct/264615221562-krytex-parfyum-parfume-pro-9-vostochnie
Ароматизаторы и автопарфюм;KRYTEX;KRYTEX Парфюм Parfume Pro №10 «Золотая пыль» (аэрозоль) 65мл;1100;;нет;https://static.tildacdn.com/stor6664-6663-4663-a132-333961336562/94408515.png;http://carshine26.ru/aromatizatory-i-avtoparfyum/tproduct/532759903032-krytex-parfyum-parfume-pro-10-zolotaya-p
Ароматизаторы и автопарфюм;EIKOSHA;Eikosha запасной элемент Blue Musk Ледяной шторм;500;;нет;https://static.tildacdn.com/stor3163-6632-4461-a163-306631636162/97224553.png;http://carshine26.ru/aromatizatory-i-avtoparfyum/tproduct/380577016362-eikosha-zapasnoi-element-blue-musk-ledya
Ароматизаторы и автопарфюм;EIKOSHA;Eikosha запасной элемент Dry Squash Восточная свежесть;500;;нет;https://static.tildacdn.com/stor6465-6631-4566-a161-343432333732/80928176.png;http://carshine26.ru/aromatizatory-i-avtoparfyum/tproduct/989898443702-eikosha-zapasnoi-element-dry-squash-vost
Ароматизаторы и автопарфюм;EIKOSHA;Eikosha запасной элемент Gucini Гучини;500;;нет;https://static.tildacdn.com/stor3935-3564-4130-a362-303532323833/93866605.png;http://carshine26.ru/aromatizatory-i-avtoparfyum/tproduct/323184519332-eikosha-zapasnoi-element-gucini-guchini
Ароматизаторы и автопарфюм;EIKOSHA;Eikosha запасной элемент Squash Свежесть;500;;нет;https://static.tildacdn.com/stor3332-3033-4232-b331-376464306465/74222104.png;http://carshine26.ru/aromatizatory-i-avtoparfyum/tproduct/998025625172-eikosha-zapasnoi-element-squash-svezhest
Ароматизаторы и автопарфюм;EIKOSHA;Eikosha запасной элемент Marine Squash Морская свежесть;500;;нет;https://static.tildacdn.com/stor3239-6237-4262-b939-373761356639/79263539.png;http://carshine26.ru/aromatizatory-i-avtoparfyum/tproduct/410162194832-eikosha-zapasnoi-element-marine-squash-m
Ароматизаторы и автопарфюм;EIKOSHA;Eikosha запасной элемент Pink Shower Розовый дождь;500;;нет;https://static.tildacdn.com/stor6335-6238-4331-a465-333766323765/52017799.png;http://carshine26.ru/aromatizatory-i-avtoparfyum/tproduct/494410889252-eikosha-zapasnoi-element-pink-shower-roz
Ароматизаторы и автопарфюм;EIKOSHA;Eikosha запасной элемент White lily Белая лилия;500;;нет;https://static.tildacdn.com/stor6430-3732-4862-b036-636135643261/43387617.png;http://carshine26.ru/aromatizatory-i-avtoparfyum/tproduct/657713200302-eikosha-zapasnoi-element-white-lily-bela
Ароматизаторы и автопарфюм;EIKOSHA;Eikosha запасной элемент Whity Musk Белый мускус;500;;нет;https://static.tildacdn.com/stor6266-3532-4935-a138-373138373765/86425267.png;http://carshine26.ru/aromatizatory-i-avtoparfyum/tproduct/133471107142-eikosha-zapasnoi-element-whity-musk-beli
Ароматизаторы и автопарфюм;EIKOSHA;Eikosha запасной элемент Green Breeze Зеленый бриз;500;;нет;https://static.tildacdn.com/stor6261-6139-4534-a665-643030663139/49432674.png;http://carshine26.ru/aromatizatory-i-avtoparfyum/tproduct/291982761112-eikosha-zapasnoi-element-green-breeze-ze
Ароматизаторы и автопарфюм;EIKOSHA;EIKOSHA (Q-5) Ароматизатор на кондиционер Giga Clip - MARINE SQUASH;800;;нет;https://static.tildacdn.com/stor6539-3063-4564-b632-363363633062/80855598.png;http://carshine26.ru/aromatizatory-i-avtoparfyum/tproduct/164452788832-eikosha-q-5-aromatizator-na-konditsioner
Ароматизаторы и автопарфюм;EIKOSHA;EIKOSHA (G-51) Ароматизатор на кондиционер Giga Clip - SQUASH;800;;нет;https://static.tildacdn.com/stor3366-3166-4165-b062-323131383132/34690674.png;http://carshine26.ru/aromatizatory-i-avtoparfyum/tproduct/244757953452-eikosha-g-51-aromatizator-na-konditsione
Ароматизаторы и автопарфюм;EIKOSHA;EIKOSHA (G-50) Ароматизатор на кондиционер Giga Clip - GREEN BREEZE;800;;нет;https://static.tildacdn.com/stor3236-6637-4063-a664-633134313065/32500984.png;http://carshine26.ru/aromatizatory-i-avtoparfyum/tproduct/512467564592-eikosha-g-50-aromatizator-na-konditsione
Ароматизаторы и автопарфюм;EIKOSHA;EIKOSHA (Q-54) Ароматизатор на кондиционер Giga Kaguwa - WHITY MUSK;850;;нет;https://static.tildacdn.com/stor6535-3563-4533-b935-393566333830/73674286.png;http://carshine26.ru/aromatizatory-i-avtoparfyum/tproduct/573090458212-eikosha-q-54-aromatizator-na-konditsione
Ароматизаторы и автопарфюм;MA-FRA;MA-FRA Освежитель воздуха для дома и автомобиля СОЛНЕЧНЫЕ ЦВЕТЫ Mr.GUGU' SUN FLOWERS;470;;нет;https://static.tildacdn.com/stor3233-3036-4533-b730-633964336237/59168236.png;http://carshine26.ru/aromatizatory-i-avtoparfyum/tproduct/844681650562-ma-fra-osvezhitel-vozduha-dlya-doma-i-av
Ароматизаторы и автопарфюм;MA-FRA;MA-FRA Освежитель воздуха для дома и автомобиля ДЫХАНИЕ ОКЕАНА Mr. GUGU' OCEAN BREEZE;470;;нет;https://static.tildacdn.com/stor6636-3062-4631-b661-323061366432/10231453.png;http://carshine26.ru/aromatizatory-i-avtoparfyum/tproduct/958060865592-ma-fra-osvezhitel-vozduha-dlya-doma-i-av
Ароматизаторы и автопарфюм;MA-FRA;"MA-FRA Освежитель воздуха для дома и автомобиля ЛИМОН И ЦИТРУС Mr. GUGU' LEMON &amp; CITRUS";470;;нет;https://static.tildacdn.com/stor6139-3061-4333-b038-353138666636/86034886.png;http://carshine26.ru/aromatizatory-i-avtoparfyum/tproduct/160918225112-ma-fra-osvezhitel-vozduha-dlya-doma-i-av
Бесконтактные шампуни;Leraton;Нейтральная пена для бесконтактной мойки LERATON Z3 GREEN 3,8л;1750;;нет;https://static.tildacdn.com/stor3139-3061-4164-b464-353339623061/13409153.png;http://carshine26.ru/beskontaktnye-shampuny/tproduct/991496794312-neitralnaya-pena-dlya-beskontaktnoi-moik
Бесконтактные шампуни;Leraton;Нейтральная пена для бесконтактной мойки LERATON Z3 ORANGE 3,8л;1750;;нет;https://static.tildacdn.com/stor3135-6132-4236-b733-386333333731/96759199.png;http://carshine26.ru/beskontaktnye-shampuny/tproduct/210585313202-neitralnaya-pena-dlya-beskontaktnoi-moik
Бесконтактные шампуни;Leraton;Нейтральная пена для бесконтактной мойки LERATON Z3 BLUE 3,8л;1750;;нет;https://static.tildacdn.com/stor6139-3233-4632-b631-363861343362/76494636.png;http://carshine26.ru/beskontaktnye-shampuny/tproduct/398208592722-neitralnaya-pena-dlya-beskontaktnoi-moik
Бесконтактные шампуни;Leraton;Нейтральная пена для бесконтактной мойки LERATON Z3 PINK 3,8л;1750;;нет;https://static.tildacdn.com/stor6338-6163-4262-b466-633764373430/53382400.png;http://carshine26.ru/beskontaktnye-shampuny/tproduct/785864196022-neitralnaya-pena-dlya-beskontaktnoi-moik
Бесконтактные шампуни;Smart Open;Smart Open Первичный бесконтактный состав без фосфата и растворителей Ecosafe 1л;650;;нет;https://static.tildacdn.com/stor3337-3463-4066-b835-396261633636/96973558.png;http://carshine26.ru/beskontaktnye-shampuny/tproduct/344279881002-smart-open-pervichnii-beskontaktnii-sost
Бесконтактные шампуни;Smart Open;Smart Open Первичный бесконтактный состав с защитой хрома и алюминия Safe 1л;590;;нет;https://static.tildacdn.com/stor6466-6165-4563-b064-323736303561/13351421.png;http://carshine26.ru/beskontaktnye-shampuny/tproduct/503346870302-smart-open-pervichnii-beskontaktnii-sost
Бесконтактные шампуни;Smart Open;Smart Open Первичный бесконтактный состав без фосфата и растворителей Ecosafe 5л;2600;;нет;https://static.tildacdn.com/stor3735-3264-4666-b363-333335336130/73608527.png;http://carshine26.ru/beskontaktnye-shampuny/tproduct/966304745362-smart-open-pervichnii-beskontaktnii-sost
Бесконтактные шампуни;Foam Heroes;Foam Heroes Citrus Buddy шампунь на основе цитрусовых для предварительной мойки, 500мл;555;;нет;https://static.tildacdn.com/stor6162-3934-4661-a639-323531666663/16056286.png;http://carshine26.ru/beskontaktnye-shampuny/tproduct/376767223682-foam-heroes-citrus-buddy-shampun-na-osno
Бесконтактные шампуни;Foam Heroes;Foam Heroes Citrus Buddy шампунь на основе цитрусовых для предварительной мойки, 3л;2345;;нет;https://static.tildacdn.com/stor6434-6236-4239-b964-366666353330/18100009.png;http://carshine26.ru/beskontaktnye-shampuny/tproduct/262258311562-foam-heroes-citrus-buddy-shampun-na-osno
Бесконтактные шампуни;Foam Heroes;Foam Heroes Citrus Buddy шампунь на основе цитрусовых для предварительной мойки, 8л;4895;;нет;https://static.tildacdn.com/stor3166-6235-4434-b136-353038326538/61334140.png;http://carshine26.ru/beskontaktnye-shampuny/tproduct/740229216602-foam-heroes-citrus-buddy-shampun-na-osno
Бесконтактные шампуни;Foam Heroes;Foam Heroes Gentle Soap Amber деликатный состав для предварительной мойки, 500мл;495;;нет;https://static.tildacdn.com/stor3835-6264-4536-b463-656466653165/24024711.png;http://carshine26.ru/beskontaktnye-shampuny/tproduct/750964357882-foam-heroes-gentle-soap-amber-delikatnii
Бесконтактные шампуни;Foam Heroes;Foam Heroes PRO 600 шампунь для бесконтактной мойки автомобиля, 5л;1695;;нет;https://static.tildacdn.com/stor3435-6538-4565-b132-383337313561/20419372.png;http://carshine26.ru/beskontaktnye-shampuny/tproduct/197220861282-foam-heroes-pro-600-shampun-dlya-beskont
Бесконтактные шампуни;Foam Heroes;Foam Heroes PRO 600 шампунь для бесконтактной мойки автомобиля, 20л;4895;;нет;https://static.tildacdn.com/stor6132-3536-4134-b234-393134353635/23275740.png;http://carshine26.ru/beskontaktnye-shampuny/tproduct/395380260322-foam-heroes-pro-600-shampun-dlya-beskont
Бесконтактные шампуни;CarPro;CarPro Состав для предварительной мойки Lift Snow Foam 500мл;1479;;нет;https://static.tildacdn.com/stor3437-6462-4635-b261-313332373566/73470566.png;http://carshine26.ru/beskontaktnye-shampuny/tproduct/987550254072-carpro-sostav-dlya-predvaritelnoi-moiki
Бесконтактные шампуни;FIREBALL;FIREBALL Нейтральная пена для бесконтактной мойки Snow Foam 1:30 PH7;1530;;нет;https://static.tildacdn.com/stor6137-3934-4335-a139-373364323936/32204575.png;http://carshine26.ru/beskontaktnye-shampuny/tproduct/418357330582-fireball-neitralnaya-pena-dlya-beskontak
Бесконтактные шампуни;BINDER;BINDER Бесконтактный щелочной состав для предварительной мойки Premium Pre-Wash 1:30-1:50 (pH 12,3) 500мл;900;;нет;https://static.tildacdn.com/stor3030-3233-4535-b233-346233386631/16012678.png;http://carshine26.ru/beskontaktnye-shampuny/tproduct/935153368172-binder-beskontaktnii-schelochnoi-sostav
Бесконтактные шампуни;FURY'S;FURY'S First Kick Бесконтактный, деликатный шампунь, 2Л;1490;;нет;https://static.tildacdn.com/stor3465-6530-4166-b037-333930386133/61896269.png;http://carshine26.ru/beskontaktnye-shampuny/tproduct/421862958272-furys-first-kick-beskontaktnii-delikatni
Бесконтактные шампуни;FURY'S;FURY'S First Kick Бесконтактный, деликатный шампунь First Kick, 500 мл;490;;нет;https://static.tildacdn.com/stor6162-3631-4232-b061-643666373966/16361337.png;http://carshine26.ru/beskontaktnye-shampuny/tproduct/750660420922-furys-first-kick-beskontaktnii-delikatni
Шампуни для ручной мойки;Leraton;Leraton A3 Шампунь для ручной мойки Bubble gum 473мл;390;;нет;https://static.tildacdn.com/stor3932-6466-4564-a436-386536356138/65843972.png;http://carshine26.ru/shampuny-ruchnoy-moyki/tproduct/998093957112-leraton-a3-shampun-dlya-ruchnoi-moiki-bu
Шампуни для ручной мойки;Leraton;Leraton A3 Шампунь для ручной мойки Sweet melons 473мл;390;;нет;https://static.tildacdn.com/stor6261-3662-4661-a365-656266633434/36841379.png;http://carshine26.ru/shampuny-ruchnoy-moyki/tproduct/836001414482-leraton-a3-shampun-dlya-ruchnoi-moiki-sw
Шампуни для ручной мойки;Leraton;Leraton A3 Шампунь для ручной мойки Choco nut 473мл;390;;нет;https://static.tildacdn.com/stor3134-3435-4762-b530-316139626561/81733528.png;http://carshine26.ru/shampuny-ruchnoy-moyki/tproduct/555699736012-leraton-a3-shampun-dlya-ruchnoi-moiki-ch
Шампуни для ручной мойки;Leraton;Шампунь для ручной мойки LERATON A1 473мл;290;;нет;https://static.tildacdn.com/stor3466-6366-4766-a262-303365396565/10471157.png;http://carshine26.ru/shampuny-ruchnoy-moyki/tproduct/160953603562-shampun-dlya-ruchnoi-moiki-leraton-a1-47
Шампуни для ручной мойки;Leraton;Нейтральный шампунь + очиститель с индикатором 2в1 LERATON M2 Shampoo 473мл;690;;нет;https://static.tildacdn.com/stor3665-3036-4539-b563-666130633237/73371999.png;http://carshine26.ru/shampuny-ruchnoy-moyki/tproduct/866238634972-neitralnii-shampun-ochistitel-s-indikato
Шампуни для ручной мойки;Leraton;Суперконцентрированный шампунь для ручной мойки LERATON A3 HANDWASH SHAMPOO BARBERRY 473мл;530;;нет;https://static.tildacdn.com/stor6437-6434-4032-a466-373839396432/51429404.png;http://carshine26.ru/shampuny-ruchnoy-moyki/tproduct/404405973342-superkontsentrirovannii-shampun-dlya-ruc
Шампуни для ручной мойки;Smart Open;Smart Open Высокопенный ручной шампунь без фосфата и растворителей Too Shampoo Gold 500мл;300;;нет;https://static.tildacdn.com/stor6631-6438-4336-b032-386137373439/93354331.png;http://carshine26.ru/shampuny-ruchnoy-moyki/tproduct/803810762072-smart-open-visokopennii-ruchnoi-shampun
Шампуни для ручной мойки;Smart Open;Smart Open Высокопенный ручной шампунь без фосфата и растворителей Too Shampoo Fenix 500мл;300;;нет;https://static.tildacdn.com/stor3231-6531-4931-a535-613636653538/24333871.png;http://carshine26.ru/shampuny-ruchnoy-moyki/tproduct/328386917012-smart-open-visokopennii-ruchnoi-shampun
Шампуни для ручной мойки;Smart Open;Smart Open Наношампунь для ручной мойки Nano Shampoo 500мл;650;;нет;https://static.tildacdn.com/stor3537-6532-4431-a666-653234353361/39967014.png;http://carshine26.ru/shampuny-ruchnoy-moyki/tproduct/404259984282-smart-open-nanoshampun-dlya-ruchnoi-moik
Шампуни для ручной мойки;Detail;Detail Шампунь для ручной мойки SP (Second Phase) 1л DT-0151;510;;нет;https://static.tildacdn.com/stor6230-3139-4166-a564-396264613534/73295061.png;http://carshine26.ru/shampuny-ruchnoy-moyki/tproduct/429416535792-detail-shampun-dlya-ruchnoi-moiki-sp-sec
Шампуни для ручной мойки;Detail;Detail Шампунь для ручной мойки SP (Second Phase) 5л DT-0152;1660;;нет;https://static.tildacdn.com/stor3066-6364-4165-b836-356466313463/45975401.png;http://carshine26.ru/shampuny-ruchnoy-moyki/tproduct/307955660112-detail-shampun-dlya-ruchnoi-moiki-sp-sec
Шампуни для ручной мойки;Foam Heroes;Foam Heroes Slick Ice Sweety шампунь для ручной мойки автомобиля, 500мл;545;;нет;https://static.tildacdn.com/stor3532-6333-4632-b935-303434343036/14597231.png;http://carshine26.ru/shampuny-ruchnoy-moyki/tproduct/705632012752-foam-heroes-slick-ice-sweety-shampun-dly
Шампуни для ручной мойки;Foam Heroes;Foam Heroes Slick Ice Berry шампунь для ручной мойки автомобиля, 500мл;545;;нет;https://static.tildacdn.com/stor3933-3231-4664-b061-643661343331/23390529.png;http://carshine26.ru/shampuny-ruchnoy-moyki/tproduct/976170212602-foam-heroes-slick-ice-berry-shampun-dlya
Шампуни для ручной мойки;Foam Heroes;Foam Heroes Slick Ice Zippy шампунь для ручной мойки автомобиля, 500мл;545;;нет;https://static.tildacdn.com/stor3939-6561-4134-b537-383239363262/54332317.png;http://carshine26.ru/shampuny-ruchnoy-moyki/tproduct/573672020012-foam-heroes-slick-ice-zippy-shampun-dlya
Шампуни для ручной мойки;Foam Heroes;Foam Heroes Slick Ice Zippy шампунь для ручной мойки автомобиля, 3л;2195;;нет;https://static.tildacdn.com/stor3538-3732-4232-b533-633137636463/88164281.png;http://carshine26.ru/shampuny-ruchnoy-moyki/tproduct/778508172252-foam-heroes-slick-ice-zippy-shampun-dlya
Шампуни для ручной мойки;Foam Heroes;Foam Heroes Slick Ice Sweety шампунь для ручной мойки автомобиля, 3л;2195;;нет;https://static.tildacdn.com/stor6135-6466-4461-b339-333366313330/79822569.png;http://carshine26.ru/shampuny-ruchnoy-moyki/tproduct/744689428042-foam-heroes-slick-ice-sweety-shampun-dly
Шампуни для ручной мойки;Foam Heroes;Foam Heroes Cola Bay шампунь для ручной мойки автомобиля, 500мл;495;;нет;https://static.tildacdn.com/stor3939-3663-4666-a332-633635623466/88409119.png;http://carshine26.ru/shampuny-ruchnoy-moyki/tproduct/509195033022-foam-heroes-cola-bay-shampun-dlya-ruchno
Шампуни для ручной мойки;Foam Heroes;Foam Heroes Christmas Bubbles шампунь для ручной мойки автомобиля, 500мл;545;;нет;https://static.tildacdn.com/stor3762-3662-4834-a165-613362366531/15909587.png;http://carshine26.ru/shampuny-ruchnoy-moyki/tproduct/226679582542-foam-heroes-christmas-bubbles-shampun-dl
Шампуни для ручной мойки;Foam Heroes;Foam Heroes Acid Shock кислотный шампунь для ручной мойки автомобиля, 500мл;545;;нет;https://static.tildacdn.com/stor3037-3963-4961-a633-346433376364/88160570.png;http://carshine26.ru/shampuny-ruchnoy-moyki/tproduct/379391633502-foam-heroes-acid-shock-kislotnii-shampun
Шампуни для ручной мойки;Foam Heroes;Foam Heroes Acid Shock кислотный шампунь для ручной мойки автомобиля, 3л;1995;;нет;https://static.tildacdn.com/stor3866-6563-4961-b838-633436623765/98420419.png;http://carshine26.ru/shampuny-ruchnoy-moyki/tproduct/950841788062-foam-heroes-acid-shock-kislotnii-shampun
Шампуни для ручной мойки;Foam Heroes;Foam Heroes Acid Citrus кислотный шампунь для ручной мойки автомобиля, 500мл;495;;нет;https://static.tildacdn.com/stor6231-3031-4261-a436-636337623336/40656530.png;http://carshine26.ru/shampuny-ruchnoy-moyki/tproduct/719124308362-foam-heroes-acid-citrus-kislotnii-shampu
Шампуни для ручной мойки;Foam Heroes;Foam Heroes Acid Citrus кислотный шампунь для ручной мойки автомобиля, 3л;1845;;нет;https://static.tildacdn.com/stor3666-6439-4530-b265-663631643665/61601908.png;http://carshine26.ru/shampuny-ruchnoy-moyki/tproduct/291419617852-foam-heroes-acid-citrus-kislotnii-shampu
Шампуни для ручной мойки;Foam Heroes;Foam Heroes PRO GAP шампунь для ручной мойки автомобиля, 5л;2195;;нет;https://static.tildacdn.com/stor6532-3461-4837-a532-343330353237/45323249.png;http://carshine26.ru/shampuny-ruchnoy-moyki/tproduct/276389887292-foam-heroes-pro-gap-shampun-dlya-ruchnoi
Шампуни для ручной мойки;MA-FRA;MA-FRA Наношампунь NANO SHAMPOO 900мл;1025;;нет;https://static.tildacdn.com/stor6465-6635-4466-b662-643435316364/68778627.png;http://carshine26.ru/shampuny-ruchnoy-moyki/tproduct/287299052702-ma-fra-nanoshampun-nano-shampoo-900ml
Шампуни для ручной мойки;Koch Chemie;Koch Chemie Автошампунь для ручной мойки без ополаскивания Ceramic Effect Shampoo 1л;2600;;нет;https://static.tildacdn.com/stor3532-3134-4230-b337-663663393131/55155137.png;http://carshine26.ru/shampuny-ruchnoy-moyki/tproduct/994853341402-koch-chemie-avtoshampun-dlya-ruchnoi-moi
Шампуни для ручной мойки;Koch Chemie;Koch Chemie Автошампунь для ручной мойки Autoshampoo 1л;1100;;нет;https://static.tildacdn.com/stor6665-6165-4065-a535-616636333936/52715563.png;http://carshine26.ru/shampuny-ruchnoy-moyki/tproduct/712086611742-koch-chemie-avtoshampun-dlya-ruchnoi-moi
Шампуни для ручной мойки;FIREBALL;FIREBALL Кислотный шампунь Ph3 Shampoo 1:1000, 500 мл;1828;;нет;https://static.tildacdn.com/stor3737-6633-4362-a238-396266313733/37852754.png;http://carshine26.ru/shampuny-ruchnoy-moyki/tproduct/726989469132-fireball-kislotnii-shampun-ph3-shampoo-1
Шампуни для ручной мойки;FIREBALL;FIREBALL Шампунь-концентрат для ручной мойки SHOW CAR TiO 1:1000 pH7,5 500мл;1980;;нет;https://static.tildacdn.com/stor3834-3938-4731-a163-383834666332/29853829.png;http://carshine26.ru/shampuny-ruchnoy-moyki/tproduct/644135260052-fireball-shampun-kontsentrat-dlya-ruchno
Шампуни для ручной мойки;FIREBALL;FIREBALL mini Шампунь-концентрат для ручной мойки SHOW CAR SHAMPOO TiO 1:1000 pH7,5, 100мл;649;;нет;https://static.tildacdn.com/stor3738-6464-4461-b437-643861303062/57361441.png;http://carshine26.ru/shampuny-ruchnoy-moyki/tproduct/371596638032-fireball-mini-shampun-kontsentrat-dlya-r
Шампуни для ручной мойки;FIREBALL;FIREBALL Шампунь для ручной мойки Pearl TiO 1:1000 PH7,5, 500мл;1828;;нет;https://static.tildacdn.com/stor3331-3864-4239-b266-636363373362/41726849.png;http://carshine26.ru/shampuny-ruchnoy-moyki/tproduct/486447233592-fireball-shampun-dlya-ruchnoi-moiki-pear
Шампуни для ручной мойки;FIREBALL;FIREBALL Шампунь для ручной мойки Emerald Green 1:1000 PH7,5;1496;;нет;https://static.tildacdn.com/stor3765-6665-4932-b337-616637363063/84547837.png;http://carshine26.ru/shampuny-ruchnoy-moyki/tproduct/861635530532-fireball-shampun-dlya-ruchnoi-moiki-emer
Шампуни для ручной мойки;FIREBALL;FIREBALL Ручной Шампунь SiO2 гидрофоб и защита Hydro Shampoo 1:500 PH7, 500 мл;1995;;нет;https://static.tildacdn.com/stor3032-3163-4637-b632-316633313765/33039509.png;http://carshine26.ru/shampuny-ruchnoy-moyki/tproduct/205504426862-fireball-ruchnoi-shampun-sio2-gidrofob-i
Шампуни для ручной мойки;FIREBALL;FIREBALL Шампунь для ручной мойки Super Star Car Shampoo 1:500 PH7 Фруктово-Цитрусовый (синий) 1л;1828;;нет;https://static.tildacdn.com/stor6238-6236-4230-a162-356534326533/54896260.png;http://carshine26.ru/shampuny-ruchnoy-moyki/tproduct/205971331752-fireball-shampun-dlya-ruchnoi-moiki-supe
Шампуни для ручной мойки;FIREBALL;FIREBALL Шампунь для ручной мойки Super Star Car Shampoo 1:500 PH7 Лесное настроение (зеленый) 1л;1828;;нет;https://static.tildacdn.com/stor6138-3765-4530-b735-356662613466/76377239.png;http://carshine26.ru/shampuny-ruchnoy-moyki/tproduct/814874355372-fireball-shampun-dlya-ruchnoi-moiki-supe
Шампуни для ручной мойки;FIREBALL;FIREBALL Шампунь для ручной мойки Super Star Car Shampoo 1:500 PH7 Медово-Банановый (желтый) 1л;1828;;нет;https://static.tildacdn.com/stor3032-6432-4737-b662-613836353532/98802204.png;http://carshine26.ru/shampuny-ruchnoy-moyki/tproduct/445038017412-fireball-shampun-dlya-ruchnoi-moiki-supe
Шампуни для ручной мойки;FIREBALL;FIREBALL Шампунь для ручной мойки Super Star Car Shampoo 1:500 PH7 Папайя-Манго (красный) 1л;1828;;нет;https://static.tildacdn.com/stor3966-3936-4064-b733-363766306435/26165117.png;http://carshine26.ru/shampuny-ruchnoy-moyki/tproduct/754092231252-fireball-shampun-dlya-ruchnoi-moiki-supe
Шампуни для ручной мойки;FIREBALL;FIREBALL Шампунь для ручной мойки Super Star Car Shampoo 1:500 PH7 Французский виноград (фиолетовый) 1л;1828;;нет;https://static.tildacdn.com/stor3539-3735-4036-b563-366137323633/12531620.png;http://carshine26.ru/shampuny-ruchnoy-moyki/tproduct/582396421682-fireball-shampun-dlya-ruchnoi-moiki-supe
Шампуни для ручной мойки;CarPro;CarPro Шампунь Reset Car Shampoo 500мл;2239;;нет;https://static.tildacdn.com/stor3239-3133-4266-b131-646331343662/24999064.png;http://carshine26.ru/shampuny-ruchnoy-moyki/tproduct/161350788712-carpro-shampun-reset-car-shampoo-500ml
Шампуни для ручной мойки;CarPro;CarPro Шампунь Reset Car Shampoo 50мл;485;;нет;https://static.tildacdn.com/stor6562-3136-4538-b661-656363643434/23120912.png;http://carshine26.ru/shampuny-ruchnoy-moyki/tproduct/568383704352-carpro-shampun-reset-car-shampoo-50ml
Шампуни для ручной мойки;CarPro;CarPro Кислотный шампунь Descale 500мл;2550;;нет;https://static.tildacdn.com/stor3838-3963-4436-b932-376637653863/40126852.png;http://carshine26.ru/shampuny-ruchnoy-moyki/tproduct/118813868792-carpro-kislotnii-shampun-descale-500ml
Шампуни для ручной мойки;CarPro;CarPro Шампунь консервант с гидрофобным эффектом HydrO2 Foam 500мл;2800;;нет;https://static.tildacdn.com/stor3064-3038-4230-b264-623835653834/42737679.png;http://carshine26.ru/shampuny-ruchnoy-moyki/tproduct/238769367892-carpro-shampun-konservant-s-gidrofobnim
Шампуни для ручной мойки;FURY'S;FURY'S Second Punch Шампунь для ручной мойки, 2Л;1350;;нет;https://static.tildacdn.com/stor3536-3032-4166-b762-313464616232/81259669.png;http://carshine26.ru/shampuny-ruchnoy-moyki/tproduct/871794007392-furys-second-punch-shampun-dlya-ruchnoi
Шампуни для ручной мойки;FURY'S;FURY'S Second Punch Шампунь для ручной мойки, 500 мл;450;;нет;https://static.tildacdn.com/stor3933-3434-4431-b237-646336386139/29929138.png;http://carshine26.ru/shampuny-ruchnoy-moyki/tproduct/506189728362-furys-second-punch-shampun-dlya-ruchnoi
Шампуни для ручной мойки;FURY'S;FURY'S Bucket Punch Шампунь для ведра, 2Л;1490;;нет;https://static.tildacdn.com/stor6166-3263-4036-b266-663836666232/51514404.png;http://carshine26.ru/shampuny-ruchnoy-moyki/tproduct/877354214612-furys-bucket-punch-shampun-dlya-vedra-2l
Шампуни для ручной мойки;FURY'S;FURY'S Bucket Punch Ручной шампунь для ведра, 500 мл;490;;нет;https://static.tildacdn.com/stor6466-3165-4661-a564-623464353035/62869925.png;http://carshine26.ru/shampuny-ruchnoy-moyki/tproduct/500648606052-furys-bucket-punch-ruchnoi-shampun-dlya
Осушители кузова (воски);Leraton;Кварцевый состав для быстрого блеска и гидрофоба LERATON S6 PASSION FRUIT 473мл;830;;нет;https://static.tildacdn.com/stor3737-3461-4633-b765-393634363733/44482203.png;http://carshine26.ru/osushiteli-kuzova/tproduct/839727367082-kvartsevii-sostav-dlya-bistrogo-bleska-i
Осушители кузова (воски);Leraton;Кварцевый состав для быстрого блеска и гидрофоба LERATON S6 GRAPE 473мл;830;;нет;https://static.tildacdn.com/stor3637-6131-4932-b937-336536336236/95049668.png;http://carshine26.ru/osushiteli-kuzova/tproduct/854193464752-kvartsevii-sostav-dlya-bistrogo-bleska-i
Осушители кузова (воски);Leraton;Детейлер-спрей с карнаубой LERATON S2 473мл;530;;нет;https://static.tildacdn.com/stor6333-3538-4938-a639-386139393031/48003288.png;http://carshine26.ru/osushiteli-kuzova/tproduct/970456003982-deteiler-sprei-s-karnauboi-leraton-s2-47
Осушители кузова (воски);Leraton;Синтетический детейлер-спрей LERATON S4 ORIGINAL 473мл;430;;нет;https://static.tildacdn.com/stor3563-3735-4531-a135-326336393465/77351224.png;http://carshine26.ru/osushiteli-kuzova/tproduct/198000849482-sinteticheskii-deteiler-sprei-leraton-s4
Осушители кузова (воски);Leraton;Полирующий нановоск LERATON C1 (473 мл.);630;;нет;https://static.tildacdn.com/stor6533-3161-4336-b538-373238303736/42352552.png;http://carshine26.ru/osushiteli-kuzova/tproduct/897935126252-poliruyuschii-nanovosk-leraton-c1-473-ml
Осушители кузова (воски);Leraton;Полирующий воск LERATON C1 3,8л;2990;;нет;https://static.tildacdn.com/stor3163-3530-4534-b161-333732366165/72829876.png;http://carshine26.ru/osushiteli-kuzova/tproduct/679514710572-poliruyuschii-vosk-leraton-c1-38l
Осушители кузова (воски);Leraton;Воск для быстрой сушки LERATON C2 473мл.;530;;нет;https://static.tildacdn.com/stor3239-6637-4132-a231-653363326432/11567227.png;http://carshine26.ru/osushiteli-kuzova/tproduct/663565468732-vosk-dlya-bistroi-sushki-leraton-c2-473m
Осушители кузова (воски);Leraton;Воск для быстрой сушки LERATON C2 3,8л;1890;;нет;https://static.tildacdn.com/stor3539-3038-4332-b064-663930343163/91902804.png;http://carshine26.ru/osushiteli-kuzova/tproduct/531480567542-vosk-dlya-bistroi-sushki-leraton-c2-38l
Осушители кузова (воски);Leraton;Водоотталкивающий воск LERATON C3 473мл;430;;нет;https://static.tildacdn.com/stor3163-3230-4066-b538-326334663134/11254468.png;http://carshine26.ru/osushiteli-kuzova/tproduct/598739046862-vodoottalkivayuschii-vosk-leraton-c3-473
Осушители кузова (воски);Leraton;Водоотталкивающий воск LERATON C3 3,8л;1590;;нет;https://static.tildacdn.com/stor3036-3339-4430-b665-353034366263/78362046.png;http://carshine26.ru/osushiteli-kuzova/tproduct/472842904592-vodoottalkivayuschii-vosk-leraton-c3-38l
Осушители кузова (воски);Leraton;Горячий воск LERATON C4 473 мл.;570;;нет;https://static.tildacdn.com/stor6436-6661-4136-b464-333563376566/17311371.png;http://carshine26.ru/osushiteli-kuzova/tproduct/816387026712-goryachii-vosk-leraton-c4-473-ml
Осушители кузова (воски);Foam Heroes;Foam Heroes Silk Finish квик-детейлер для экстерьера по мотивам Aventus, 500мл;555;;нет;https://static.tildacdn.com/stor6337-3131-4335-b038-653862323736/65805688.webp;http://carshine26.ru/osushiteli-kuzova/tproduct/785620265992-foam-heroes-silk-finish-kvik-deteiler-dl
Осушители кузова (воски);Foam Heroes;Foam Heroes Silk Finish квик-детейлер для экстерьера морковный фреш, 500мл;555;;нет;https://static.tildacdn.com/stor3761-3265-4264-b233-336133313931/87943752.webp;http://carshine26.ru/osushiteli-kuzova/tproduct/386032380842-foam-heroes-silk-finish-kvik-deteiler-dl
Осушители кузова (воски);Foam Heroes;Foam Heroes Mad Drops Raspberry быстрое гидрофобное покрытие для ЛКП, 500мл;795;;нет;https://static.tildacdn.com/stor3037-3566-4336-b163-613736303838/81499419.webp;http://carshine26.ru/osushiteli-kuzova/tproduct/457944315272-foam-heroes-mad-drops-raspberry-bistroe
Осушители кузова (воски);Foam Heroes;Foam Heroes Mad Drops Candy быстрое гидрофобное покрытие для ЛКП, 500мл;795;;нет;https://static.tildacdn.com/stor3638-3735-4666-a463-303964623065/86022001.webp;http://carshine26.ru/osushiteli-kuzova/tproduct/918981613302-foam-heroes-mad-drops-candy-bistroe-gidr
Осушители кузова (воски);Foam Heroes;Foam Heroes Mad Drops Candy быстрое гидрофобное покрытие для ЛКП, 3л;3545;;нет;https://static.tildacdn.com/stor3132-6163-4137-b539-366564343435/65089531.webp;http://carshine26.ru/osushiteli-kuzova/tproduct/484255933362-foam-heroes-mad-drops-candy-bistroe-gidr
Осушители кузова (воски);Foam Heroes;Foam Heroes Mad Drops Raspberry быстрое гидрофобное покрытие для ЛКП, 3л;3595;;нет;https://static.tildacdn.com/stor3064-3162-4638-a562-613936623038/53941857.webp;http://carshine26.ru/osushiteli-kuzova/tproduct/323514201402-foam-heroes-mad-drops-raspberry-bistroe
Полировальный пасты для ЛКП;Koch Chemie;Koch Chemie SCHLEIFPASTE H7.01 - Шлифовальная паста без силикона (1 л);3250;;нет;https://static.tildacdn.com/stor6235-6237-4061-b465-636530663732/87816111.webp;http://carshine26.ru/abrazivnye-pasty-dlya-lkp/tproduct/538790474242-koch-chemie-schleifpaste-h701-shlifovaln
Полировальный пасты для ЛКП;Koch Chemie;Koch Chemie HEAVY CUT H8.02 (1л) - Шлифовальная паста;4550;;нет;https://static.tildacdn.com/stor3963-3162-4938-b931-323930663133/72673787.webp;http://carshine26.ru/abrazivnye-pasty-dlya-lkp/tproduct/399842133062-koch-chemie-heavy-cut-h802-1l-shlifovaln
Полировальный пасты для ЛКП;Koch Chemie;Koch Chemie HEAVY CUT H8.02 (250мл) - Шлифовальная паста Абразивная полировальная паста;1550;;нет;https://static.tildacdn.com/stor3031-3434-4764-b731-643666323731/53931463.webp;http://carshine26.ru/abrazivnye-pasty-dlya-lkp/tproduct/916843985412-koch-chemie-heavy-cut-h802-250ml-shlifov
Полировальный пасты для ЛКП;Koch Chemie;Koch Chemie HEAVY CUT H9.02 (1л) - Абразивная полировальная паста для твёрдых лаков;5200;;нет;https://static.tildacdn.com/stor6239-6133-4633-a665-316464336363/38444434.webp;http://carshine26.ru/abrazivnye-pasty-dlya-lkp/tproduct/634015361222-koch-chemie-heavy-cut-h902-1l-abrazivnay
Полировальный пасты для ЛКП;Koch Chemie;Koch Chemie HEAVY CUT H9.02 (250мл) - Абразивная полировальная паста для твёрдых лаков;1650;;нет;https://static.tildacdn.com/stor3965-6266-4366-a164-653465346133/30083035.webp;http://carshine26.ru/abrazivnye-pasty-dlya-lkp/tproduct/204726909632-koch-chemie-heavy-cut-h902-250ml-abraziv
Полировальный пасты для ЛКП;Koch Chemie;Koch Chemie FEINSCHLEIFPASTE F5.01 - Шлифовальная паста без силикона (1 л);3900;;нет;https://static.tildacdn.com/stor3836-3337-4566-b362-373663616435/36464388.webp;http://carshine26.ru/abrazivnye-pasty-dlya-lkp/tproduct/637199529352-koch-chemie-feinschleifpaste-f501-shlifo
Полировальный пасты для ЛКП;Koch Chemie;Koch Chemie FINE CUT F6.01 (1л) - Мелкозернистая абразивная полировальная паста;4650;;нет;https://static.tildacdn.com/stor3930-3834-4139-a536-663862303165/12348848.webp;http://carshine26.ru/abrazivnye-pasty-dlya-lkp/tproduct/491408553622-koch-chemie-fine-cut-f601-1l-melkozernis
Полировальный пасты для ЛКП;Koch Chemie;Koch Chemie FINE CUT F6.01(250мл) - Мелкозернистая абразивная полировальная паста;1550;;нет;https://static.tildacdn.com/stor3066-3333-4530-a462-363931666339/75129998.webp;http://carshine26.ru/abrazivnye-pasty-dlya-lkp/tproduct/410448435452-koch-chemie-fine-cut-f601250ml-melkozern
Полировальный пасты для ЛКП;Koch Chemie;"Koch Chemie ONE CUT &amp; FINISH P6.02(1л) - Одношаговая полировальная паста с защитным эффектом";5550;;нет;https://static.tildacdn.com/stor6330-3538-4235-a339-313364386661/7958d467fd1114ae2e292e712cffc9dd.png;http://carshine26.ru/abrazivnye-pasty-dlya-lkp/tproduct/859319355582-koch-chemie-one-cut-amp-finish-p6021l-od
Полировальный пасты для ЛКП;Koch Chemie;"Koch Chemie ONE CUT &amp; FINISH P6.01(250мл) - Одношаговая полировальная паста с защитным эффектом";1500;;нет;https://static.tildacdn.com/stor3866-3765-4264-b737-396661613564/65053583.webp;http://carshine26.ru/abrazivnye-pasty-dlya-lkp/tproduct/933944596422-koch-chemie-one-cut-amp-finish-p601250ml
Полировальный пасты для ЛКП;Koch Chemie;"Koch Chemie One Cut &amp; Finish P6.02 (250мл) - Высокоглянцевая полировальная паста с герметизирующим эффектом";1850;;нет;https://static.tildacdn.com/stor3963-3333-4531-b731-373531663634/94811680.webp;http://carshine26.ru/abrazivnye-pasty-dlya-lkp/tproduct/896960929642-koch-chemie-one-cut-amp-finish-p602-250m
Полировальный пасты для ЛКП;Koch Chemie;"Koch Chemie MICRO CUT &amp; FINISH P3.01(1л) - Антиголограммная финишная абразивная паста с воском карнауба";5200;;нет;https://static.tildacdn.com/stor3865-6464-4161-a131-353831376162/80441358.png;http://carshine26.ru/abrazivnye-pasty-dlya-lkp/tproduct/795315839852-koch-chemie-micro-cut-amp-finish-p3011l
Полировальный пасты для ЛКП;Koch Chemie;"Koch Chemie MICRO CUT &amp; FINISH P3.01(250мл) - Антиголограммная финишная абразивная паста с воском карнауба";1700;;нет;https://static.tildacdn.com/stor3733-6636-4437-b163-363661303161/56724708.webp;http://carshine26.ru/abrazivnye-pasty-dlya-lkp/tproduct/327247948352-koch-chemie-micro-cut-amp-finish-p301250
Осушители кузова (воски);MA-FRA;MA-FRA Защитная полироль для ЛКП METAL CAR (spray) 500мл;790;;нет;https://static.tildacdn.com/stor3131-3437-4261-b330-356434303638/55782858.png;http://carshine26.ru/osushiteli-kuzova/tproduct/248619428952-ma-fra-zaschitnaya-polirol-dlya-lkp-meta
Осушители кузова (воски);Koch Chemie;Koch Chemie Консервирующий воск Protector Wax 1л;2700;;нет;https://static.tildacdn.com/stor3565-6433-4530-a330-393066376135/23524602.png;http://carshine26.ru/osushiteli-kuzova/tproduct/108015761722-koch-chemie-konserviruyuschii-vosk-prote
Осушители кузова (воски);Koch Chemie;Koch Chemie Силиконовый полимер-консервант Hartwachs BMP SO.01 1л;1900;;нет;https://static.tildacdn.com/stor6666-3430-4033-b236-633630633062/41545314.png;http://carshine26.ru/osushiteli-kuzova/tproduct/928679223902-koch-chemie-silikonovii-polimer-konserva
Осушители кузова (воски);FIREBALL;FIREBALL Легкое кварцевое покрытие SiO2 Pirouette;1990;;нет;https://static.tildacdn.com/stor3136-6236-4932-b137-396333393234/93122973.png;http://carshine26.ru/osushiteli-kuzova/tproduct/640710122442-fireball-legkoe-kvartsevoe-pokritie-sio2
Осушители кузова (воски);FIREBALL;FIREBALL mini Легкое кварцевое покрытие SiO2 Pirouette, 100мл;665;;нет;https://static.tildacdn.com/stor3939-6266-4230-a365-366563653734/42475456.png;http://carshine26.ru/osushiteli-kuzova/tproduct/689913469712-fireball-mini-legkoe-kvartsevoe-pokritie
Осушители кузова (воски);BINDER;BINDER Супергидрофобное кварцевое покрытие Premium Hydrophobic Wax 500мл;1290;;нет;https://static.tildacdn.com/stor6230-3030-4165-b732-636236333165/84963477.png;http://carshine26.ru/osushiteli-kuzova/tproduct/296336351102-binder-supergidrofobnoe-kvartsevoe-pokri
Осушители кузова (воски);BINDER;BINDER Синтетический жидкий воск с антистатиком Premium Slick Wax 500мл;940;;нет;https://static.tildacdn.com/stor6431-6230-4364-a662-613963613432/62926735.png;http://carshine26.ru/osushiteli-kuzova/tproduct/978428049642-binder-sinteticheskii-zhidkii-vosk-s-ant
Осушители кузова (воски);FIREBALL;FIREBALL Керамический силант GRACE SiO2 500мл;1995;;нет;https://static.tildacdn.com/stor3461-3534-4031-a431-353262363639/10212673.png;http://carshine26.ru/osushiteli-kuzova/tproduct/408789157032-fireball-keramicheskii-silant-grace-sio2
Осушители кузова (воски);FIREBALL;FIREBALL mini Керамический силант GRACE SiO2, 100мл;645;;нет;https://static.tildacdn.com/stor3663-3739-4166-b035-373464373565/47620301.png;http://carshine26.ru/osushiteli-kuzova/tproduct/388272059182-fireball-mini-keramicheskii-silant-grace
Осушители кузова (воски);FIREBALL;FIREBALL Ультраконцентрат моментального гидрофоба c SiO2 Easy Coat Extra 1:25, 100 мл;1260;;нет;https://static.tildacdn.com/stor6337-6634-4266-b032-383436646462/91429994.png;http://carshine26.ru/osushiteli-kuzova/tproduct/460168485362-fireball-ultrakontsentrat-momentalnogo-g
Осушители кузова (воски);FIREBALL;FIREBALL Ультраконцентрат моментального гидрофоба c SiO2 Easy Coat Extra 1:25, 500 мл;4380;;нет;https://static.tildacdn.com/stor3937-6236-4664-a265-303137623431/27522968.png;http://carshine26.ru/osushiteli-kuzova/tproduct/942782912202-fireball-ultrakontsentrat-momentalnogo-g
Осушители кузова (воски);Leraton;Быстрый блеск LERATON S1 473мл;690;;нет;https://static.tildacdn.com/stor3339-3838-4334-b863-336266383038/57125052.png;http://carshine26.ru/osushiteli-kuzova/tproduct/357077914152-bistrii-blesk-leraton-s1-473ml
Осушители кузова (воски);CarPro;CarPro Сухая мойка без воды EcH2O (концентрат) 500мл;1626;;нет;https://static.tildacdn.com/stor6338-3739-4737-b039-656234626637/13786732.png;http://carshine26.ru/osushiteli-kuzova/tproduct/535820126972-carpro-suhaya-moika-bez-vodi-ech2o-konts
Осушители кузова (воски);CarPro;CarPro Сухая мойка без воды EcH2O (концентрат) 1000мл;2623;;нет;https://static.tildacdn.com/stor6163-3834-4561-b462-613134646634/46689831.png;http://carshine26.ru/osushiteli-kuzova/tproduct/540733198452-carpro-suhaya-moika-bez-vodi-ech2o-konts
Осушители кузова (воски);CarPro;CarPro Легкое кварцевое покрытие ReLoad 100мл;1256;;нет;https://static.tildacdn.com/stor3936-3264-4265-b931-303365393364/80632046.png;http://carshine26.ru/osushiteli-kuzova/tproduct/867132335762-carpro-legkoe-kvartsevoe-pokritie-reload
Осушители кузова (воски);CarPro;CarPro Моментальный гидрофоб (концентрат) HydrO2 100мл;2537;;нет;https://static.tildacdn.com/stor3765-3135-4936-b936-386434323237/65054037.png;http://carshine26.ru/osushiteli-kuzova/tproduct/842407547512-carpro-momentalnii-gidrofob-kontsentrat
Осушители кузова (воски);GYEON;GYEON Кварцевый усилитель гидрофобных свойств Q2M Wet Coat 500мл;1850;;нет;https://static.tildacdn.com/stor3534-3739-4138-a366-353431393163/13499128.png;http://carshine26.ru/osushiteli-kuzova/tproduct/796300186792-gyeon-kvartsevii-usilitel-gidrofobnih-sv
Осушители кузова (воски);ZviZZer;ZviZZer Высокоэффективный спрей-силант Wet Coat 500мл;1950;;нет;https://static.tildacdn.com/stor6233-3461-4336-a164-346131373861/31146909.png;http://carshine26.ru/osushiteli-kuzova/tproduct/750953885572-zvizzer-visokoeffektivnii-sprei-silant-w
Осушители кузова (воски);Meguiar's;Meguiar's Гибридный керамический воск Hybrid Ceramic Wax 770мл;3500;;нет;https://static.tildacdn.com/stor6636-3835-4730-a234-666130313730/71628158.png;http://carshine26.ru/osushiteli-kuzova/tproduct/433139104122-meguiars-gibridnii-keramicheskii-vosk-hy
Осушители кузова (воски);3D;3D Спрей-детейлер «Последний штрих» Final Touch 0,48л;1499;;нет;https://static.tildacdn.com/stor3738-3762-4137-b462-363138356632/10441653.png;http://carshine26.ru/osushiteli-kuzova/tproduct/228319674912-3d-sprei-deteiler-poslednii-shtrih-final
Осушители кузова (воски);3D;3D Спрей для детейлинга без силикона для ЛКП Spray Detailer 0,48л;1449;;нет;https://static.tildacdn.com/stor3334-6464-4562-b037-376563636264/85412139.png;http://carshine26.ru/osushiteli-kuzova/tproduct/422768080782-3d-sprei-dlya-deteilinga-bez-silikona-dl
Осушители кузова (воски);3D;3D Полимерное покрытие Bead it Up 0,473мл;2099;;нет;https://static.tildacdn.com/stor3232-3165-4031-b965-376636616133/92019743.png;http://carshine26.ru/osushiteli-kuzova/tproduct/893156935532-3d-polimernoe-pokritie-bead-it-up-0473ml
Осушители кузова (воски);FIREBALL;FIREBALL Детейлер спрей на основе воска карнаубы с SiO2 Carnauba Spray Wax, 500 мл;1662;;нет;https://static.tildacdn.com/stor6432-3865-4337-b036-353634343136/69219184.png;http://carshine26.ru/osushiteli-kuzova/tproduct/797801569812-fireball-deteiler-sprei-na-osnove-voska
Осушители кузова (воски);FIREBALL;FIREBALL Керамический жидкий воск SHOW CAR DUKE (graphene), 500мл;2659;;нет;https://static.tildacdn.com/stor3634-3331-4332-b466-363331643436/18935771.png;http://carshine26.ru/osushiteli-kuzova/tproduct/118229529112-fireball-keramicheskii-zhidkii-vosk-show
Осушители кузова (воски);FIREBALL;FIREBALL mini Керамический жидкий воск SHOW CAR DUKE (graphene), 100мл;870;;нет;https://static.tildacdn.com/stor3364-6461-4536-a139-366566393136/97023881.png;http://carshine26.ru/osushiteli-kuzova/tproduct/746659848672-fireball-mini-keramicheskii-zhidkii-vosk
Осушители кузова (воски);Ultra;Консервант поверхностей на основе диоксида кремния Ultra MIZU Coat 500мл;1650;;нет;https://static.tildacdn.com/stor3332-3335-4236-a337-366530396234/12378226.png;http://carshine26.ru/osushiteli-kuzova/tproduct/538014885842-konservant-poverhnostei-na-osnove-dioksi
Осушители кузова (воски);Detail;Detail Кварцевое покрытие HW (Hydro Wet Coat) 500мл DT-0104;1050;;нет;https://static.tildacdn.com/stor3365-3431-4531-b136-363165303062/46028681.png;http://carshine26.ru/osushiteli-kuzova/tproduct/250109474812-detail-kvartsevoe-pokritie-hw-hydro-wet
Осушители кузова (воски);Detail;Detail Кварцевое покрытие HW (Hydro Wet Coat) 250мл DT-0186;600;;нет;https://static.tildacdn.com/stor3835-3861-4339-a566-306565373734/33917195.png;http://carshine26.ru/osushiteli-kuzova/tproduct/281482615722-detail-kvartsevoe-pokritie-hw-hydro-wet
Очистители битума, смол, клея;Leraton;Очиститель клея и граффити LERATON G10 473мл;530;;нет;https://static.tildacdn.com/stor3365-3637-4834-a166-306637616361/78375714.png;http://carshine26.ru/ochistiteli-bituma-smol-kleya/tproduct/304745318322-ochistitel-kleya-i-graffiti-leraton-g10
Очистители битума, смол, клея;Leraton;Удалитель битума LERATON G2 473 мл.;630;;нет;https://static.tildacdn.com/stor3961-6164-4638-b962-346661663662/42221374.png;http://carshine26.ru/ochistiteli-bituma-smol-kleya/tproduct/363910985592-udalitel-bituma-leraton-g2-473-ml
Очистители битума, смол, клея;Leraton;Очиститель битума LERATON G2 3,8л;3490;;нет;https://static.tildacdn.com/stor6539-3639-4066-a664-376339333034/30263257.png;http://carshine26.ru/ochistiteli-bituma-smol-kleya/tproduct/445239986222-ochistitel-bituma-leraton-g2-38l
Очистители битума, смол, клея;Leraton;Очиститель битума LERATON G2 1л;890;;нет;https://static.tildacdn.com/stor3239-3236-4463-a233-353530663034/13505160.png;http://carshine26.ru/ochistiteli-bituma-smol-kleya/tproduct/379487061682-ochistitel-bituma-leraton-g2-1l
Очистители битума, смол, клея;Smart Open;Smart Open Деликатный очиститель битума, смолы и реагента Clean Excess 500мл;650;;нет;https://static.tildacdn.com/stor6662-3236-4965-a231-333934393837/38027633.png;http://carshine26.ru/ochistiteli-bituma-smol-kleya/tproduct/536028464472-smart-open-delikatnii-ochistitel-bituma
Очистители битума, смол, клея;Smart Open;Smart Open Деликатный очиститель битума, смолы и реагента Clean Excess 5л;3800;;нет;https://static.tildacdn.com/stor6564-6364-4961-b666-653562333138/80993665.png;http://carshine26.ru/ochistiteli-bituma-smol-kleya/tproduct/891443025682-smart-open-delikatnii-ochistitel-bituma
Очистители битума, смол, клея;Detail;Detail Антибитум BT (Bitum) 1л DT-0180;1500;;нет;https://static.tildacdn.com/stor3962-6231-4135-b833-333034643963/13098486.png;http://carshine26.ru/ochistiteli-bituma-smol-kleya/tproduct/418107738112-detail-antibitum-bt-bitum-1l-dt-0180
Очистители битума, смол, клея;Detail;Detail Антибитум BT (Bitum) 5л DT-0129;5050;;нет;https://static.tildacdn.com/stor6336-3737-4666-b337-633862306232/66958354.png;http://carshine26.ru/ochistiteli-bituma-smol-kleya/tproduct/496473005122-detail-antibitum-bt-bitum-5l-dt-0129
Очистители битума, смол, клея;Foam Heroes;Foam Heroes Tar Spirit очиститель битума, смолы и дорожного реагента, 500мл;675;;нет;https://static.tildacdn.com/stor3864-3862-4266-b931-366162316238/25329269.png;http://carshine26.ru/ochistiteli-bituma-smol-kleya/tproduct/952334677852-foam-heroes-tar-spirit-ochistitel-bituma
Очистители битума, смол, клея;Foam Heroes;Foam Heroes Tar Spirit очиститель битума, смолы и дорожного реагента, 3л;2995;;нет;https://static.tildacdn.com/stor6565-3962-4466-a331-323431323633/23904425.png;http://carshine26.ru/ochistiteli-bituma-smol-kleya/tproduct/552656445762-foam-heroes-tar-spirit-ochistitel-bituma
Очистители битума, смол, клея;Foam Heroes;Foam Heroes Orange Spirit цитрусовый очиститель, 100мл;395;;нет;https://static.tildacdn.com/stor3031-6433-4561-b438-333863346162/32225809.png;http://carshine26.ru/ochistiteli-bituma-smol-kleya/tproduct/742083787902-foam-heroes-orange-spirit-tsitrusovii-oc
Очистители битума, смол, клея;Foam Heroes;Foam Heroes Orange Spirit цитрусовый очиститель, 500мл;1495;;нет;https://static.tildacdn.com/stor3330-6435-4230-b936-333363316631/12873399.png;http://carshine26.ru/ochistiteli-bituma-smol-kleya/tproduct/332927295712-foam-heroes-orange-spirit-tsitrusovii-oc
Очистители битума, смол, клея;Leraton;Апельсиновый очиститель LERATON G4 200мл;790;;нет;https://static.tildacdn.com/stor3865-3535-4833-b263-633231383933/73145806.png;http://carshine26.ru/ochistiteli-bituma-smol-kleya/tproduct/630175311942-apelsinovii-ochistitel-leraton-g4-200ml
Очистители битума, смол, клея;Leraton;Апельсиновый очиститель LERATON G4 473мл;1650;;нет;https://static.tildacdn.com/stor6266-6237-4061-b231-633165336631/90513989.png;http://carshine26.ru/ochistiteli-bituma-smol-kleya/tproduct/536545364722-apelsinovii-ochistitel-leraton-g4-473ml
Очистители битума, смол, клея;Smart Open;Smart Open Очиститель устойчивых загрязнений с экстрактом апельсина Orange King 100мл;450;;нет;https://static.tildacdn.com/stor3361-6636-4931-a433-666134396263/80015195.png;http://carshine26.ru/ochistiteli-bituma-smol-kleya/tproduct/142820769772-smart-open-ochistitel-ustoichivih-zagrya
Очистители битума, смол, клея;Koch Chemie;Koch Chemie Пятновыводитель наружного применения Orange Power 1л;3300;;нет;https://static.tildacdn.com/stor3466-3866-4837-a633-383361393434/93574001.png;http://carshine26.ru/ochistiteli-bituma-smol-kleya/tproduct/598501123662-koch-chemie-pyatnovivoditel-naruzhnogo-p
Очистители битума, смол, клея;Koch Chemie;Koch Chemie Очиститель смолы и битума TeerWasche A 1л;1400;;нет;https://static.tildacdn.com/stor3935-3732-4339-b964-643438393834/12434186.png;http://carshine26.ru/ochistiteli-bituma-smol-kleya/tproduct/327501265652-koch-chemie-ochistitel-smoli-i-bituma-te
Очистители битума, смол, клея;FIREBALL;FIREBALL Очиститель битума, клея, разметки Tar Remover, 500 мл;1995;;нет;https://static.tildacdn.com/stor3734-3630-4439-b661-646663613235/29273323.png;http://carshine26.ru/ochistiteli-bituma-smol-kleya/tproduct/856212512322-fireball-ochistitel-bituma-kleya-razmetk
Очистители битума, смол, клея;CarPro;CarPro Очиститель металлических вкраплений и битума TriX 500мл;2499;;нет;https://static.tildacdn.com/stor6534-3130-4631-b737-366339386239/85691087.png;http://carshine26.ru/ochistiteli-bituma-smol-kleya/tproduct/378895130222-carpro-ochistitel-metallicheskih-vkraple
Очистители битума, смол, клея;CarPro;CarPro Очиститель битума TarX 500мл;2142;;нет;https://static.tildacdn.com/stor6535-3935-4965-a332-636230336166/50314754.png;http://carshine26.ru/ochistiteli-bituma-smol-kleya/tproduct/684780088132-carpro-ochistitel-bituma-tarx-500ml
Очистители битума, смол, клея;CarPro;CarPro Очиститель металлических вкраплений и битума TriX 100мл;779;;нет;https://static.tildacdn.com/stor3133-6562-4439-b232-313566643964/46107154.png;http://carshine26.ru/ochistiteli-bituma-smol-kleya/tproduct/762555862482-carpro-ochistitel-metallicheskih-vkraple
Очистители битума, смол, клея;3D;3D Удалитель битума и других липких веществ Gum and Tar Remover 0,48л;2449;;нет;https://static.tildacdn.com/stor6334-6236-4464-a334-383135356364/83107122.png;http://carshine26.ru/ochistiteli-bituma-smol-kleya/tproduct/238276516342-3d-udalitel-bituma-i-drugih-lipkih-vesch
Очистители битума, смол, клея;;Shine Systems BitumFree - деликатный очиститель битумных пятен и дорожных реагентов, 5 л;3490;;нет;https://static.tildacdn.com/stor3038-3032-4163-a163-613361323439/53286669.png;http://carshine26.ru/ochistiteli-bituma-smol-kleya/tproduct/624584695242-shine-systems-bitumfree-delikatnii-ochis
Очистители битума, смол, клея;;Shine Systems BitumFree - деликатный очиститель битумных пятен и дорожных реагентов, 750 мл;550;;нет;https://static.tildacdn.com/stor3166-3736-4931-a263-396135343530/40290984.png;http://carshine26.ru/ochistiteli-bituma-smol-kleya/tproduct/805513348192-shine-systems-bitumfree-delikatnii-ochis
Очистители дисков, резины и хрома;Leraton;Нейтральный очиститель дисков и кузова (с индикацией) LERATON M2 473мл;530;;нет;https://static.tildacdn.com/stor3838-3663-4062-b432-333838303038/20834520.png;http://carshine26.ru/ochestiteli-diskov-reziny-chroma/tproduct/685867729572-neitralnii-ochistitel-diskov-i-kuzova-s
Очистители дисков, резины и хрома;Leraton;Нейтральный очиститель дисков и кузова (с индикацией) LERATON M2 STRONG 473мл;730;;нет;https://static.tildacdn.com/stor3338-6563-4334-a331-303761663739/36518738.png;http://carshine26.ru/ochestiteli-diskov-reziny-chroma/tproduct/906820015752-neitralnii-ochistitel-diskov-i-kuzova-s
Очистители дисков, резины и хрома;Leraton;Нейтральный очиститель дисков и кузова (с индикацией) LERATON M2 3,8л;2790;;нет;https://static.tildacdn.com/stor6236-3465-4136-b162-363035646638/44009031.png;http://carshine26.ru/ochestiteli-diskov-reziny-chroma/tproduct/360519201302-neitralnii-ochistitel-diskov-i-kuzova-s
Очистители дисков, резины и хрома;Leraton;Нейтральный очиститель дисков и кузова (с индикацией) LERATON M2 1л;890;;нет;https://static.tildacdn.com/stor3963-3337-4665-b639-666332336330/44150110.png;http://carshine26.ru/ochestiteli-diskov-reziny-chroma/tproduct/525010554202-neitralnii-ochistitel-diskov-i-kuzova-s
Очистители дисков, резины и хрома;Leraton;Высококонцентрированный очиститель покрышек и колесных дисков LERATON G11 STRONG 1л;690;;нет;https://static.tildacdn.com/stor3761-6439-4034-a366-376636623933/40384128.png;http://carshine26.ru/ochestiteli-diskov-reziny-chroma/tproduct/546120897982-visokokontsentrirovannii-ochistitel-pokr
Очистители дисков, резины и хрома;Detail;Detail Очиститель резины Soft Cleaner Adapted Series 500мл DT-0519;500;;нет;https://static.tildacdn.com/stor3735-6330-4639-b966-626434373239/55027480.png;http://carshine26.ru/ochestiteli-diskov-reziny-chroma/tproduct/486350164662-detail-ochistitel-rezini-soft-cleaner-ad
Очистители дисков, резины и хрома;Detail;Detail Очиститель дисков Iron Adapted Series 500мл DT-0518;705;;нет;https://static.tildacdn.com/stor6639-3064-4136-a538-353464353934/99838787.png;http://carshine26.ru/ochestiteli-diskov-reziny-chroma/tproduct/851082297162-detail-ochistitel-diskov-iron-adapted-se
Очистители дисков, резины и хрома;Detail;Detail Очиститель дисков IR (Iron) 5л DT-0133;4550;;нет;https://static.tildacdn.com/stor3337-3164-4432-a662-643130336662/75160243.png;http://carshine26.ru/ochestiteli-diskov-reziny-chroma/tproduct/112713586192-detail-ochistitel-diskov-ir-iron-5l-dt-0
Очистители дисков, резины и хрома;Smart Open;Smart Open Нейтральный очиститель дисков и кузова с индикатором Metal Color 500мл;590;;нет;https://static.tildacdn.com/stor3863-3939-4939-b139-646261373262/51784484.png;http://carshine26.ru/ochestiteli-diskov-reziny-chroma/tproduct/985896400922-smart-open-neitralnii-ochistitel-diskov
Очистители дисков, резины и хрома;Smart Open;Smart Open Нейтральный очиститель дисков и кузова с индикатором Metal Color 5л;4350;;нет;https://static.tildacdn.com/stor3563-6466-4636-b537-386232306639/30854956.png;http://carshine26.ru/ochestiteli-diskov-reziny-chroma/tproduct/295377250132-smart-open-neitralnii-ochistitel-diskov
Очистители дисков, резины и хрома;Smart Open;Smart Open Нейтральный очиститель дисков и кузова с индикатором Metal Color 1л;1000;;нет;https://static.tildacdn.com/stor6665-6636-4961-a338-346262303063/78171613.png;http://carshine26.ru/ochestiteli-diskov-reziny-chroma/tproduct/229394223152-smart-open-neitralnii-ochistitel-diskov
Очистители дисков, резины и хрома;Smart Open;Smart Open Сильнокислотный очиститель неорганических загрязнений Acid Clean 1л;890;;нет;https://static.tildacdn.com/stor3461-3838-4162-a662-393937653664/84030106.png;http://carshine26.ru/ochestiteli-diskov-reziny-chroma/tproduct/117655516042-smart-open-silnokislotnii-ochistitel-neo
Очистители дисков, резины и хрома;Foam Heroes;Foam Heroes Double Iron очиститель металлических вкраплений, 500мл;655;;нет;https://static.tildacdn.com/stor3466-3338-4834-b433-613234613163/71876107.png;http://carshine26.ru/ochestiteli-diskov-reziny-chroma/tproduct/449001176952-foam-heroes-double-iron-ochistitel-metal
Очистители дисков, резины и хрома;Foam Heroes;Foam Heroes Double Iron очиститель металлических вкраплений, 3л;2545;;нет;https://static.tildacdn.com/stor3031-6431-4835-b935-303564356665/99043468.png;http://carshine26.ru/ochestiteli-diskov-reziny-chroma/tproduct/284980705612-foam-heroes-double-iron-ochistitel-metal
Очистители дисков, резины и хрома;Foam Heroes;Foam Heroes PRO T1000 удалитель металлических вкраплений, 5л;3795;;нет;https://static.tildacdn.com/stor6238-3337-4662-b539-646162373135/64962638.png;http://carshine26.ru/ochestiteli-diskov-reziny-chroma/tproduct/978227563472-foam-heroes-pro-t1000-udalitel-metallich
Очистители дисков, резины и хрома;FURY'S;FURY'S Liquid8 Очиститель шин и дисков с индикатором 500 мл;690;;нет;https://static.tildacdn.com/stor3836-3731-4033-b831-613837303862/36442354.png;http://carshine26.ru/ochestiteli-diskov-reziny-chroma/tproduct/748558640772-furys-liquid8-ochistitel-shin-i-diskov-s
Очистители дисков, резины и хрома;FURY'S;FURY'S LIQUID8 Очиститель шин и дисков с индикатором 2л;1990;;нет;https://static.tildacdn.com/stor6231-3965-4433-a661-313631316566/61749717.png;http://carshine26.ru/ochestiteli-diskov-reziny-chroma/tproduct/603642248022-furys-liquid8-ochistitel-shin-i-diskov-s
Очистители дисков, резины и хрома;FIREBALL;"FIREBALL Очиститель шин, резины, арок и колесных дисков Wheel &amp; Tire";1165;;нет;https://static.tildacdn.com/stor3038-3538-4964-b830-303266373766/57599465.png;http://carshine26.ru/ochestiteli-diskov-reziny-chroma/tproduct/445668969172-fireball-ochistitel-shin-rezini-arok-i-k
Очистители дисков, резины и хрома;BINDER;BINDER Очиститель резины и дисков 2в1 с индикатором Extreme Wheel Cleaner+ (pH 8,5) 500мл;1160;;нет;https://static.tildacdn.com/stor3034-6466-4065-a436-633934613034/21727520.png;http://carshine26.ru/ochestiteli-diskov-reziny-chroma/tproduct/892882721102-binder-ochistitel-rezini-i-diskov-2v1-s
Очистители дисков, резины и хрома;FIREBALL;FIREBALL Очиститель металлических вкраплений Iron Burn PH7,5;1665;;нет;https://static.tildacdn.com/stor3265-6137-4566-a532-626636323662/85460177.png;http://carshine26.ru/ochestiteli-diskov-reziny-chroma/tproduct/178914877832-fireball-ochistitel-metallicheskih-vkrap
Очистители дисков, резины и хрома;3D;3D Удалитель тормозной пыли и жирных пятен c покрышек Yellow Degreaser 0,48л;1299;;нет;https://static.tildacdn.com/stor3063-6338-4336-b133-323733613235/93072623.png;http://carshine26.ru/ochestiteli-diskov-reziny-chroma/tproduct/869201137292-3d-udalitel-tormoznoi-pili-i-zhirnih-pya
Очистители дисков, резины и хрома;Foam Heroes;Foam Heroes Pure Wheels+ концентрат очистителя шин и дисков, 500мл;595;;нет;https://static.tildacdn.com/stor3361-6661-4134-b737-643862333065/45421381.png;http://carshine26.ru/ochestiteli-diskov-reziny-chroma/tproduct/969818748162-foam-heroes-pure-wheels-kontsentrat-ochi
Очистители дисков, резины и хрома;Foam Heroes;Foam Heroes Pure Wheels+ концентрат очистителя шин и дисков, 3л;2395;;нет;https://static.tildacdn.com/stor3336-6262-4264-a439-376435303466/80005220.png;http://carshine26.ru/ochestiteli-diskov-reziny-chroma/tproduct/438068910522-foam-heroes-pure-wheels-kontsentrat-ochi
Очистители дисков, резины и хрома;Foam Heroes;Foam Heroes Pure Wheels концентрированный очиститель шин и дисков, 500мл;495;;нет;https://static.tildacdn.com/stor3736-6331-4131-b339-636466633163/24164716.png;http://carshine26.ru/ochestiteli-diskov-reziny-chroma/tproduct/775769182882-foam-heroes-pure-wheels-kontsentrirovann
Очистители дисков, резины и хрома;Foam Heroes;Foam Heroes Pure Wheels концентрированный очиститель шин и дисков, 3л;1995;;нет;https://static.tildacdn.com/stor6436-3531-4166-a461-306335366261/18263908.png;http://carshine26.ru/ochestiteli-diskov-reziny-chroma/tproduct/516993895512-foam-heroes-pure-wheels-kontsentrirovann
Очистители дисков, резины и хрома;CarPro;CarPro Очиститель металлических вкраплений IronX Cherry 500мл;1939;;нет;https://static.tildacdn.com/stor3563-3435-4437-a631-653434316365/72355387.png;http://carshine26.ru/ochestiteli-diskov-reziny-chroma/tproduct/610671637192-carpro-ochistitel-metallicheskih-vkraple
Очистители дисков, резины и хрома;CarPro;CarPro Очиститель металлических вкраплений IronX LS;2199;;нет;https://static.tildacdn.com/stor3336-3234-4765-b535-386264663165/13934430.png;http://carshine26.ru/ochestiteli-diskov-reziny-chroma/tproduct/984549307022-carpro-ochistitel-metallicheskih-vkraple
Очистители дисков, резины и хрома;CarPro;CarPro Очиститель резины ReTyre 500мл;1479;;нет;https://static.tildacdn.com/stor6165-3539-4533-b632-613432613230/79414936.png;http://carshine26.ru/ochestiteli-diskov-reziny-chroma/tproduct/937899036452-carpro-ochistitel-rezini-retyre-500ml
Осушители кузова (воски);Foam Heroes;Foam Heroes Blaze Booster Mango керамический детейлер-спрей, 500мл;755;;нет;https://static.tildacdn.com/stor3464-6334-4330-b739-356463346436/33131269.png;http://carshine26.ru/osushiteli-kuzova/tproduct/796070273682-foam-heroes-blaze-booster-mango-keramich
Осушители кузова (воски);Foam Heroes;Foam Heroes Blaze Booster Сherry Bone керамический детейлер-спрей, 500мл;755;;нет;https://static.tildacdn.com/stor3339-3561-4364-a432-333163336666/60316157.png;http://carshine26.ru/osushiteli-kuzova/tproduct/302473238752-foam-heroes-blaze-booster-sherry-bone-ke
Осушители кузова (воски);Foam Heroes;Foam Heroes Blaze Booster Mango керамический детейлер-спрей, 3л;3495;;нет;https://static.tildacdn.com/stor3465-6564-4735-a634-623234646365/50391256.png;http://carshine26.ru/osushiteli-kuzova/tproduct/344350357222-foam-heroes-blaze-booster-mango-keramich
Осушители кузова (воски);Foam Heroes;Foam Heroes Blaze Booster Сherry Bone керамический детейлер-спрей, 3л;3495;;нет;https://static.tildacdn.com/stor3733-6531-4665-b661-613663333537/34271281.png;http://carshine26.ru/osushiteli-kuzova/tproduct/180629416552-foam-heroes-blaze-booster-sherry-bone-ke
Очистители дисков, резины и хрома;Koch Chemie;Koch Chemie Полироль для всех металлов Metal polish 75мл;1150;;нет;https://static.tildacdn.com/stor3363-3730-4336-a566-393038373666/27049260.png;http://carshine26.ru/ochestiteli-diskov-reziny-chroma/tproduct/475625259672-koch-chemie-polirol-dlya-vseh-metallov-m
Очистители дисков, резины и хрома;;Autosol Паста для полировки металла Metal Polish 75мл;750;;нет;https://static.tildacdn.com/stor3830-3031-4130-b666-396235396534/36259838.png;http://carshine26.ru/ochestiteli-diskov-reziny-chroma/tproduct/488538050672-autosol-pasta-dlya-polirovki-metalla-met
Очистители дисков, резины и хрома;;Autosol Полироль для хром-пластика М1 75мл;750;;нет;https://static.tildacdn.com/stor3762-6233-4935-b633-316631353830/94982344.png;http://carshine26.ru/ochestiteli-diskov-reziny-chroma/tproduct/366013812242-autosol-polirol-dlya-hrom-plastika-m1-75
Очистители дисков, резины и хрома;;Autosol Полироль для алюминия Aluminium Politur 75мл;750;;нет;https://static.tildacdn.com/stor3833-3564-4466-b561-326261303763/38929443.png;http://carshine26.ru/ochestiteli-diskov-reziny-chroma/tproduct/515834281762-autosol-polirol-dlya-alyuminiya-aluminiu
Очистители дисков, резины и хрома;Leraton;Очиститель покрышек и колесных дисков LERATON G11 473мл;470;;нет;https://static.tildacdn.com/stor3363-3633-4638-a163-366637366637/42985136.png;http://carshine26.ru/ochestiteli-diskov-reziny-chroma/tproduct/523676670952-ochistitel-pokrishek-i-kolesnih-diskov-l
Очистители моторного отсека;Leraton;Очиститель двигателя, диэлектрик LERATON G6 473мл;630;;нет;https://static.tildacdn.com/stor6238-6364-4437-b761-633132356339/67285365.png;http://carshine26.ru/ochestiteli-motornogo-otseka/tproduct/131185549652-ochistitel-dvigatelya-dielektrik-leraton
Очистители моторного отсека;Detail;Detail Очиститель двигателя MT (Motor) 1л DT-0163;1125;;нет;https://static.tildacdn.com/stor3065-3832-4337-b630-323438643631/65826071.png;http://carshine26.ru/ochestiteli-motornogo-otseka/tproduct/294944923792-detail-ochistitel-dvigatelya-mt-motor-1l
Очистители моторного отсека;Detail;Detail Консервант двигателя MC (Motor Concervant) 500мл DT-0137;800;;нет;https://static.tildacdn.com/stor3463-6165-4137-b362-313665373262/11093643.png;http://carshine26.ru/ochestiteli-motornogo-otseka/tproduct/683773579682-detail-konservant-dvigatelya-mc-motor-co
Очистители моторного отсека;Smart Open;Smart Open Высокостойкий консервант двигателя Motor Protector 500мл;500;;нет;https://static.tildacdn.com/stor3865-3563-4239-b538-316363323066/24559317.png;http://carshine26.ru/ochestiteli-motornogo-otseka/tproduct/111476957982-smart-open-visokostoikii-konservant-dvig
Очистители моторного отсека;Foam Heroes;Foam Heroes Hello Motor очиститель двигателя, 500мл;495;;нет;https://static.tildacdn.com/stor6262-6439-4462-b864-343935396266/72594538.png;http://carshine26.ru/ochestiteli-motornogo-otseka/tproduct/719338818822-foam-heroes-hello-motor-ochistitel-dviga
Очистители моторного отсека;Foam Heroes;Foam Heroes Hello Motor очиститель двигателя, 3л;1845;;нет;https://static.tildacdn.com/stor3037-6639-4662-b063-626634353532/76200719.png;http://carshine26.ru/ochestiteli-motornogo-otseka/tproduct/263447365552-foam-heroes-hello-motor-ochistitel-dviga
Очистители моторного отсека;Foam Heroes;Foam Heroes Well Done консервант двигателя, 500мл;555;;нет;https://static.tildacdn.com/stor6462-6161-4031-b765-366165343939/19291065.png;http://carshine26.ru/ochestiteli-motornogo-otseka/tproduct/472750643552-foam-heroes-well-done-konservant-dvigate
Очистители моторного отсека;Foam Heroes;Foam Heroes Well Done консервант двигателя, 3л;1945;;нет;https://static.tildacdn.com/stor6664-3263-4663-a332-663932653532/74453073.png;http://carshine26.ru/ochestiteli-motornogo-otseka/tproduct/494194398652-foam-heroes-well-done-konservant-dvigate
Очистители моторного отсека;MA-FRA;MA-FRA Многоцелевой очиститель-обезжириватель для сложных загрязнений HP 12 500мл;640;;нет;https://static.tildacdn.com/stor3030-3534-4334-b262-303731316532/63630071.png;http://carshine26.ru/ochestiteli-motornogo-otseka/tproduct/385409122812-ma-fra-mnogotselevoi-ochistitel-obezzhir
Очистители моторного отсека;MA-FRA;MA-FRA Многоцелевой очиститель-обезжириватель для сложных загрязнений HP 12 125мл;340;;нет;https://static.tildacdn.com/stor3339-3566-4662-a230-353662323466/29952858.png;http://carshine26.ru/ochestiteli-motornogo-otseka/tproduct/173161402062-ma-fra-mnogotselevoi-ochistitel-obezzhir
Очистители моторного отсека;FURY'S;FURY'S Eco APC Универсальный очиститель, 2Л;1890;;нет;https://static.tildacdn.com/stor3865-6130-4565-b465-393239613361/68989837.png;http://carshine26.ru/ochestiteli-motornogo-otseka/tproduct/729015288532-furys-eco-apc-universalnii-ochistitel-2l
Очистители моторного отсека;FURY'S;FURY'S Eco APC Универсальный очиститель, 500 мл;590;;нет;https://static.tildacdn.com/stor6661-3131-4036-b861-333561616130/87142505.png;http://carshine26.ru/ochestiteli-motornogo-otseka/tproduct/574358495202-furys-eco-apc-universalnii-ochistitel-50
Очистители моторного отсека;FURY'S;FURY'S APC Концентрированный многоцелевой очиститель, 2Л;1790;;нет;https://static.tildacdn.com/stor3030-6238-4332-b262-653835323330/25621760.png;http://carshine26.ru/ochestiteli-motornogo-otseka/tproduct/191268363042-furys-apc-kontsentrirovannii-mnogotselev
Осушители кузова (воски);MA-FRA;MA-FRA Жидкий воск антидождь для экстерьера автомобиля LAST TOUCH EXPRESS 500мл;825;;нет;https://static.tildacdn.com/stor3635-3766-4630-b465-633936363331/22252468.png;http://carshine26.ru/osushiteli-kuzova/tproduct/569044630392-ma-fra-zhidkii-vosk-antidozhd-dlya-ekste
Осушители кузова (воски);MA-FRA;MA-FRA Экспресс-полироль с очищающим эффектом для автомобиля FAST CLEANER 500мл;605;;нет;https://static.tildacdn.com/stor3233-6431-4238-b438-383034366361/44257005.png;http://carshine26.ru/osushiteli-kuzova/tproduct/556548096882-ma-fra-ekspress-polirol-s-ochischayuschi
Осушители кузова (воски);FURY'S;FURY'S Spotter Квик детейлер для экстерьера, 2Л;1390;;нет;https://static.tildacdn.com/stor3161-3865-4337-b535-363535633938/64465427.png;http://carshine26.ru/osushiteli-kuzova/tproduct/634587998192-furys-spotter-kvik-deteiler-dlya-ekstere
Осушители кузова (воски);FURY'S;FURY'S Spotter Квик детейлер для экстерьера, 500 мл;470;;нет;https://static.tildacdn.com/stor6266-6130-4635-b064-393138376536/59669798.png;http://carshine26.ru/osushiteli-kuzova/tproduct/980904263922-furys-spotter-kvik-deteiler-dlya-ekstere
Антидождь;Foam Heroes;Foam Heroes Kickdown антидождь для стекол, 50мл;1195;;нет;https://static.tildacdn.com/stor3562-6637-4663-a632-323030333030/80600892.webp;http://carshine26.ru/antidozhd/tproduct/184897002782-foam-heroes-kickdown-antidozhd-dlya-stek
Полировка стекол;Foam Heroes;Foam Heroes Lime Scrub абразивный очиститель стекол, 100мл;495;;нет;https://static.tildacdn.com/stor3936-6430-4233-b965-326232663231/66602203.webp;http://carshine26.ru/polirovka-stekol/tproduct/402555249012-foam-heroes-lime-scrub-abrazivnii-ochist
Антидождь;Leraton;LERATON U1 - Антидождь для стекол 200мл;370;;нет;https://static.tildacdn.com/stor3365-6466-4263-b866-393264343533/11234921.png;http://carshine26.ru/antidozhd/tproduct/606077506372-leraton-u1-antidozhd-dlya-stekol-200ml
Полировка стекол;Smart Open;Smart Open Абразивный очиститель для стекла Glass Scrub 250мл 1535025;450;;нет;https://static.tildacdn.com/stor3066-3636-4262-a262-646533666333/99744659.png;http://carshine26.ru/polirovka-stekol/tproduct/888360363892-smart-open-abrazivnii-ochistitel-dlya-st
Антидождь;KRYTEX;KRYTEX Защитное гидрофобное покрытие для стекла (антидождь) MEGA Glass 50мл K001G;1750;;нет;https://static.tildacdn.com/stor3234-3261-4839-b361-333938653138/42695309.png;http://carshine26.ru/antidozhd/tproduct/820059576712-krytex-zaschitnoe-gidrofobnoe-pokritie-d
Антидождь;KRYTEX;KRYTEX Защитное гидрофобное покрытие для стекла (антидождь) MEGA GLASS 2.0 (Z) 50мл;2350;;нет;https://static.tildacdn.com/stor3939-3964-4334-a631-333838306662/14492714.jpg;http://carshine26.ru/antidozhd/tproduct/192367809642-krytex-zaschitnoe-gidrofobnoe-pokritie-d
Полировка стекол;OOPSY;OOPSY Паста для глубокой очистки стекла OFR Glass Polish 150 мл R103;1950;R103;нет;https://static.tildacdn.com/stor6339-3865-4238-a135-313965303037/13429412.png;http://carshine26.ru/polirovka-stekol/tproduct/397279916852-oopsy-pasta-dlya-glubokoi-ochistki-stekl
Полировка стекол;FTORSIC;FTORSIC CeOH Ультра-очиститель для стекол 250мл;540;;нет;https://static.tildacdn.com/stor3463-3765-4636-b031-303634356334/46621841.png;http://carshine26.ru/polirovka-stekol/tproduct/116841168862-ftorsic-ceoh-ultra-ochistitel-dlya-steko
Полировка стекол;Meguiar's;Meguiar's Состав для полировки стекол Perfect Clarity Glass Polishing Compound 236мл G8408;1700;;нет;https://static.tildacdn.com/stor3865-3863-4639-b366-313061643933/27228734.png;http://carshine26.ru/polirovka-stekol/tproduct/911610920932-meguiars-sostav-dlya-polirovki-stekol-pe
Антидождь;OOPSY;OOPSY Кварцевая защита Антидождь CRAZY 102 set 50 мл S102;2650;;нет;https://static.tildacdn.com/stor3364-3161-4237-a437-313661363930/73527669.png;http://carshine26.ru/antidozhd/tproduct/296767134862-oopsy-kvartsevaya-zaschita-antidozhd-cra
Антидождь;Smart Open;Smart Open Защитное водоотталкивающее нанопокрытие для стекол (комплект) Glass Box 15GB;1550;;нет;https://static.tildacdn.com/stor3436-6633-4266-b732-343434343761/58409154.png;http://carshine26.ru/antidozhd/tproduct/766461472812-smart-open-zaschitnoe-vodoottalkivayusch
Антидождь;Soft99;Soft99 Антидождь Glaco Blave для стекол и пластика 70мл 04953;1000;;нет;https://static.tildacdn.com/stor6461-3630-4561-a562-303665343562/73326157.png;http://carshine26.ru/antidozhd/tproduct/757967703182-soft99-antidozhd-glaco-blave-dlya-stekol
Антидождь;Soft99;Soft99 Полироль-антидождь для стекол Glaco Roll On 75мл 04951;820;;нет;https://static.tildacdn.com/stor3161-6631-4464-a362-333663616332/71746709.png;http://carshine26.ru/antidozhd/tproduct/253374603472-soft99-polirol-antidozhd-dlya-stekol-gla
Антидождь;Soft99;Soft99 Антидождь Glaco Roll On Large 120мл 04107;1100;;нет;https://static.tildacdn.com/stor3035-3264-4935-b333-313635323036/27422061.png;http://carshine26.ru/antidozhd/tproduct/262820456142-soft99-antidozhd-glaco-roll-on-large-120
Полировка стекол;Soft99;Soft99 Абразивный очиститель стекол Glass compound Z 100мл 05064;1450;;нет;https://static.tildacdn.com/stor3636-6136-4462-a439-363762353265/64765508.png;http://carshine26.ru/polirovka-stekol/tproduct/679666068562-soft99-abrazivnii-ochistitel-stekol-glas
Долговременная защита кузова;Detail;"Detail - Керамическая защита GQ ""General Quartz"" 50мл DT-0195";9350;;нет;https://static.tildacdn.com/stor3366-6432-4131-b937-663736366266/75542486.png;http://carshine26.ru/dolgovremennaya-zasshita-kuzova/tproduct/622470403792-detail-keramicheskaya-zaschita-gq-genera
Долговременная защита кузова;Foam Heroes;Foam Heroes Keramos керамическое покрытие для ЛКП автомобиля, 15мл;1845;;нет;https://static.tildacdn.com/stor3261-6666-4061-b631-653137363566/17055542.webp;http://carshine26.ru/dolgovremennaya-zasshita-kuzova/tproduct/324089732682-foam-heroes-keramos-keramicheskoe-pokrit
Долговременная защита кузова;Foam Heroes;Foam Heroes Keramos керамическое покрытие для ЛКП автомобиля, 30мл;2995;;нет;https://static.tildacdn.com/stor3261-6666-4061-b631-653137363566/17055542.webp;http://carshine26.ru/dolgovremennaya-zasshita-kuzova/tproduct/221056389472-foam-heroes-keramos-keramicheskoe-pokrit
Долговременная защита кузова;Foam Heroes;Foam Heroes Keramos керамическое покрытие для ЛКП автомобиля, 50мл;4495;;нет;https://static.tildacdn.com/stor3261-6666-4061-b631-653137363566/17055542.webp;http://carshine26.ru/dolgovremennaya-zasshita-kuzova/tproduct/108278046712-foam-heroes-keramos-keramicheskoe-pokrit
Долговременная защита кузова;Foam Heroes;Foam Heroes Keramos+ керамическое покрытие для ЛКП автомобиля, 15мл;2845;;нет;https://static.tildacdn.com/stor6265-6462-4231-b233-333535656161/99003271.webp;http://carshine26.ru/dolgovremennaya-zasshita-kuzova/tproduct/724779226642-foam-heroes-keramos-keramicheskoe-pokrit
Долговременная защита кузова;Foam Heroes;Foam Heroes Keramos+ керамическое покрытие для ЛКП автомобиля, 30мл;4595;;нет;https://static.tildacdn.com/stor6265-6462-4231-b233-333535656161/99003271.webp;http://carshine26.ru/dolgovremennaya-zasshita-kuzova/tproduct/513875278592-foam-heroes-keramos-keramicheskoe-pokrit
Долговременная защита кузова;Foam Heroes;Foam Heroes Keramos+ керамическое покрытие для ЛКП автомобиля, 50мл;6995;;нет;https://static.tildacdn.com/stor6265-6462-4231-b233-333535656161/99003271.webp;http://carshine26.ru/dolgovremennaya-zasshita-kuzova/tproduct/478205052572-foam-heroes-keramos-keramicheskoe-pokrit
Антидождь;FIREBALL;FIREBALL Защитное покрытие GLASS SHIELD PRO 50мл FB-GLSP-50;2290;;нет;https://static.tildacdn.com/stor3638-6337-4261-b037-393462373766/37675841.png;http://carshine26.ru/antidozhd/tproduct/701958092162-fireball-zaschitnoe-pokritie-glass-shiel
Долговременная защита кузова;KRYTEX;KRYTEX MEGA 8 2.0 (Z) Композитное защитное покрытие для ЛКП, 50 мл K002Z8;10500;;нет;https://static.tildacdn.com/stor3034-3961-4533-b262-646233613963/78516048.png;http://carshine26.ru/dolgovremennaya-zasshita-kuzova/tproduct/563204533582-krytex-mega-8-20-z-kompozitnoe-zaschitno
Воски, полироли, силанты, глейзы;Smart Open;Smart Open Твердый воск с усиленным блеском Glow Wax 180г;1200;;нет;https://static.tildacdn.com/stor3962-3962-4566-b331-643363633138/38552016.png;http://carshine26.ru/voski-poliroli-silanty-glejzy/tproduct/423862081022-smart-open-tverdii-vosk-s-usilennim-bles
Воски, полироли, силанты, глейзы;Detail;Detail Твёрдый воск HD (Hard Wax) 200г DT-0155;1500;;нет;https://static.tildacdn.com/stor3634-6430-4137-b763-616637653033/35369167.png;http://carshine26.ru/voski-poliroli-silanty-glejzy/tproduct/645872841692-detail-tvyordii-vosk-hd-hard-wax-200g-dt
Воски, полироли, силанты, глейзы;Soft99;Soft99 Покрытие для кузова защитное (для светлых авто) Fusso 12 Months 200г;2050;;нет;https://static.tildacdn.com/stor6134-6232-4164-b134-303232396562/95425945.png;http://carshine26.ru/voski-poliroli-silanty-glejzy/tproduct/581894905832-soft99-pokritie-dlya-kuzova-zaschitnoe-d
Воски, полироли, силанты, глейзы;Soft99;Soft99 Покрытие для кузова защитное (для темных авто) Fusso 12 Months 200г;2050;;нет;https://static.tildacdn.com/stor6335-3936-4663-b331-633232353765/15151798.png;http://carshine26.ru/voski-poliroli-silanty-glejzy/tproduct/697969165422-soft99-pokritie-dlya-kuzova-zaschitnoe-d
Воски, полироли, силанты, глейзы;Soft99;Soft99 Полироль для кузова защитный (для темных) Soft Wax 300г;1600;;нет;https://static.tildacdn.com/stor3735-6235-4334-a239-646639333030/54802322.png;http://carshine26.ru/voski-poliroli-silanty-glejzy/tproduct/734656206882-soft99-polirol-dlya-kuzova-zaschitnii-dl
Воски, полироли, силанты, глейзы;Soft99;Soft99 Полироль для кузова защитный (для светлых) Soft Wax 350г;1600;;нет;https://static.tildacdn.com/stor3131-3137-4231-b030-353337666665/48951282.png;http://carshine26.ru/voski-poliroli-silanty-glejzy/tproduct/132516120912-soft99-polirol-dlya-kuzova-zaschitnii-dl
Воски, полироли, силанты, глейзы;Soft99;Soft99 Полироль для кузова усиление блеска (для светлых) The King of Gloss 300г;2060;;нет;https://static.tildacdn.com/stor3236-3463-4932-b038-653161646537/64459662.png;http://carshine26.ru/voski-poliroli-silanty-glejzy/tproduct/434722091762-soft99-polirol-dlya-kuzova-usilenie-bles
Воски, полироли, силанты, глейзы;Soft99;Soft99 Полироль для кузова усиление блеска (для темных) The King of Gloss 300г;2550;;нет;https://static.tildacdn.com/stor6438-6561-4933-a434-393465616136/10289939.png;http://carshine26.ru/voski-poliroli-silanty-glejzy/tproduct/438084166202-soft99-polirol-dlya-kuzova-usilenie-bles
Воски, полироли, силанты, глейзы;MA-FRA;MA-FRA Защитный воск для ЛКП автомобиля для ручного нанесения на основе силоксана CARLUX 250мл;810;;нет;https://static.tildacdn.com/stor3462-6337-4365-a536-643338346230/39922223.png;http://carshine26.ru/voski-poliroli-silanty-glejzy/tproduct/418813305922-ma-fra-zaschitnii-vosk-dlya-lkp-avtomobi
Воски, полироли, силанты, глейзы;Meguiar's;Meguiar's Hybrid Ceramic Liquid Wax (крем), 473 мл Гибридный керамический воск;3650;;нет;https://static.tildacdn.com/stor3730-3531-4430-a635-623034336636/38897910.png;http://carshine26.ru/voski-poliroli-silanty-glejzy/tproduct/417581687282-meguiars-hybrid-ceramic-liquid-wax-krem
Воски, полироли, силанты, глейзы;FIREBALL;FIREBALL Мини Воск LIBERTY WAX T1 +SiO2 Show Car Wax 15мл;995;;нет;https://static.tildacdn.com/stor3737-3634-4035-a234-313566303365/37068390.png;http://carshine26.ru/voski-poliroli-silanty-glejzy/tproduct/286086781762-fireball-mini-vosk-liberty-wax-t1-sio2-s
Воски, полироли, силанты, глейзы;FIREBALL;FIREBALL Мини Воск CHERRY BLOSSOM T1 +SiO2 Show Car Wax 15мл;860;;нет;https://static.tildacdn.com/stor6332-3936-4134-b635-333833613166/71163177.png;http://carshine26.ru/voski-poliroli-silanty-glejzy/tproduct/898280202152-fireball-mini-vosk-cherry-blossom-t1-sio
Воски, полироли, силанты, глейзы;FIREBALL;FIREBALL Мини Воск BLACK WAX T1 +SiO2 Show Car Wax 15мл;995;;нет;https://static.tildacdn.com/stor6263-3232-4432-b839-643237613163/74265173.png;http://carshine26.ru/voski-poliroli-silanty-glejzy/tproduct/330804566032-fireball-mini-vosk-black-wax-t1-sio2-sho
Воски, полироли, силанты, глейзы;FIREBALL;FIREBALL Мини Воск MILK CREAM T1 +SiO2 Show Car Wax 15мл;860;;нет;https://static.tildacdn.com/stor3362-3839-4738-a334-633736326432/10228664.png;http://carshine26.ru/voski-poliroli-silanty-glejzy/tproduct/642041211142-fireball-mini-vosk-milk-cream-t1-sio2-sh
Воски, полироли, силанты, глейзы;FIREBALL;FIREBALL Мини Воск карнауба SEXY LADY T1 +SiO2 15мл;860;;нет;https://static.tildacdn.com/stor3764-3732-4938-a338-653434636165/24188924.png;http://carshine26.ru/voski-poliroli-silanty-glejzy/tproduct/437811374762-fireball-mini-vosk-karnauba-sexy-lady-t1
Воски, полироли, силанты, глейзы;FIREBALL;FIREBALL Мини Воск карнауба CANDY SHERBET T1 +SiO2 15мл;860;;нет;https://static.tildacdn.com/stor6265-3134-4638-a564-373264663464/45094316.png;http://carshine26.ru/voski-poliroli-silanty-glejzy/tproduct/909953510382-fireball-mini-vosk-karnauba-candy-sherbe
Воски, полироли, силанты, глейзы;FIREBALL;FIREBALL Мини Воск карнауба GRAPHENE T1 +SiO2 15мл;860;;нет;https://static.tildacdn.com/stor6562-3536-4438-a438-346335393233/76740722.png;http://carshine26.ru/voski-poliroli-silanty-glejzy/tproduct/771330542892-fireball-mini-vosk-karnauba-graphene-t1
Воски, полироли, силанты, глейзы;FIREBALL;FIREBALL Мини Воск карнауба FUSION T1 +SiO2 15мл;995;;нет;https://static.tildacdn.com/stor6337-3336-4237-b330-333864353931/93101385.png;http://carshine26.ru/voski-poliroli-silanty-glejzy/tproduct/482288498512-fireball-mini-vosk-karnauba-fusion-t1-si
Воски, полироли, силанты, глейзы;FIREBALL;FIREBALL Мини Воск карнауба BRAZIL T1 +SiO2 15мл;995;;нет;https://static.tildacdn.com/stor3234-6638-4636-b866-653137643236/41324784.png;http://carshine26.ru/voski-poliroli-silanty-glejzy/tproduct/433559118192-fireball-mini-vosk-karnauba-brazil-t1-si
Воски, полироли, силанты, глейзы;FIREBALL;FIREBALL Мини Воск карнауба ALIEN BLOOD T1 +SiO2 15мл;860;;нет;https://static.tildacdn.com/stor6639-6635-4137-b634-316466323130/60518073.png;http://carshine26.ru/voski-poliroli-silanty-glejzy/tproduct/948947160732-fireball-mini-vosk-karnauba-alien-blood
Долговременная защита кузова;FIREBALL;FIREBALL BUTTERFLY GRAPHENE [9-ЛЕТ] - Защитное покрытие, 50 мл;37000;;нет;https://static.tildacdn.com/stor3132-3331-4865-b837-323835643861/12108904.png;http://carshine26.ru/dolgovremennaya-zasshita-kuzova/tproduct/253502934962-fireball-butterfly-graphene-9-let-zaschi
Долговременная защита кузова;FIREBALL;FIREBALL BUTTERFLY [7-ЛЕТ] - Защитное покрытие;30862;;нет;https://static.tildacdn.com/stor3832-3039-4062-a439-353263393966/48114954.png;http://carshine26.ru/dolgovremennaya-zasshita-kuzova/tproduct/989117669462-fireball-butterfly-7-let-zaschitnoe-pokr
Долговременная защита кузова;POLYTOP;POLYTOP NEOX GLAZE Гибридное кремне-полимерное защитное покрытие, 50 мл;7220;;нет;https://static.tildacdn.com/stor3765-3438-4533-b938-393962346634/30530250.png;http://carshine26.ru/dolgovremennaya-zasshita-kuzova/tproduct/526390481912-polytop-neox-glaze-gibridnoe-kremne-poli
Долговременная защита кузова;FIREBALL;FIREBALL ANGEL'S TEARS v.2, 35мл -Защитное керамическое покрытие для кузова;3480;;нет;https://static.tildacdn.com/stor6163-3735-4233-b765-323365313664/96500371.png;http://carshine26.ru/dolgovremennaya-zasshita-kuzova/tproduct/149919602072-fireball-angels-tears-v2-35ml-zaschitnoe
Долговременная защита кузова;FIREBALL;FIREBALL SILLA [5-ЛЕТ] - Защитное покрытие, 50 мл;10800;;нет;https://static.tildacdn.com/stor6230-6231-4938-a464-336166313330/25862654.png;http://carshine26.ru/dolgovremennaya-zasshita-kuzova/tproduct/206165722082-fireball-silla-5-let-zaschitnoe-pokritie
Долговременная защита кузова;FIREBALL;FIREBALL DEVIL'S BLOOD [3-ГОДА] - Защитное покрытие;9260;;нет;https://static.tildacdn.com/stor3331-6562-4731-b365-636136343238/44358051.png;http://carshine26.ru/dolgovremennaya-zasshita-kuzova/tproduct/939780766252-fireball-devils-blood-3-goda-zaschitnoe
Долговременная защита кузова;FIREBALL;FIREBALL TALON - Защитное покрытие для дисков;4630;;нет;https://static.tildacdn.com/stor3233-6164-4333-a364-303665346539/74406810.png;http://carshine26.ru/dolgovremennaya-zasshita-kuzova/tproduct/997965053422-fireball-talon-zaschitnoe-pokritie-dlya
Долговременная защита кузова;BINDER;BINDER Защитное керамическое покрытие для кузова ACE 35мл;3325;;нет;https://static.tildacdn.com/stor6463-3465-4536-b935-343738613439/92130312.png;http://carshine26.ru/dolgovremennaya-zasshita-kuzova/tproduct/780225374332-binder-zaschitnoe-keramicheskoe-pokritie
Долговременная защита кузова;FIREBALL;FIREBALL NANO COAT v.2, 35мл - Керамическое покрытие для всех поверхностей;2350;;нет;https://static.tildacdn.com/stor6263-6636-4063-b934-633265636435/84810878.png;http://carshine26.ru/dolgovremennaya-zasshita-kuzova/tproduct/884579403032-fireball-nano-coat-v2-35ml-keramicheskoe
Долговременная защита кузова;FIREBALL;FIREBALL DEVIL'S BLOOD [3-ГОДА] - Защитное покрытие;15450;;нет;https://static.tildacdn.com/stor6330-3262-4535-b664-653531343734/17176351.png;http://carshine26.ru/dolgovremennaya-zasshita-kuzova/tproduct/448298938972-fireball-devils-blood-3-goda-zaschitnoe
Долговременная защита кузова;CarPro;CarPro Защитное покрытие (набор) Cquartz Lite 150мл;7500;;нет;https://static.tildacdn.com/stor3864-3538-4436-b465-363332313230/49194613.png;http://carshine26.ru/dolgovremennaya-zasshita-kuzova/tproduct/301834668162-carpro-zaschitnoe-pokritie-nabor-cquartz
Долговременная защита кузова;CarPro;CarPro Кварцевое керамическое покрытие Cquartz Finest Reserve Kit CP-CQFR 50мл;20152;;нет;https://static.tildacdn.com/stor3032-3861-4863-a666-613334326561/65449581.png;http://carshine26.ru/dolgovremennaya-zasshita-kuzova/tproduct/221709057742-carpro-kvartsevoe-keramicheskoe-pokritie
Долговременная защита кузова;Meguiar's;Meguiar's Защитное керамическое покрытие Beyond Ceramic Coating;16170;;нет;https://static.tildacdn.com/stor3932-6364-4963-a265-663535333334/28122122.png;http://carshine26.ru/dolgovremennaya-zasshita-kuzova/tproduct/875611817042-meguiars-zaschitnoe-keramicheskoe-pokrit
Долговременная защита кузова;FTORSIC;FTORSiC SIC Керамическое покрытие для ЛКП 50мл;3290;;нет;https://static.tildacdn.com/stor6131-6233-4162-a438-373465396230/59447879.png;http://carshine26.ru/dolgovremennaya-zasshita-kuzova/tproduct/788920211932-ftorsic-sic-keramicheskoe-pokritie-dlya
Долговременная защита кузова;FTORSIC;FTORSIC SICF Покрытие для ЛКП «Жидкое стекло» 50мл;2190;;нет;https://static.tildacdn.com/stor6230-3639-4564-b562-656236343734/55528276.png;http://carshine26.ru/dolgovremennaya-zasshita-kuzova/tproduct/272323516782-ftorsic-sicf-pokritie-dlya-lkp-zhidkoe-s
Долговременная защита кузова;ZviZZer;ZviZZer Спрей покрытие с графеном Graphene Spray Coat 250мл;2990;;нет;https://static.tildacdn.com/stor3531-6231-4661-b232-303864653630/15043916.png;http://carshine26.ru/dolgovremennaya-zasshita-kuzova/tproduct/227753263422-zvizzer-sprei-pokritie-s-grafenom-graphe
Долговременная защита кузова;GYEON;GYEON Гидрофобное покрытие на основе жидкого стекла Q2 Can Coat 200мл;7450;;нет;https://static.tildacdn.com/stor3163-6330-4131-b765-346261643563/31196285.png;http://carshine26.ru/dolgovremennaya-zasshita-kuzova/tproduct/602800522782-gyeon-gidrofobnoe-pokritie-na-osnove-zhi
Долговременная защита кузова;GYEON;GYEON Профессиональная кварцевая защита ЛКП Q2 Can Coat Pro 200мл;10350;;нет;https://static.tildacdn.com/stor6164-6236-4438-b439-616332626233/46675502.png;http://carshine26.ru/dolgovremennaya-zasshita-kuzova/tproduct/189331435672-gyeon-professionalnaya-kvartsevaya-zasch
Долговременная защита кузова;GYEON;GYEON Керамическое кварцевое покрытие для матовых ЛКП и пленок Q2 Matte Light box 50мл;14870;;нет;https://static.tildacdn.com/stor3564-3435-4439-b635-653661356538/33587626.png;http://carshine26.ru/dolgovremennaya-zasshita-kuzova/tproduct/987881278832-gyeon-keramicheskoe-kvartsevoe-pokritie
Долговременная защита кузова;3D;3D Полимерное покрытие Ceramic Touch 60мл;3200;;нет;https://static.tildacdn.com/stor6437-6565-4362-b262-363737306633/88703525.png;http://carshine26.ru/dolgovremennaya-zasshita-kuzova/tproduct/782675690362-3d-polimernoe-pokritie-ceramic-touch-60m
Уход за резиной и пластиком;Leraton;Кондиционер шин и резиновых изделий (матовый) LERATON P4 MATT 473мл;650;;нет;https://static.tildacdn.com/stor3665-3232-4335-b634-313439613638/80979049.png;http://carshine26.ru/ukhod-za-rezinoj-i-plastikom/tproduct/139968646232-konditsioner-shin-i-rezinovih-izdelii-ma
Уход за резиной и пластиком;Leraton;Гель-кондиционер для шин и резины LERATON P6 473мл;830;;нет;https://static.tildacdn.com/stor3132-6362-4238-a637-373232663863/33293858.png;http://carshine26.ru/ukhod-za-rezinoj-i-plastikom/tproduct/746254592882-gel-konditsioner-dlya-shin-i-rezini-lera
Уход за резиной и пластиком;Leraton;Кондиционер пластика LERATON P3 473мл;850;;нет;https://static.tildacdn.com/stor3462-3435-4665-b237-363931383865/56621178.png;http://carshine26.ru/ukhod-za-rezinoj-i-plastikom/tproduct/458042860042-konditsioner-plastika-leraton-p3-473ml
Уход за резиной и пластиком;Smart Open;Smart Open Средство по уходу за колесами автомобиля Black Round 500мл;750;;нет;https://static.tildacdn.com/stor3164-3963-4364-b465-663834363837/60885585.png;http://carshine26.ru/ukhod-za-rezinoj-i-plastikom/tproduct/445551572932-smart-open-sredstvo-po-uhodu-za-kolesami
Уход за резиной и пластиком;Smart Open;Smart Open Средство по уходу за колесами автомобиля Black Round 250мл;450;;нет;https://static.tildacdn.com/stor3936-3363-4361-a531-663730393932/44199131.png;http://carshine26.ru/ukhod-za-rezinoj-i-plastikom/tproduct/472853494572-smart-open-sredstvo-po-uhodu-za-kolesami
Уход за резиной и пластиком;Smart Open;Smart Open Средство по уходу за колесами автомобиля Black Kiss 500мл;600;;нет;https://static.tildacdn.com/stor6666-3965-4664-b662-393938333564/87343947.png;http://carshine26.ru/ukhod-za-rezinoj-i-plastikom/tproduct/900297933952-smart-open-sredstvo-po-uhodu-za-kolesami
Уход за резиной и пластиком;Smart Open;Smart Open Средство по уходу за колесами автомобиля Black Kiss 250мл;350;;нет;https://static.tildacdn.com/stor3730-3935-4135-a132-323966616630/94315072.png;http://carshine26.ru/ukhod-za-rezinoj-i-plastikom/tproduct/870477091322-smart-open-sredstvo-po-uhodu-za-kolesami
Уход за резиной и пластиком;Smart Open;Smart Open Средство по уходу за колесами автомобиля Black Kiss Matt 500мл;660;;нет;https://static.tildacdn.com/stor3138-3566-4565-a662-386632386564/80794607.png;http://carshine26.ru/ukhod-za-rezinoj-i-plastikom/tproduct/336698710832-smart-open-sredstvo-po-uhodu-za-kolesami
Уход за резиной и пластиком;Smart Open;Smart Open Восстановитель внешнего пластика Pride Plast 500мл;890;;нет;https://static.tildacdn.com/stor3237-3563-4962-a264-326334646138/97065153.png;http://carshine26.ru/ukhod-za-rezinoj-i-plastikom/tproduct/545478543392-smart-open-vosstanovitel-vneshnego-plast
Уход за резиной и пластиком;Smart Open;Smart Open Восстановитель внешнего пластика Pride Plast 250мл;450;;нет;https://static.tildacdn.com/stor6135-6664-4438-a364-663839616466/21066058.png;http://carshine26.ru/ukhod-za-rezinoj-i-plastikom/tproduct/643931765292-smart-open-vosstanovitel-vneshnego-plast
Уход за резиной и пластиком;Foam Heroes;Foam Heroes Hydro Matte матовое чернение для автомобильных шин c SiO2, 500мл;855;;нет;https://static.tildacdn.com/stor3832-3064-4937-b033-653135343030/68209391.png;http://carshine26.ru/ukhod-za-rezinoj-i-plastikom/tproduct/594461809582-foam-heroes-hydro-matte-matovoe-cherneni
Уход за резиной и пластиком;Foam Heroes;Foam Heroes Hydro Matte матовое чернение шин c SiO2, 3л;3745;;нет;https://static.tildacdn.com/stor3030-3566-4138-b465-663733393237/79386488.png;http://carshine26.ru/ukhod-za-rezinoj-i-plastikom/tproduct/939593828632-foam-heroes-hydro-matte-matovoe-cherneni
Уход за резиной и пластиком;Foam Heroes;Foam Heroes Black Slipper чернение для автомобильных шин, 500мл;755;;нет;https://static.tildacdn.com/stor6266-6336-4730-b562-303634636430/87186320.png;http://carshine26.ru/ukhod-za-rezinoj-i-plastikom/tproduct/302429928692-foam-heroes-black-slipper-chernenie-dlya
Уход за резиной и пластиком;Foam Heroes;Foam Heroes Black Slipper чернение для автомобильных шин, 3л;3545;;нет;https://static.tildacdn.com/stor3165-3033-4230-a264-643136623239/27638580.png;http://carshine26.ru/ukhod-za-rezinoj-i-plastikom/tproduct/557167935672-foam-heroes-black-slipper-chernenie-dlya
Уход за резиной и пластиком;MA-FRA;MA-FRA Защитный обновляющий состав для шин (концентрат) NERISSIMO 1л;825;;нет;https://static.tildacdn.com/stor6633-6266-4365-b536-326633333834/44661116.png;http://carshine26.ru/ukhod-za-rezinoj-i-plastikom/tproduct/148850194182-ma-fra-zaschitnii-obnovlyayuschii-sostav
Уход за резиной и пластиком;MA-FRA;MA-FRA Полироль для шин (концентрат) NERISSIMO 6кг;5210;;нет;https://static.tildacdn.com/stor3264-3166-4530-b338-323666323533/77890941.png;http://carshine26.ru/ukhod-za-rezinoj-i-plastikom/tproduct/431674604382-ma-fra-polirol-dlya-shin-kontsentrat-ner
Уход за резиной и пластиком;MA-FRA;MA-FRA Обновляющий состав для шин BLACK 3PLUS 500мл;625;;нет;https://static.tildacdn.com/stor6161-3338-4030-b937-383939383736/59447512.png;http://carshine26.ru/ukhod-za-rezinoj-i-plastikom/tproduct/668189790962-ma-fra-obnovlyayuschii-sostav-dlya-shin
Уход за резиной и пластиком;MA-FRA;MA-FRA Защитный состав для шин NOUVEAU NOIR 500мл;725;;нет;https://static.tildacdn.com/stor3364-6339-4731-a534-303635386232/91250501.png;http://carshine26.ru/ukhod-za-rezinoj-i-plastikom/tproduct/620772240712-ma-fra-zaschitnii-sostav-dlya-shin-nouve
Уход за резиной и пластиком;MA-FRA;"MA-FRA VIP чернение для шин с восстанавливающим эффектом FAST &amp; BLACK (spray) 500мл";745;;нет;https://static.tildacdn.com/stor3135-6232-4534-b230-633631643564/40060924.png;http://carshine26.ru/ukhod-za-rezinoj-i-plastikom/tproduct/126302908982-ma-fra-vip-chernenie-dlya-shin-s-vosstan
Уход за резиной и пластиком;MA-FRA;"MA-FRA VIP чернение для шин с восстанавливающим эффектом FAST &amp; BLACK (spray) 250мл";495;;нет;https://static.tildacdn.com/stor3862-6462-4263-b230-343630656332/30967175.png;http://carshine26.ru/ukhod-za-rezinoj-i-plastikom/tproduct/849163077582-ma-fra-vip-chernenie-dlya-shin-s-vosstan
Уход за резиной и пластиком;;KochChemie Средство для пластика и резиновых уплотнителей Plast Star SiliconOlfrei 1л;1950;;нет;https://static.tildacdn.com/stor3762-3864-4461-b563-373330636537/34133227.png;http://carshine26.ru/ukhod-za-rezinoj-i-plastikom/tproduct/760005246352-kochchemie-sredstvo-dlya-plastika-i-rezi
Уход за резиной и пластиком;3D;3D Средство по восстановлению первоначального цвета Trim Care Protectant 0,48л;1900;;нет;https://static.tildacdn.com/stor6337-3061-4036-a539-313335653836/12949651.png;http://carshine26.ru/ukhod-za-rezinoj-i-plastikom/tproduct/348802013602-3d-sredstvo-po-vosstanovleniyu-pervonach
Уход за резиной и пластиком;3D;3D Универсальное защитное средство на водной основе Universal Protectant (Tire shine) 0,48л;1749;;нет;https://static.tildacdn.com/stor3461-6438-4237-b139-353636333631/70210389.png;http://carshine26.ru/ukhod-za-rezinoj-i-plastikom/tproduct/133307103372-3d-universalnoe-zaschitnoe-sredstvo-na-v
Уход за резиной и пластиком;CarPro;CarPro Полироль для резины и пластика (защитное покрытие) DarkSide 500мл;2029;;нет;https://static.tildacdn.com/stor6232-3465-4131-b761-366632333861/16032584.png;http://carshine26.ru/ukhod-za-rezinoj-i-plastikom/tproduct/425487727122-carpro-polirol-dlya-rezini-i-plastika-za
Уход за резиной и пластиком;CarPro;CarPro Полироль для резины и пластика (защитное покрытие) DarkSide 1000мл;3690;;нет;https://static.tildacdn.com/stor3766-6438-4665-b863-383138393336/62166216.png;http://carshine26.ru/ukhod-za-rezinoj-i-plastikom/tproduct/270829816162-carpro-polirol-dlya-rezini-i-plastika-za
Уход за резиной и пластиком;FIREBALL;FIREBALL Кварцевая пропитка шин SiO2 Tire SHOW CAR (влажный блеск) 500мл;2330;;нет;https://static.tildacdn.com/stor3233-3764-4666-b438-326330353630/31493398.png;http://carshine26.ru/ukhod-za-rezinoj-i-plastikom/tproduct/146230626202-fireball-kvartsevaya-propitka-shin-sio2
Уход за резиной и пластиком;FIREBALL;FIREBALL Кварцевая пропитка шин SiO2 Tire Janus (перламутр) 500 мл;2165;;нет;https://static.tildacdn.com/stor6363-3339-4035-b334-356366376333/32874771.png;http://carshine26.ru/ukhod-za-rezinoj-i-plastikom/tproduct/941886659232-fireball-kvartsevaya-propitka-shin-sio2
Уход за резиной и пластиком;FIREBALL;FIREBALL Кварцевая пропитка шин SiO2 Tire Gloss (глянец) 500 мл;1995;;нет;https://static.tildacdn.com/stor3339-3163-4236-b836-313636396132/11586982.png;http://carshine26.ru/ukhod-za-rezinoj-i-plastikom/tproduct/354847225292-fireball-kvartsevaya-propitka-shin-sio2
Уход за резиной и пластиком;FIREBALL;FIREBALL Кварцевая пропитка шин SiO2 Tire Satin (сатин), 500 мл;1995;;нет;https://static.tildacdn.com/stor6564-3234-4839-b466-323333656631/96507454.png;http://carshine26.ru/ukhod-za-rezinoj-i-plastikom/tproduct/261120205822-fireball-kvartsevaya-propitka-shin-sio2
Уход за резиной и пластиком;FIREBALL;FIREBALL mini Кварцевая пропитка шин SiO2 Tire SHOW CAR (влажный блеск) 100 мл;775;;нет;https://static.tildacdn.com/stor3130-3739-4330-b334-363464313665/98381142.png;http://carshine26.ru/ukhod-za-rezinoj-i-plastikom/tproduct/857727488152-fireball-mini-kvartsevaya-propitka-shin
Уход за резиной и пластиком;FIREBALL;FIREBALL mini Кварцевая пропитка шин SiO2 Tire Janus (перламутр) 100 мл;699;;нет;https://static.tildacdn.com/stor3862-3739-4162-a566-653232353438/25282260.png;http://carshine26.ru/ukhod-za-rezinoj-i-plastikom/tproduct/178188889542-fireball-mini-kvartsevaya-propitka-shin
Уход за резиной и пластиком;FIREBALL;FIREBALL mini Кварцевая пропитка шин SiO2 Tire Gloss (глянец) 100 мл;665;;нет;https://static.tildacdn.com/stor3062-6532-4232-b133-633062393236/98885327.png;http://carshine26.ru/ukhod-za-rezinoj-i-plastikom/tproduct/585150112302-fireball-mini-kvartsevaya-propitka-shin
Уход за резиной и пластиком;FIREBALL;FIREBALL mini Кварцевая пропитка шин SiO2 Tire Satin (сатин), 100 мл;665;;нет;https://static.tildacdn.com/stor6264-3264-4337-b565-343030396432/27128435.png;http://carshine26.ru/ukhod-za-rezinoj-i-plastikom/tproduct/389818474302-fireball-mini-kvartsevaya-propitka-shin
Уход за резиной и пластиком;FIREBALL;FIREBALL Усилитель шинных пропиток Tire Sio2 Booster 250мл (для Gloss, Janus, Satin) 250мл;3325;;нет;https://static.tildacdn.com/stor6165-3337-4866-a230-323936333636/41883103.png;http://carshine26.ru/ukhod-za-rezinoj-i-plastikom/tproduct/943127397302-fireball-usilitel-shinnih-propitok-tire
Уход за резиной и пластиком;POLYTOP;POLYTOP Чернитель резины и пластика NEOPLAST MAXIMUS, 500 мл;1520;;нет;https://static.tildacdn.com/stor6136-6239-4464-b761-346336336338/73383912.png;http://carshine26.ru/ukhod-za-rezinoj-i-plastikom/tproduct/540866769062-polytop-chernitel-rezini-i-plastika-neop
Уход за резиной и пластиком;POLYTOP;POLYTOP Гель для ухода за внешним пластиком и резиной PLASTIC CARE GEL, 500 мл;1395;;нет;https://static.tildacdn.com/stor6161-3535-4461-a261-663831366330/23144041.png;http://carshine26.ru/ukhod-za-rezinoj-i-plastikom/tproduct/576091488022-polytop-gel-dlya-uhoda-za-vneshnim-plast
Уход за резиной и пластиком;;Кондиционер для шин Meguiars G7516 Endurance High Gloss (473 мл.);2195;;нет;https://static.tildacdn.com/stor3837-3962-4635-a637-366662316563/18945150.png;http://carshine26.ru/ukhod-za-rezinoj-i-plastikom/tproduct/980668345182-konditsioner-dlya-shin-meguiars-g7516-en
Уход за резиной и пластиком;FTORSIC;FTORSIC RSIC Полимерное чернение для резины 250мл;890;;нет;https://static.tildacdn.com/stor3435-3661-4531-b631-646232336566/47048360.png;http://carshine26.ru/ukhod-za-rezinoj-i-plastikom/tproduct/912641845982-ftorsic-rsic-polimernoe-chernenie-dlya-r
Уход за винилом и пластиком;POLYTOP;POLYTOP Полироль пластика салона (матовый) PLASTIC CARE, 500 мл;1265;;нет;https://static.tildacdn.com/stor3435-6364-4465-b635-303838393366/38067462.png;http://carshine26.ru/ukhod-za-vinilom-i-plastikom/tproduct/533135686862-polytop-polirol-plastika-salona-matovii
Средства для кожи;POLYTOP;POLYTOP Крем-кондиционер для кожи LEATHER CARE, 500 мл;1490;;нет;https://static.tildacdn.com/stor3935-3261-4533-b535-333232626561/56990107.png;http://carshine26.ru/sredstva-dlya-kozhi/tproduct/534324290952-polytop-krem-konditsioner-dlya-kozhi-lea
Антидождь;FTORSIC;FTORSIC CF Покрытие для стекол «Антидождь» 50мл;1090;;нет;https://static.tildacdn.com/stor6631-3330-4062-b263-666633326138/87767458.png;http://carshine26.ru/antidozhd/tproduct/304060627122-ftorsic-cf-pokritie-dlya-stekol-antidozh
Составы для очистки кузова;Smart Open;Smart Open Очиститель от следов насекомых Bug Fix 500мл;330;;нет;https://static.tildacdn.com/stor3462-6630-4535-a232-653136626437/50870868.png;http://carshine26.ru/sostavy-dlya-ochistki-kuzova/tproduct/871165478662-smart-open-ochistitel-ot-sledov-nasekomi
Составы для очистки кузова;Detail;Detail Очиститель насекомых BC (Bug Cleaner) 500мл DT-0177;500;;нет;https://static.tildacdn.com/stor3235-6633-4534-a336-623231363462/49480645.png;http://carshine26.ru/sostavy-dlya-ochistki-kuzova/tproduct/876860996152-detail-ochistitel-nasekomih-bc-bug-clean
Составы для очистки кузова;MA-FRA;MA-FRA Очиститель для удаления следов насекомых и органических смол KILLER 500мл;600;;нет;https://static.tildacdn.com/stor3065-6466-4663-a636-633066356663/27383845.png;http://carshine26.ru/sostavy-dlya-ochistki-kuzova/tproduct/992318271342-ma-fra-ochistitel-dlya-udaleniya-sledov
Составы для очистки кузова;FURY'S;FURY'S Orange Hit Цитрусовый превош, 500 мл;350;;нет;https://static.tildacdn.com/stor6239-3965-4430-b762-343165366536/80278115.png;http://carshine26.ru/sostavy-dlya-ochistki-kuzova/tproduct/704414826542-furys-orange-hit-tsitrusovii-prevosh-500
Составы для очистки кузова;FURY'S;FURY'S Orange Hit Цитрусовый превош, 2Л;990;;нет;https://static.tildacdn.com/stor6230-3466-4966-a363-303838383234/55178015.png;http://carshine26.ru/sostavy-dlya-ochistki-kuzova/tproduct/739933525622-furys-orange-hit-tsitrusovii-prevosh-2l
Составы для очистки кузова;FIREBALL;FIREBALL Очиститель следов насекомых, смолы и птичьего помета Bug Cleaner, 500 мл;1165;;нет;https://static.tildacdn.com/stor6365-6431-4565-a136-636262663734/55713278.png;http://carshine26.ru/sostavy-dlya-ochistki-kuzova/tproduct/450734286342-fireball-ochistitel-sledov-nasekomih-smo
Составы для очистки кузова;BINDER;BINDER Очиститель следов насекомых, птичьего помета и древесной смолы Premium Bug Cleaner (pH 11,5) 500мл;860;;нет;https://static.tildacdn.com/stor3033-3733-4264-a465-393034663365/52819653.png;http://carshine26.ru/sostavy-dlya-ochistki-kuzova/tproduct/487256886122-binder-ochistitel-sledov-nasekomih-ptich
Составы для пленок;Leraton;Гель для установки пленки LERATON PPF GEL 473мл;530;;нет;https://static.tildacdn.com/stor3866-6564-4262-b333-353435613564/36704980.png;http://carshine26.ru/sostavy-dlya-plenok/tproduct/531344617692-gel-dlya-ustanovki-plenki-leraton-ppf-ge
Составы для пленок;Leraton;Спиртовой обезжириватель LERATON PPF DEGREASER 473мл;530;;нет;https://static.tildacdn.com/stor6532-3038-4835-b238-623231336634/84332407.png;http://carshine26.ru/sostavy-dlya-plenok/tproduct/144196099032-spirtovoi-obezzhirivatel-leraton-ppf-deg
Составы для пленок;Leraton;Праймер для установки пленки LERATON PRIMER 50 мл;890;;нет;https://static.tildacdn.com/stor3033-3165-4636-a336-336562666632/83654175.png;http://carshine26.ru/sostavy-dlya-plenok/tproduct/986287743932-praimer-dlya-ustanovki-plenki-leraton-pr
Полировальный пасты для ЛКП;Koch Chemie;Koch Chemie Микро-абразивная политура Micro Cut M3.02 1л;4750;;нет;https://static.tildacdn.com/stor6136-6265-4363-b230-376330393235/48783574.png;http://carshine26.ru/abrazivnye-pasty-dlya-lkp/tproduct/101776133512-koch-chemie-mikro-abrazivnaya-politura-m
Полировальный пасты для ЛКП;Koch Chemie;Koch Chemie Микро-абразивная политура Micro Cut M3.02 250мл;1650;;нет;https://static.tildacdn.com/stor6530-6639-4366-b732-366336616162/59854163.png;http://carshine26.ru/abrazivnye-pasty-dlya-lkp/tproduct/158928087212-koch-chemie-mikro-abrazivnaya-politura-m
Полировальный пасты для ЛКП;;KochChemie Высокоглянцевая антиголограммная полироль HochGlanz AntiHologramm Politur M2.01 1л;4300;;нет;https://static.tildacdn.com/stor3463-3561-4463-a161-396536656432/82738715.png;http://carshine26.ru/abrazivnye-pasty-dlya-lkp/tproduct/260898066002-kochchemie-visokoglyantsevaya-antigologr
Полировальный пасты для ЛКП;POLYTOP;POLYTOP Diamant 2000 Ultimate Cut - Высокоабразивная полировальная паста (P1000) 1л;4172;;нет;https://static.tildacdn.com/stor3162-6361-4433-a633-646438373235/96564598.png;http://carshine26.ru/abrazivnye-pasty-dlya-lkp/tproduct/842749947302-polytop-diamant-2000-ultimate-cut-visoko
Полировальный пасты для ЛКП;POLYTOP;POLYTOP Diamant 2000 Ultimate Cut - Высокоабразивная полировальная паста (P1000) 250мл;1515;;нет;https://static.tildacdn.com/stor6338-6131-4863-a363-636637383464/19770580.png;http://carshine26.ru/abrazivnye-pasty-dlya-lkp/tproduct/792826108982-polytop-diamant-2000-ultimate-cut-visoko
Полировальный пасты для ЛКП;POLYTOP;POLYTOP Diamant 3000 Ultra Cut - Абразивная полировальная паста (P1500) 1л;3815;;нет;https://static.tildacdn.com/stor6139-3338-4263-b539-383738356633/17247191.png;http://carshine26.ru/abrazivnye-pasty-dlya-lkp/tproduct/774031853332-polytop-diamant-3000-ultra-cut-abrazivna
Полировальный пасты для ЛКП;POLYTOP;POLYTOP Diamant 3000 Ultra Cut - Абразивная полировальная паста (P1500) 250мл;1297;;нет;https://static.tildacdn.com/stor3865-3938-4237-a237-653565303137/66105148.png;http://carshine26.ru/abrazivnye-pasty-dlya-lkp/tproduct/181571237142-polytop-diamant-3000-ultra-cut-abrazivna
Полировальный пасты для ЛКП;POLYTOP;POLYTOP Diamant 5000 Super Cut - Среднеабразивная (одношаговая) полировальная паста (P3000) 1л;3640;;нет;https://static.tildacdn.com/stor3133-3836-4131-a234-653766396562/62980708.png;http://carshine26.ru/abrazivnye-pasty-dlya-lkp/tproduct/603635661182-polytop-diamant-5000-super-cut-sredneabr
Полировальный пасты для ЛКП;POLYTOP;POLYTOP Diamant 5000 Super Cut - Среднеабразивная (одношаговая) полировальная паста (P3000) 250мл;1203;;нет;https://static.tildacdn.com/stor3563-6461-4465-b439-386137333631/11181447.png;http://carshine26.ru/abrazivnye-pasty-dlya-lkp/tproduct/258416020972-polytop-diamant-5000-super-cut-sredneabr
Полировальный пасты для ЛКП;POLYTOP;POLYTOP Diamant 7000 Fine Cut - Микроабразивная и антиголограммная полировальная паста (P5000) 1л;3765;;нет;https://static.tildacdn.com/stor6638-3036-4862-b664-363734643638/21049501.png;http://carshine26.ru/abrazivnye-pasty-dlya-lkp/tproduct/220633716742-polytop-diamant-7000-fine-cut-mikroabraz
Полировальный пасты для ЛКП;POLYTOP;POLYTOP Diamant 7000 Fine Cut - Микроабразивная и антиголограммная полировальная паста (P5000) 250мл;1244;;нет;https://static.tildacdn.com/stor3233-6530-4535-a665-646462306533/56625517.png;http://carshine26.ru/abrazivnye-pasty-dlya-lkp/tproduct/706698576482-polytop-diamant-7000-fine-cut-mikroabraz
Полировальный пасты для ЛКП;POLYTOP;POLYTOP Rapid One-Step Plus - Универсальная 3в1 полировальная паста 1л;4300;;нет;https://static.tildacdn.com/stor6162-3339-4761-a237-303830336165/48301779.png;http://carshine26.ru/abrazivnye-pasty-dlya-lkp/tproduct/251441006032-polytop-rapid-one-step-plus-universalnay
Полировальный пасты для ЛКП;POLYTOP;POLYTOP Rapid One-Step Plus - Универсальная 3в1 полировальная паста 250мл;1312;;нет;https://static.tildacdn.com/stor3338-3938-4233-a663-663762353436/41126781.png;http://carshine26.ru/abrazivnye-pasty-dlya-lkp/tproduct/968530564312-polytop-rapid-one-step-plus-universalnay
Полировальный пасты для ЛКП;POLYTOP;POLYTOP Reflex Anti-Hologramm - Финишная антиголограммная полировальная паста 1л;3265;;нет;https://static.tildacdn.com/stor3062-3734-4365-b064-616465633934/62395084.png;http://carshine26.ru/abrazivnye-pasty-dlya-lkp/tproduct/362304054632-polytop-reflex-anti-hologramm-finishnaya
Полировальный пасты для ЛКП;POLYTOP;POLYTOP Reflex Anti-Hologramm - Финишная антиголограммная полировальная паста 250мл;1187;;нет;https://static.tildacdn.com/stor6666-6633-4330-b364-666638376562/92733484.png;http://carshine26.ru/abrazivnye-pasty-dlya-lkp/tproduct/926650409112-polytop-reflex-anti-hologramm-finishnaya
Полировальный пасты для ЛКП;POLYTOP;POLYTOP Oxide Ultimate Cut P11 - Абразивная полировальная паста (P1500), 1L;2754;;нет;https://static.tildacdn.com/stor6232-6133-4062-b336-663762333061/66812138.png;http://carshine26.ru/abrazivnye-pasty-dlya-lkp/tproduct/170786333832-polytop-oxide-ultimate-cut-p11-abrazivna
Полировальный пасты для ЛКП;POLYTOP;POLYTOP Oxide Ultra Cut P9 - Одношаговая полировальная паста (P2000), 1L;2508;;нет;https://static.tildacdn.com/stor3766-3131-4531-a562-366562353466/57601220.png;http://carshine26.ru/abrazivnye-pasty-dlya-lkp/tproduct/516907306262-polytop-oxide-ultra-cut-p9-odnoshagovaya
Полировальный пасты для ЛКП;POLYTOP;POLYTOP Oxide Anti Hologram - Антиголограммная полировальная паста, 1L;2295;;нет;https://static.tildacdn.com/stor6439-3431-4863-b136-346166353664/78348229.png;http://carshine26.ru/abrazivnye-pasty-dlya-lkp/tproduct/553782609682-polytop-oxide-anti-hologram-antigologram
Полировальный пасты для ЛКП;Farecla;Farecla Profile 350 Premium Liquid абразивная полировальная паста, 1л;6850;;нет;https://static.tildacdn.com/stor6430-6636-4735-b031-343031643365/91401661.png;http://carshine26.ru/abrazivnye-pasty-dlya-lkp/tproduct/397185507032-farecla-profile-350-premium-liquid-abraz
Полировальный пасты для ЛКП;Farecla;FARECLA Полироль абразивная Profile Advanced Plus 400 Liquid Compound 1кг;7700;;нет;https://static.tildacdn.com/stor3138-6662-4266-a530-653331643766/25652483.png;http://carshine26.ru/abrazivnye-pasty-dlya-lkp/tproduct/195853197852-farecla-polirol-abrazivnaya-profile-adva
Полировальный пасты для ЛКП;Farecla;FARECLA Абразивная паста G360 Super Fast Compound 1кг;8150;;нет;https://static.tildacdn.com/stor3234-6335-4130-a433-393163653866/34234078.png;http://carshine26.ru/abrazivnye-pasty-dlya-lkp/tproduct/846509990692-farecla-abrazivnaya-pasta-g360-super-fas
Полировальный пасты для ЛКП;Farecla;FARECLA Универсальная абразивная паста G3 Regular 1кг;2625;;нет;https://static.tildacdn.com/stor3138-6635-4831-b030-663234633430/67724166.png;http://carshine26.ru/abrazivnye-pasty-dlya-lkp/tproduct/801945674932-farecla-universalnaya-abrazivnaya-pasta
Полировальный пасты для ЛКП;ZviZZer;ZviZZer Высокоабразивная полировальная паста PC 5000 Pre Cut 750мл;3700;;нет;https://static.tildacdn.com/stor3537-3033-4731-b737-313138366565/92972150.png;http://carshine26.ru/abrazivnye-pasty-dlya-lkp/tproduct/343353633812-zvizzer-visokoabrazivnaya-polirovalnaya
Полировальный пасты для ЛКП;ZviZZer;ZviZZer Высокоабразивная полировальная паста PC 5000 Pre Cut 250мл;1500;;нет;https://static.tildacdn.com/stor6634-3233-4332-a362-323634656435/15671346.png;http://carshine26.ru/abrazivnye-pasty-dlya-lkp/tproduct/985026409272-zvizzer-visokoabrazivnaya-polirovalnaya
Полировальный пасты для ЛКП;ZviZZer;ZviZZer Крупнозернистая полировальная паста HC 4000 Heavy Cut 750мл;3700;;нет;https://static.tildacdn.com/stor3662-3664-4363-a132-353236356535/32119688.png;http://carshine26.ru/abrazivnye-pasty-dlya-lkp/tproduct/250823535282-zvizzer-krupnozernistaya-polirovalnaya-p
Полировальный пасты для ЛКП;ZviZZer;ZviZZer Крупнозернистая полировальная паста HC 4000 Heavy Cut 250мл;1500;;нет;https://static.tildacdn.com/stor6239-3166-4334-b666-373264306530/73976923.png;http://carshine26.ru/abrazivnye-pasty-dlya-lkp/tproduct/240022124852-zvizzer-krupnozernistaya-polirovalnaya-p
Полировальный пасты для ЛКП;ZviZZer;ZviZZer Среднезернистая полировальная паста MC 3000 Medium Cut 750мл;4600;;нет;https://static.tildacdn.com/stor3163-6661-4739-b861-646130646462/28759713.png;http://carshine26.ru/abrazivnye-pasty-dlya-lkp/tproduct/511851415462-zvizzer-srednezernistaya-polirovalnaya-p
Полировальный пасты для ЛКП;ZviZZer;ZviZZer Среднезернистая полировальная паста MC 3000 Medium Cut 250мл;1750;;нет;https://static.tildacdn.com/stor3664-3462-4264-b635-386235336331/57028362.png;http://carshine26.ru/abrazivnye-pasty-dlya-lkp/tproduct/579636240402-zvizzer-srednezernistaya-polirovalnaya-p
Полировальный пасты для ЛКП;ZviZZer;ZviZZer Полировальная паста антиголограммная FC 2000 Fine Cut 750мл;3800;;нет;https://static.tildacdn.com/stor6134-3537-4664-b134-323965303064/19460442.png;http://carshine26.ru/abrazivnye-pasty-dlya-lkp/tproduct/197560530252-zvizzer-polirovalnaya-pasta-antigologram
Полировальный пасты для ЛКП;ZviZZer;ZviZZer Полировальная паста антиголограммная FC 2000 Fine Cut 250мл;1550;;нет;https://static.tildacdn.com/stor3465-3437-4632-a365-393666646665/60608602.png;http://carshine26.ru/abrazivnye-pasty-dlya-lkp/tproduct/232937510272-zvizzer-polirovalnaya-pasta-antigologram
Полировальный пасты для ЛКП;ZviZZer;ZviZZer Полировальная паста финишная UC 1000 Ultrafine Cut 750мл;4500;;нет;https://static.tildacdn.com/stor6532-3236-4461-a330-383865383032/20787807.png;http://carshine26.ru/abrazivnye-pasty-dlya-lkp/tproduct/195685350332-zvizzer-polirovalnaya-pasta-finishnaya-u
Полировальный пасты для ЛКП;ZviZZer;ZviZZer Полировальная паста финишная UC 1000 Ultrafine Cut 250мл;1750;;нет;https://static.tildacdn.com/stor6237-6561-4932-a234-616436386261/63352386.png;http://carshine26.ru/abrazivnye-pasty-dlya-lkp/tproduct/237814507912-zvizzer-polirovalnaya-pasta-finishnaya-u
Полировальный пасты для ЛКП;ZviZZer;ZviZZer Универсальная полировальная паста 3-в-1 ONE Polish 750мл;5100;;нет;https://static.tildacdn.com/stor3033-3730-4234-b962-386236376534/40350025.png;http://carshine26.ru/abrazivnye-pasty-dlya-lkp/tproduct/783939160982-zvizzer-universalnaya-polirovalnaya-past
Полировальный пасты для ЛКП;ZviZZer;ZviZZer Универсальная полировальная паста 3-в-1 ONE Polish 250мл;2000;;нет;https://static.tildacdn.com/stor3636-3665-4338-b335-663230396363/38182173.png;http://carshine26.ru/abrazivnye-pasty-dlya-lkp/tproduct/740770648332-zvizzer-universalnaya-polirovalnaya-past
Полировальный пасты для ЛКП;ZviZZer;ZviZZer Крупноабразивная полировальная паста Thermo HC 1500 Heavy Cut 750 мл;4700;;нет;https://static.tildacdn.com/stor3937-3437-4636-a238-323266643064/18082944.png;http://carshine26.ru/abrazivnye-pasty-dlya-lkp/tproduct/876499595982-zvizzer-krupnoabrazivnaya-polirovalnaya
Полировальный пасты для ЛКП;ZviZZer;ZviZZer Одношаговая полировальная паста Professional One Step 3000 750 мл;5950;;нет;https://static.tildacdn.com/stor3066-6435-4863-b565-393435366330/37855411.png;http://carshine26.ru/abrazivnye-pasty-dlya-lkp/tproduct/151984161842-zvizzer-odnoshagovaya-polirovalnaya-past
Полировальный пасты для ЛКП;Menzerna;Высокоабразивная полировальная паста Menzerna Super Heavy Cut Compound 300, 1л;4690;;нет;https://static.tildacdn.com/stor3231-6439-4665-b632-623634616364/37474252.png;http://carshine26.ru/abrazivnye-pasty-dlya-lkp/tproduct/528868866332-visokoabrazivnaya-polirovalnaya-pasta-me
Полировальный пасты для ЛКП;Menzerna;Одношаговая крупнозернистая полировальная паста Menzerna HCC400 1кг.;3900;;нет;https://static.tildacdn.com/stor3735-3535-4131-b066-623364336163/83815477.png;http://carshine26.ru/abrazivnye-pasty-dlya-lkp/tproduct/849040620382-odnoshagovaya-krupnozernistaya-poliroval
Полировальный пасты для ЛКП;Menzerna;Высокоабразивная полировальная паста Menzerna Heavy Cut Compound 1000 1кг.;2100;;нет;https://static.tildacdn.com/stor3436-6236-4162-b236-633237653265/93849990.png;http://carshine26.ru/abrazivnye-pasty-dlya-lkp/tproduct/382583934362-visokoabrazivnaya-polirovalnaya-pasta-me
Полировальный пасты для ЛКП;Menzerna;Полировальный состав MENZERNA PF2500 1л;4250;;нет;https://static.tildacdn.com/stor3239-3837-4031-b836-623030383037/43048117.png;http://carshine26.ru/abrazivnye-pasty-dlya-lkp/tproduct/961593373682-polirovalnii-sostav-menzerna-pf2500-1l
Полировальный пасты для ЛКП;Menzerna;Полировальная паста на основе оксида алюминия Menzerna FF3000, 1л.;2950;;нет;https://static.tildacdn.com/stor6631-3535-4662-b265-643161646532/32886022.png;http://carshine26.ru/abrazivnye-pasty-dlya-lkp/tproduct/572968199042-polirovalnaya-pasta-na-osnove-oksida-aly
Полировальный пасты для ЛКП;Menzerna;MENZERNA Низкоабразивная доводочная полировальная паста One step polish 3 in 1, 1л;4600;;нет;https://static.tildacdn.com/stor6465-6262-4664-a636-663862343363/87108748.png;http://carshine26.ru/abrazivnye-pasty-dlya-lkp/tproduct/169517379142-menzerna-nizkoabrazivnaya-dovodochnaya-p
Полировальный пасты для ЛКП;;Scholl Concepts Универсальная абразивная паста с содержанием воска E-All All in One Allround Polish 1л ECO2501;3350;;нет;https://static.tildacdn.com/stor3132-3938-4438-b263-353737633931/33638250.png;http://carshine26.ru/abrazivnye-pasty-dlya-lkp/tproduct/987813127292-scholl-concepts-universalnaya-abrazivnay
Полировальный пасты для ЛКП;;Scholl Concepts Одношаговая полировальная паста E2000 Schleifcreme medium 1л;3500;;нет;https://static.tildacdn.com/stor6239-6336-4064-a235-356136393433/34524287.png;http://carshine26.ru/abrazivnye-pasty-dlya-lkp/tproduct/250809984272-scholl-concepts-odnoshagovaya-polirovaln
Полировальный пасты для ЛКП;;Scholl Concepts Полировальная паста E3000 Mikro Schleifcreme medium 1л;3350;;нет;https://static.tildacdn.com/stor3562-3562-4036-b039-323861333838/82467171.png;http://carshine26.ru/abrazivnye-pasty-dlya-lkp/tproduct/769283091342-scholl-concepts-polirovalnaya-pasta-e300
Полировальный пасты для ЛКП;;Scholl Concepts Одношаговая полировальная паста S20 Black Real 1-Step Compound 500г;3150;;нет;https://static.tildacdn.com/stor6663-6638-4538-b431-363661363137/97717622.png;http://carshine26.ru/abrazivnye-pasty-dlya-lkp/tproduct/654438397622-scholl-concepts-odnoshagovaya-polirovaln
Полировальный пасты для ЛКП;;Scholl Concepts Антиголограммная паста для твердых лаков S30+ Nano-Schleifcreme grun 1л;4810;;нет;https://static.tildacdn.com/stor3334-6234-4637-b438-303436616336/71127868.png;http://carshine26.ru/abrazivnye-pasty-dlya-lkp/tproduct/180515806112-scholl-concepts-antigologrammnaya-pasta
Полировальный пасты для ЛКП;Sonax;Sonax ProfiLine Высокоабразивный полироль Ultimate Cut 06-03 1л;4100;;нет;https://static.tildacdn.com/stor6435-6339-4239-a666-383666323834/28060528.png;http://carshine26.ru/abrazivnye-pasty-dlya-lkp/tproduct/297050795852-sonax-profiline-visokoabrazivnii-polirol
Осушители кузова (воски);Sonax;Sonax Xtreme Полироль для сияющего блеска Brilliant Shine Detailer 750мл;1100;;нет;https://static.tildacdn.com/stor3562-3735-4330-b037-396563366230/68767139.png;http://carshine26.ru/osushiteli-kuzova/tproduct/993262219842-sonax-xtreme-polirol-dlya-siyayuschego-b
Полировальный пасты для ЛКП;Sonax;Sonax ProfiLine Высокоабразивный полироль CutMax 06-04 1л;5400;;нет;https://static.tildacdn.com/stor6264-6433-4766-b035-333234666337/82525519.png;http://carshine26.ru/abrazivnye-pasty-dlya-lkp/tproduct/686682487002-sonax-profiline-visokoabrazivnii-polirol
Полировальный пасты для ЛКП;Sonax;Sonax ProfiLine Высокоабразивный полироль CutMax 06-04 250мл;2417;;нет;https://static.tildacdn.com/stor6334-3731-4632-b630-616537633133/64446008.png;http://carshine26.ru/abrazivnye-pasty-dlya-lkp/tproduct/920715657002-sonax-profiline-visokoabrazivnii-polirol
Полировальный пасты для ЛКП;Sonax;Sonax Антиголограммный полироль для орбитальных машин EX 04-06 1л;3100;;нет;https://static.tildacdn.com/stor3232-3131-4339-b238-643666343536/39442709.png;http://carshine26.ru/abrazivnye-pasty-dlya-lkp/tproduct/342884608522-sonax-antigologrammnii-polirol-dlya-orbi
Полировальный пасты для ЛКП;Sonax;Sonax ProfiLine Финишная полировальная паста Perfect Finish 04-06 1л;5955;;нет;https://static.tildacdn.com/stor3666-6438-4231-a564-316432363336/58041481.png;http://carshine26.ru/abrazivnye-pasty-dlya-lkp/tproduct/571183504942-sonax-profiline-finishnaya-polirovalnaya
Полировальный пасты для ЛКП;Sonax;Sonax ProfiLine Мелкоабразивная паста FS-05-04 1л;3912;;нет;https://static.tildacdn.com/stor3365-6233-4333-a436-303134356634/31143275.png;http://carshine26.ru/abrazivnye-pasty-dlya-lkp/tproduct/540874496042-sonax-profiline-melkoabrazivnaya-pasta-f
Полировальный пасты для ЛКП;Sonax;Sonax ProfiLine Финальная полировальная паста XP 02-06 1л;3900;;нет;https://static.tildacdn.com/stor3963-3637-4965-b732-643165663564/59701600.png;http://carshine26.ru/abrazivnye-pasty-dlya-lkp/tproduct/977730943682-sonax-profiline-finalnaya-polirovalnaya
Воски, полироли, силанты, глейзы;Sonax;Sonax ProfiLine HW 02-04 Твердый воск NanoPro 1L.;3000;;нет;https://static.tildacdn.com/stor6264-3338-4761-b461-643965303064/49202762.png;http://carshine26.ru/voski-poliroli-silanty-glejzy/tproduct/430698113082-sonax-profiline-hw-02-04-tverdii-vosk-na
Полировальный пасты для ЛКП;Sonax;Sonax ProfiLine Финальная полировальная паста Final 01-06 1л;3450;;нет;https://static.tildacdn.com/stor3735-6436-4331-a632-333239616634/63936848.png;http://carshine26.ru/abrazivnye-pasty-dlya-lkp/tproduct/982525159462-sonax-profiline-finalnaya-polirovalnaya
Полировальный пасты для ЛКП;Sonax;Sonax Абразивный полироль для орбитальных машин ExCut 05-05 1л;4485;;нет;https://static.tildacdn.com/stor3234-3133-4639-b538-393633393963/92399191.png;http://carshine26.ru/abrazivnye-pasty-dlya-lkp/tproduct/694398825372-sonax-abrazivnii-polirol-dlya-orbitalnih
Полировальный пасты для ЛКП;Meguiar's;Meguiar's Корректирующий состав DA Microfiber Correction Compound 473мл;3590;;нет;https://static.tildacdn.com/stor3435-3735-4531-a431-396339613730/86756357.png;http://carshine26.ru/abrazivnye-pasty-dlya-lkp/tproduct/309088085012-meguiars-korrektiruyuschii-sostav-da-mic
Полировальный пасты для ЛКП;Meguiar's;Meguiar's Полироль Pro Speed Compound 945мл;6305;;нет;https://static.tildacdn.com/stor6134-3035-4366-b363-663865326366/47404758.png;http://carshine26.ru/abrazivnye-pasty-dlya-lkp/tproduct/829223948782-meguiars-polirol-pro-speed-compound-945m
Полировальный пасты для ЛКП;Meguiar's;Meguiar's Полироль абразивная Ultra Pro Speed Compound 945мл;8505;;нет;https://static.tildacdn.com/stor6336-3561-4833-b433-623030623531/49901432.png;http://carshine26.ru/abrazivnye-pasty-dlya-lkp/tproduct/989301308332-meguiars-polirol-abrazivnaya-ultra-pro-s
Полировальный пасты для ЛКП;Meguiar's;Meguiar's Высокоабразивная полировальная паста Foam-Cut Compound 945мл;6710;;нет;https://static.tildacdn.com/stor3939-3464-4530-b464-376263613334/77066987.png;http://carshine26.ru/abrazivnye-pasty-dlya-lkp/tproduct/834199165352-meguiars-visokoabrazivnaya-polirovalnaya
Полировальный пасты для ЛКП;Meguiar's;Meguiar's Полироль антиголограммная Ultra Finishing Polish 945мл;6825;;нет;https://static.tildacdn.com/stor6535-3737-4161-a263-323132303633/85332494.png;http://carshine26.ru/abrazivnye-pasty-dlya-lkp/tproduct/169419372512-meguiars-polirol-antigologrammnaya-ultra
Полировальный пасты для ЛКП;Meguiar's;Meguiar's Полироль антиголограммная Ultra Pro Finishing Polish 945мл;7945;;нет;https://static.tildacdn.com/stor6439-6664-4566-b764-353464303564/36679876.png;http://carshine26.ru/abrazivnye-pasty-dlya-lkp/tproduct/436130101782-meguiars-polirol-antigologrammnaya-ultra
Полировальный пасты для ЛКП;Meguiar's;Meguiar's Полироль Pro Speed Polish M200 946мл;5625;;нет;https://static.tildacdn.com/stor6661-3361-4131-b865-353432376164/17726608.png;http://carshine26.ru/abrazivnye-pasty-dlya-lkp/tproduct/107005840712-meguiars-polirol-pro-speed-polish-m200-9
Полировальный пасты для ЛКП;3D;3D Абразивная и полировальная паста 2 в 1 с оксидом алюминия One Hybrid 0,95л;6300;;нет;https://static.tildacdn.com/stor6333-3230-4466-a237-366533623831/30080998.png;http://carshine26.ru/abrazivnye-pasty-dlya-lkp/tproduct/203396976972-3d-abrazivnaya-i-polirovalnaya-pasta-2-v
Полировальный пасты для ЛКП;3D;3D Корректирующая полироль 2в1 AAT Correction Glaze 0,95л;5600;;нет;https://static.tildacdn.com/stor3333-3837-4163-b733-366133353135/63864025.png;http://carshine26.ru/abrazivnye-pasty-dlya-lkp/tproduct/422691850582-3d-korrektiruyuschaya-polirol-2v1-aat-co
Полировальный пасты для ЛКП;3D;3D Финишный полироль с нано-составом AAT Finishing Polish 0.95л;4850;;нет;https://static.tildacdn.com/stor3039-3338-4264-b461-353662343836/33178810.png;http://carshine26.ru/abrazivnye-pasty-dlya-lkp/tproduct/889249636062-3d-finishnii-polirol-s-nano-sostavom-aat
Полировальный пасты для ЛКП;3D;3D Универсальная полировальная паста I-Cut 0,94л;4490;;нет;https://static.tildacdn.com/stor6439-6530-4261-a633-346231373061/52415865.png;http://carshine26.ru/abrazivnye-pasty-dlya-lkp/tproduct/472251268472-3d-universalnaya-polirovalnaya-pasta-i-c
Полировальный пасты для ЛКП;3D;3D Полироль для удаления легких и средних царапин HD Speed 0,95л;5200;;нет;https://static.tildacdn.com/stor3438-6334-4866-b635-633731323365/49760471.png;http://carshine26.ru/abrazivnye-pasty-dlya-lkp/tproduct/371699292422-3d-polirol-dlya-udaleniya-legkih-i-sredn
Полировальный пасты для ЛКП;3D;3D Антиголограммная полироль с оксидом алюминия на водной основе ACA Finishing Polish 0,95л;7100;;нет;https://static.tildacdn.com/stor3361-3238-4439-b166-393062633962/46802152.png;http://carshine26.ru/abrazivnye-pasty-dlya-lkp/tproduct/452474917592-3d-antigologrammnaya-polirol-s-oksidom-a
Полировальный пасты для ЛКП;3D;3D Абразивная и полировальная паста 2 в 1 с оксидом алюминия One Hybrid 0,47л;3700;;нет;https://static.tildacdn.com/stor3934-3837-4632-b661-353964383937/76503965.png;http://carshine26.ru/abrazivnye-pasty-dlya-lkp/tproduct/730238065472-3d-abrazivnaya-i-polirovalnaya-pasta-2-v
Полировальный пасты для ЛКП;3D;3D Полировальная паста с микро-абразивами AAT Cutting Compound 0,95л;4850;;нет;https://static.tildacdn.com/stor3266-3865-4534-b565-616437616239/70414734.png;http://carshine26.ru/abrazivnye-pasty-dlya-lkp/tproduct/706528876232-3d-polirovalnaya-pasta-s-mikro-abrazivam
Полировальный пасты для ЛКП;3D;3D Паста на водной основе для низкотемпературной полировки ACA X-tra Cut Compound 0,95л;7100;;нет;https://static.tildacdn.com/stor3764-6664-4366-a137-653465393465/78073708.png;http://carshine26.ru/abrazivnye-pasty-dlya-lkp/tproduct/836541034182-3d-pasta-na-vodnoi-osnove-dlya-nizkotemp
Полировальный пасты для ЛКП;3D;3D Полировальная паста ACA 510 Rubbing Compound 0,95л;7900;;нет;https://static.tildacdn.com/stor3732-6638-4162-b166-383836303362/60177363.png;http://carshine26.ru/abrazivnye-pasty-dlya-lkp/tproduct/554502095572-3d-polirovalnaya-pasta-aca-510-rubbing-c
Полировальный пасты для ЛКП;GYEON;GYEON Уникальная финишная полировальная паста с содержанием керамики Q2 Primer 120мл;1720;;нет;https://static.tildacdn.com/stor6534-6165-4330-a262-656139306531/91751891.png;http://carshine26.ru/abrazivnye-pasty-dlya-lkp/tproduct/512163279582-gyeon-unikalnaya-finishnaya-polirovalnay
Полировальный пасты для ЛКП;CarPro;CarPro Абразивная полировальная паста ClearCUT 500мл;4122;;нет;https://static.tildacdn.com/stor3036-6335-4438-a539-346666666138/87992668.png;http://carshine26.ru/abrazivnye-pasty-dlya-lkp/tproduct/112428664782-carpro-abrazivnaya-polirovalnaya-pasta-c
Полировальный пасты для ЛКП;CarPro;CarPro Абразивная полировальная паста ClearCUT 250мл;1925;;нет;https://static.tildacdn.com/stor3336-3133-4339-b332-633330323634/54210261.png;http://carshine26.ru/abrazivnye-pasty-dlya-lkp/tproduct/789106472742-carpro-abrazivnaya-polirovalnaya-pasta-c
Полировальный пасты для ЛКП;CarPro;CarPro Экстра режущая полировальная паста Extreme Cut Compound UltraCut 500мл;5172;;нет;https://static.tildacdn.com/stor3534-6564-4036-b637-306337356631/46177295.png;http://carshine26.ru/abrazivnye-pasty-dlya-lkp/tproduct/499465642182-carpro-ekstra-rezhuschaya-polirovalnaya
Полировальный пасты для ЛКП;CarPro;CarPro Экстра режущая полировальная паста Extreme Cut Compound UltraCut 250мл;2220;;нет;https://static.tildacdn.com/stor6565-3530-4330-b330-383361333938/88078652.png;http://carshine26.ru/abrazivnye-pasty-dlya-lkp/tproduct/928307364192-carpro-ekstra-rezhuschaya-polirovalnaya
Полировальный пасты для ЛКП;CarPro;CarPro Одношаговая полировальная паста Fixer 500мл;3129;;нет;https://static.tildacdn.com/stor3661-3238-4531-b730-633135303735/42969440.png;http://carshine26.ru/abrazivnye-pasty-dlya-lkp/tproduct/878809851162-carpro-odnoshagovaya-polirovalnaya-pasta
Полировальный пасты для ЛКП;CarPro;CarPro Одношаговая полировальная паста Fixer 250мл;1929;;нет;https://static.tildacdn.com/stor6237-3161-4830-a435-363362656232/61690318.png;http://carshine26.ru/abrazivnye-pasty-dlya-lkp/tproduct/912064970222-carpro-odnoshagovaya-polirovalnaya-pasta
Полировальный пасты для ЛКП;CarPro;CarPro Финишная полировальная паста Reflect Super Fine Polish 500мл;3329;;нет;https://static.tildacdn.com/stor3764-6364-4238-b038-663533646366/24878100.png;http://carshine26.ru/abrazivnye-pasty-dlya-lkp/tproduct/753794369872-carpro-finishnaya-polirovalnaya-pasta-re
Полировальный пасты для ЛКП;CarPro;CarPro Полировальная паста-подложка Essence с SiO2 500мл;5223;;нет;https://static.tildacdn.com/stor3938-6334-4663-b639-333939653266/57296988.png;http://carshine26.ru/abrazivnye-pasty-dlya-lkp/tproduct/448782163462-carpro-polirovalnaya-pasta-podlozhka-ess
Полировальный пасты для ЛКП;Detail;Detail Среднеабразивная полировальная паста MD (Medium Cut) 1л DT-0375;3500;;нет;https://static.tildacdn.com/stor3635-6239-4361-a333-383762653263/25013611.png;http://carshine26.ru/abrazivnye-pasty-dlya-lkp/tproduct/273393952902-detail-sredneabrazivnaya-polirovalnaya-p
Полировальный пасты для ЛКП;Detail;Detail Антиголограммная полировальная паста DP (Diamond Polish) 1л DT-0377;2555;;нет;https://static.tildacdn.com/stor6364-6266-4662-b233-313831346564/79226305.png;http://carshine26.ru/abrazivnye-pasty-dlya-lkp/tproduct/569254158062-detail-antigologrammnaya-polirovalnaya-p
Полировальный пасты для ЛКП;Detail;Detail Антиголограммная полировальная паста DP (Diamond Polish) 250мл DT-0376;790;;нет;https://static.tildacdn.com/stor3835-6361-4532-b739-623531643030/72469617.png;http://carshine26.ru/abrazivnye-pasty-dlya-lkp/tproduct/842429088362-detail-antigologrammnaya-polirovalnaya-p
Составы для очистки кузова;FIREBALL;FIREBALL Удалитель восков, силантов и старых керамических покрытий Wax Off, 500 мл;1665;;нет;https://static.tildacdn.com/stor3665-6461-4266-b332-343861316661/27442485.png;http://carshine26.ru/sostavy-dlya-ochistki-kuzova/tproduct/326513569652-fireball-udalitel-voskov-silantov-i-star
Составы для очистки кузова;FIREBALL;FIREBALL Очиститель пятен от воды и водного камня Water Spot, 500 мл;1330;;нет;https://static.tildacdn.com/stor6330-6637-4036-a132-326265656535/91888500.png;http://carshine26.ru/sostavy-dlya-ochistki-kuzova/tproduct/860444859982-fireball-ochistitel-pyaten-ot-vodi-i-vod
Осушители кузова (воски);CarPro;CarPro Синтетический детейлер-спрей Elixir 500мл;2250;;нет;https://static.tildacdn.com/stor3164-6635-4236-b063-346139646536/31830381.png;http://carshine26.ru/osushiteli-kuzova/tproduct/848683105132-carpro-sinteticheskii-deteiler-sprei-eli
Осушители кузова (воски);FIREBALL;FIREBALL Концентрат гидрофобной пены с SiO2 Hydro Foam 1:15;1830;;нет;https://static.tildacdn.com/stor6335-3631-4131-b664-636335393364/56926737.png;http://carshine26.ru/osushiteli-kuzova/tproduct/548616294562-fireball-kontsentrat-gidrofobnoi-peni-s
Составы для очистки кузова;CarPro;CarPRO Spotless 2.0 очиститель водных пятен, 500мл;1550;;нет;https://static.tildacdn.com/stor6631-3962-4337-b961-333066313136/40215365.png;http://carshine26.ru/sostavy-dlya-ochistki-kuzova/tproduct/913779208502-carpro-spotless-20-ochistitel-vodnih-pya
Составы для очистки кузова;CarPro;CarPRO Spotless 2.0 очиститель водных пятен, 50мл;610;;нет;https://static.tildacdn.com/stor3632-6262-4230-b935-396531353132/24459802.png;http://carshine26.ru/sostavy-dlya-ochistki-kuzova/tproduct/819649505252-carpro-spotless-20-ochistitel-vodnih-pya
Составы для очистки кузова;3D;3D Гель для удаления пятен воды и водного камня Eraser Water Spot Remover 0,48л;2450;;нет;https://static.tildacdn.com/stor6132-3366-4264-b032-633531376139/37491505.png;http://carshine26.ru/sostavy-dlya-ochistki-kuzova/tproduct/881948454932-3d-gel-dlya-udaleniya-pyaten-vodi-i-vodn
Полировальные круги и пады;A302;"155 мм - Агрессивный полировальник ""Синий Мех"" (ворс 23мм) на тонком интерфейсе А302";1520;;нет;https://static.tildacdn.com/stor3964-3539-4362-b535-646564396431/42902241.png;http://carshine26.ru/polirovalnye-krugi-i-pady/tproduct/980426257692-155-mm-agressivnii-polirovalnik-sinii-me
Полировальные круги и пады;A302;"130 мм - Агрессивный полировальник ""Синий Мех"" (ворс 23мм) на тонком интерфейсе А302";1190;;нет;https://static.tildacdn.com/stor3263-3731-4363-b838-663335393235/74279381.png;http://carshine26.ru/polirovalnye-krugi-i-pady/tproduct/416662045912-130-mm-agressivnii-polirovalnik-sinii-me
Полировальные круги и пады;A302;"80 мм - Агрессивный полировальник ""Синий Мех"" (ворс 23мм) на тонком интерфейсе А302";615;;нет;https://static.tildacdn.com/stor3562-3064-4063-a538-313766613966/79090498.png;http://carshine26.ru/polirovalnye-krugi-i-pady/tproduct/463580890572-80-mm-agressivnii-polirovalnik-sinii-meh
Полировальные круги и пады;A302;"155 мм - Меховой круг ""Лиловый"" на Поролоне DA (короткий ворс 8мм) / A302";1297;;нет;https://static.tildacdn.com/stor3166-3431-4334-b732-326639373336/41692256.png;http://carshine26.ru/polirovalnye-krugi-i-pady/tproduct/567747539492-155-mm-mehovoi-krug-lilovii-na-porolone
Полировальные круги и пады;A302;"130 мм - Меховой круг ""Лиловый"" на Поролоне DA (короткий ворс 8мм) A302";972;;нет;https://static.tildacdn.com/stor3066-3238-4230-a239-363031336164/61288100.png;http://carshine26.ru/polirovalnye-krugi-i-pady/tproduct/847762655942-130-mm-mehovoi-krug-lilovii-na-porolone
Полировальные круги и пады;A302;"80 мм - Меховой круг ""Лиловый"" на Поролоне DA (короткий ворс 8мм) / A302";504;;нет;https://static.tildacdn.com/stor6665-3932-4030-a464-363935313639/70214174.png;http://carshine26.ru/polirovalnye-krugi-i-pady/tproduct/390847925072-80-mm-mehovoi-krug-lilovii-na-porolone-d
Полировальные круги и пады;A302;150/160 Меховой полировальник на поролоне RO-DA (ворс 16 мм) / A302;899;;нет;https://static.tildacdn.com/stor3931-3936-4637-b265-333532356338/34080471.png;http://carshine26.ru/polirovalnye-krugi-i-pady/tproduct/643755958582-150160-mehovoi-polirovalnik-na-porolone
Полировальные круги и пады;A302;125/135 Меховой полировальник на поролоне RO-DA (ворс 16 мм) / A302;699;;нет;https://static.tildacdn.com/stor3833-3761-4332-a466-313531306662/77272618.png;http://carshine26.ru/polirovalnye-krugi-i-pady/tproduct/503939562552-125135-mehovoi-polirovalnik-na-porolone
Полировальные круги и пады;A302;80/90 Меховой полировальник на поролоне RO-DA (ворс 16 мм) / A302;380;;нет;https://static.tildacdn.com/stor6163-3763-4162-b763-613335353166/63689977.png;http://carshine26.ru/polirovalnye-krugi-i-pady/tproduct/524375923992-8090-mehovoi-polirovalnik-na-porolone-ro
Полировальные круги и пады;A302;155/165 Меховой полировальник термо сэндвич (ворс 5 мм) A302;1430;;нет;https://static.tildacdn.com/stor6533-6137-4264-b465-303361376233/26246228.png;http://carshine26.ru/polirovalnye-krugi-i-pady/tproduct/571058550942-155165-mehovoi-polirovalnik-termo-sendvi
Полировальные круги и пады;A302;130/140 Меховой полировальник термо сэндвич (ворс 5 мм) A302;1080;;нет;https://static.tildacdn.com/stor3633-3538-4436-b639-343632346630/12222816.png;http://carshine26.ru/polirovalnye-krugi-i-pady/tproduct/259503648332-130140-mehovoi-polirovalnik-termo-sendvi
Полировальные круги и пады;A302;80/90 Меховой полировальник термо сэндвич (ворс 5 мм) A302;630;;нет;https://static.tildacdn.com/stor3966-3131-4062-a563-306363383936/69048054.png;http://carshine26.ru/polirovalnye-krugi-i-pady/tproduct/199746075712-8090-mehovoi-polirovalnik-termo-sendvich
Полировальные круги и пады;A302;"150/160 - Гибридный полировальник ""Зеленая шерсть"" (ворс 8мм) на поролоне / A302";950;;нет;https://static.tildacdn.com/stor3166-6663-4639-b164-616564356631/98913989.png;http://carshine26.ru/polirovalnye-krugi-i-pady/tproduct/333733194522-150160-gibridnii-polirovalnik-zelenaya-s
Полировальные круги и пады;A302;"125/135 - Гибридный полировальник ""Зеленая шерсть"" (ворс 8мм) на поролоне / A302";699;;нет;https://static.tildacdn.com/stor3534-3864-4764-a132-393861356634/24955003.png;http://carshine26.ru/polirovalnye-krugi-i-pady/tproduct/216540661862-125135-gibridnii-polirovalnik-zelenaya-s
Полировальные круги и пады;A302;"80/90 - Гибридный полировальник ""Зеленая шерсть"" (ворс 8мм) на поролоне / A302";395;;нет;https://static.tildacdn.com/stor6664-3434-4261-b837-306336343238/49430456.png;http://carshine26.ru/polirovalnye-krugi-i-pady/tproduct/650363797262-8090-gibridnii-polirovalnik-zelenaya-she
Полировальные круги и пады;A302;150/25/160 Твердый термопад DA сэндвич (зеленый) A302;1100;;нет;https://static.tildacdn.com/stor6137-6463-4738-a432-316661383765/72363946.png;http://carshine26.ru/polirovalnye-krugi-i-pady/tproduct/175055345972-15025160-tverdii-termopad-da-sendvich-ze
Полировальные круги и пады;A302;125/25/140 Твердый термопад DA сэндвич (зеленый) A302;880;;нет;https://static.tildacdn.com/stor3337-3864-4536-b362-623762303736/23478374.png;http://carshine26.ru/polirovalnye-krugi-i-pady/tproduct/521101769162-12525140-tverdii-termopad-da-sendvich-ze
Полировальные круги и пады;A302;75/25/90 Твердый термопад DA сэндвич (зеленый) A302;395;;нет;https://static.tildacdn.com/stor3339-6463-4963-a532-613034393238/84137796.png;http://carshine26.ru/polirovalnye-krugi-i-pady/tproduct/907705500952-752590-tverdii-termopad-da-sendvich-zele
Полировальные круги и пады;A302;150/25/160 мм Мягкий полировальный круг (желтый) А302 TRAPEZ PAD;699;;нет;https://static.tildacdn.com/stor3232-3533-4065-b139-616335316535/87988551.png;http://carshine26.ru/polirovalnye-krugi-i-pady/tproduct/234268325582-15025160-mm-myagkii-polirovalnii-krug-zh
Полировальные круги и пады;A302;125/25/140 мм Мягкий полировальный круг (желтый) А302 TRAPEZ PAD;550;;нет;https://static.tildacdn.com/stor3464-3837-4638-b837-616430336437/78916594.png;http://carshine26.ru/polirovalnye-krugi-i-pady/tproduct/840027073292-12525140-mm-myagkii-polirovalnii-krug-zh
Полировальные круги и пады;A302;75/25/90 мм Мягкий полировальный круг (желтый) А302 TRAPEZ PAD;330;;нет;https://static.tildacdn.com/stor3266-3163-4363-b034-393132646262/95778705.png;http://carshine26.ru/polirovalnye-krugi-i-pady/tproduct/869318737922-752590-mm-myagkii-polirovalnii-krug-zhel
Полировальные круги и пады;A302;150/25/160 Полутвердый термопад DA сэндвич (оранжевый) А302;1110;;нет;https://static.tildacdn.com/stor3863-6464-4039-b562-303234613366/35692988.png;http://carshine26.ru/polirovalnye-krugi-i-pady/tproduct/719591122402-15025160-polutverdii-termopad-da-sendvic
Полировальные круги и пады;A302;125/25/140 Полутвердый термопад DA сэндвич (оранжевый) А302;880;;нет;https://static.tildacdn.com/stor3331-3433-4536-a562-363539303261/94235316.png;http://carshine26.ru/polirovalnye-krugi-i-pady/tproduct/279579843302-12525140-polutverdii-termopad-da-sendvic
Полировальные круги и пады;A302;150/25/160 мм Твердый полировальный круг (красный) А302 TRAPEZ PAD;699;;нет;https://static.tildacdn.com/stor3330-3831-4264-a637-313634633630/70881084.png;http://carshine26.ru/polirovalnye-krugi-i-pady/tproduct/730557523722-15025160-mm-tverdii-polirovalnii-krug-kr
Полировальные круги и пады;A302;125/25/140 мм Твердый полировальный круг (красный) А302 TRAPEZ PAD;550;;нет;https://static.tildacdn.com/stor3066-3338-4331-b664-396531643331/98676968.png;http://carshine26.ru/polirovalnye-krugi-i-pady/tproduct/503832821412-12525140-mm-tverdii-polirovalnii-krug-kr
Полировальные круги и пады;A302;75/25/90 мм Твердый полировальный круг (красный) А302 TRAPEZ PAD;330;;нет;https://static.tildacdn.com/stor3637-6661-4332-b561-656161376235/40291435.png;http://carshine26.ru/polirovalnye-krugi-i-pady/tproduct/763123770442-752590-mm-tverdii-polirovalnii-krug-kras
Полировальные круги и пады;A302;150/25/160 Мягкий полировальный круг (желтый) - А302 STANDART PAD;530;;нет;https://static.tildacdn.com/stor3732-6330-4464-b631-343963633731/90870195.png;http://carshine26.ru/polirovalnye-krugi-i-pady/tproduct/549885689452-15025160-myagkii-polirovalnii-krug-zhelt
Полировальные круги и пады;A302;130/20/140 Мягкий полировальный круг (желтый) - А302 STANDART PAD;430;;нет;https://static.tildacdn.com/stor3435-3235-4863-b038-356639353765/37702655.png;http://carshine26.ru/polirovalnye-krugi-i-pady/tproduct/606064220032-13020140-myagkii-polirovalnii-krug-zhelt
Полировальные круги и пады;A302;150/25/160 Твердый полировальный круг (красный) - А302 STANDART PAD;530;;нет;https://static.tildacdn.com/stor3438-3837-4630-a566-306461366336/13816065.png;http://carshine26.ru/polirovalnye-krugi-i-pady/tproduct/452554043382-15025160-tverdii-polirovalnii-krug-krasn
Полировальные круги и пады;A302;75/25/90 мм Полутвердый полировальный круг (оранжевый) А302 TRAPEZ PAD;330;;нет;https://static.tildacdn.com/stor3630-3862-4439-b465-373463313665/66862757.png;http://carshine26.ru/polirovalnye-krugi-i-pady/tproduct/582895547822-752590-mm-polutverdii-polirovalnii-krug
Полировальные круги и пады;A302;125/25/140 мм Полутвердый полировальный круг (оранжевый) А302 TRAPEZ PAD;550;;нет;https://static.tildacdn.com/stor6237-3965-4839-a563-643563636138/35839741.png;http://carshine26.ru/polirovalnye-krugi-i-pady/tproduct/377969193182-12525140-mm-polutverdii-polirovalnii-kru
Полировальные круги и пады;A302;150/25/160 мм Полутвердый полировальный круг (оранжевый) А302 TRAPEZ PAD;699;;нет;https://static.tildacdn.com/stor6139-3038-4930-a666-303166346330/27386926.png;http://carshine26.ru/polirovalnye-krugi-i-pady/tproduct/547352125702-15025160-mm-polutverdii-polirovalnii-kru
Полировальные круги и пады;A302;130/20/140 Полутвердый полировальный круг (оранжевый) - А302 STANDART PAD;430;;нет;https://static.tildacdn.com/stor6632-3936-4065-a362-333637393832/78593130.png;http://carshine26.ru/polirovalnye-krugi-i-pady/tproduct/921760444742-13020140-polutverdii-polirovalnii-krug-o
Полировальные круги и пады;A302;150/25/160 Полутвердый полировальный круг (оранжевый) - А302 STANDART PAD;530;;нет;https://static.tildacdn.com/stor3364-3535-4638-a637-333365623565/43514196.png;http://carshine26.ru/polirovalnye-krugi-i-pady/tproduct/729928652052-15025160-polutverdii-polirovalnii-krug-o
Полировальные круги и пады;A302;150/25/160 Мягкий термопад DA сэндвич (голубой) А302;1110;;нет;https://static.tildacdn.com/stor6137-3736-4537-b633-373435636532/72782603.png;http://carshine26.ru/polirovalnye-krugi-i-pady/tproduct/666615816122-15025160-myagkii-termopad-da-sendvich-go
Полировальные круги и пады;A302;125/25/140 Мягкий термопад DA сэндвич (голубой) А302;880;;нет;https://static.tildacdn.com/stor6665-6234-4266-b565-653063626639/63242868.png;http://carshine26.ru/polirovalnye-krugi-i-pady/tproduct/674466375122-12525140-myagkii-termopad-da-sendvich-go
Полировальные круги и пады;A302;75/25/90 Мягкий термопад DA сэндвич (голубой) А302;395;;нет;https://static.tildacdn.com/stor6336-3835-4131-b634-353736613765/61600217.png;http://carshine26.ru/polirovalnye-krugi-i-pady/tproduct/964897279752-752590-myagkii-termopad-da-sendvich-golu
Полировальные круги и пады;A302;75/25/90 мм Экстра твердый полировальный круг (синий) - А302 TRAPEZ PAD;330;;нет;https://static.tildacdn.com/stor3136-6362-4164-b133-653937313937/29379216.png;http://carshine26.ru/polirovalnye-krugi-i-pady/tproduct/140698301452-752590-mm-ekstra-tverdii-polirovalnii-kr
Полировальные круги и пады;A302;125/25/140 мм Экстра твердый полировальный круг (синий) А302 TRAPEZ PAD;550;;нет;https://static.tildacdn.com/stor3533-3661-4531-b334-623466323133/87949556.png;http://carshine26.ru/polirovalnye-krugi-i-pady/tproduct/309758230242-12525140-mm-ekstra-tverdii-polirovalnii
Полировальные круги и пады;A302;150/25/160 мм Экстра твердый полировальный круг (синий) - А302 TRAPEZ PAD;699;;нет;https://static.tildacdn.com/stor3334-6338-4830-b363-653535333630/35941352.png;http://carshine26.ru/polirovalnye-krugi-i-pady/tproduct/397293551312-15025160-mm-ekstra-tverdii-polirovalnii
Полировальные круги и пады;A302;150/160 - Микрофибровый полировальник Режущий (ворс 12 мм) / A302;760;;нет;https://static.tildacdn.com/stor6431-3936-4631-b732-343334653162/33808301.png;http://carshine26.ru/polirovalnye-krugi-i-pady/tproduct/747269624042-150160-mikrofibrovii-polirovalnik-rezhus
Полировальные круги и пады;A302;125/135 - Микрофибровый полировальник Режущий (ворс 12 мм) / A302;599;;нет;https://static.tildacdn.com/stor3361-3330-4464-b838-656534636661/51197035.png;http://carshine26.ru/polirovalnye-krugi-i-pady/tproduct/857630375752-125135-mikrofibrovii-polirovalnik-rezhus
Полировальные круги и пады;A302;80/90 - Микрофибровый полировальник Режущий (ворс 12 мм) / A302;340;;нет;https://static.tildacdn.com/stor3437-6563-4762-a363-613063613338/97147350.png;http://carshine26.ru/polirovalnye-krugi-i-pady/tproduct/729360965622-8090-mikrofibrovii-polirovalnik-rezhusch
Полировальные круги и пады;A302;150/160 - Микрофибровый полировальник Экстра Режущий (ворс 5 мм) / A302;799;;нет;https://static.tildacdn.com/stor3237-3139-4238-a537-313935323233/33909183.png;http://carshine26.ru/polirovalnye-krugi-i-pady/tproduct/566218456982-150160-mikrofibrovii-polirovalnik-ekstra
Полировальные круги и пады;A302;125/135 - Микрофибровый полировальник Экстра Режущий (ворс 5 мм) / A302;620;;нет;https://static.tildacdn.com/stor3932-3133-4165-b766-643563356431/57696161.png;http://carshine26.ru/polirovalnye-krugi-i-pady/tproduct/337230639802-125135-mikrofibrovii-polirovalnik-ekstra
Полировальные круги и пады;A302;80/90 - Микрофибровый полировальник Экстра Режущий (ворс 5 мм) / A302;360;;нет;https://static.tildacdn.com/stor3063-3937-4934-b361-333763373061/99784976.png;http://carshine26.ru/polirovalnye-krugi-i-pady/tproduct/987226639772-8090-mikrofibrovii-polirovalnik-ekstra-r
Полировальные круги и пады;A302;150 мм Круг для полировки стекла и металла (поливискоза) / A302;450;;нет;https://static.tildacdn.com/stor3238-3661-4635-b364-653264366139/55476277.png;http://carshine26.ru/polirovalnye-krugi-i-pady/tproduct/797596246672-150-mm-krug-dlya-polirovki-stekla-i-meta
Полировальные круги и пады;A302;125 мм Круг для полировки стекла и металла (поливискоза) / A302;350;;нет;https://static.tildacdn.com/stor6334-3166-4962-a639-613763353937/15002652.png;http://carshine26.ru/polirovalnye-krugi-i-pady/tproduct/318390111212-125-mm-krug-dlya-polirovki-stekla-i-meta
Полировальные круги и пады;A302;125/25/140 Ультрамягкий термопад DA сэндвич (черный) A302;880;;нет;https://static.tildacdn.com/stor3861-3237-4430-a234-616463323731/28849278.png;http://carshine26.ru/polirovalnye-krugi-i-pady/tproduct/196344741922-12525140-ultramyagkii-termopad-da-sendvi
Полировальные круги и пады;Flexipads;150 мм Flexipads черный режущий 1-STEP микрофибровый круг;1149;;нет;https://static.tildacdn.com/stor3464-3562-4535-b338-303165363666/43241996.png;http://carshine26.ru/polirovalnye-krugi-i-pady/tproduct/491068360662-150-mm-flexipads-chernii-rezhuschii-1-st
Полировальные круги и пады;Leraton;Меховой полировальник на поролоне 150/180 LERATON WPF180;1050;;нет;https://static.tildacdn.com/stor6239-3230-4232-a530-656563316463/10097700.png;http://carshine26.ru/polirovalnye-krugi-i-pady/tproduct/458919475152-mehovoi-polirovalnik-na-porolone-150180
Полировальные круги и пады;Leraton;Меховой полировальник на поролоне 130/150 LERATON WPF150;950;;нет;https://static.tildacdn.com/stor3732-6137-4938-a630-383266316130/98659435.png;http://carshine26.ru/polirovalnye-krugi-i-pady/tproduct/175192615562-mehovoi-polirovalnik-na-porolone-130150
Полировальные круги и пады;Leraton;Меховой полировальник на поролоне 80/100 LERATON WPF100;570;;нет;https://static.tildacdn.com/stor3434-6365-4230-a336-383433313937/12548745.png;http://carshine26.ru/polirovalnye-krugi-i-pady/tproduct/834202981312-mehovoi-polirovalnik-na-porolone-80100-l
Полировальные круги и пады;Leraton;Меховой круг на поролоне (ворс средней длины) 150/180мм LERATON WBC180;1050;;нет;https://static.tildacdn.com/stor3263-3065-4231-b334-346363656136/71408757.png;http://carshine26.ru/polirovalnye-krugi-i-pady/tproduct/321085857522-mehovoi-krug-na-porolone-vors-srednei-dl
Полировальные круги и пады;Leraton;Меховой круг на поролоне (ворс средней длины) 130/150мм LERATON WBC150;950;;нет;https://static.tildacdn.com/stor6166-6332-4464-b735-343432346131/10287938.png;http://carshine26.ru/polirovalnye-krugi-i-pady/tproduct/149879045162-mehovoi-krug-na-porolone-vors-srednei-dl
Полировальные круги и пады;Leraton;Меховой круг на поролоне (ворс средней длины) 80/100мм LERATON WBC100;570;;нет;https://static.tildacdn.com/stor3565-3863-4561-b966-383534636431/54623530.png;http://carshine26.ru/polirovalnye-krugi-i-pady/tproduct/453854978002-mehovoi-krug-na-porolone-vors-srednei-dl
Полировальные круги и пады;Leraton;Гибридный меховой круг на поролоне LERATON 150мм WVF150;1050;;нет;https://static.tildacdn.com/stor3732-3031-4938-a534-353936323035/67105313.png;http://carshine26.ru/polirovalnye-krugi-i-pady/tproduct/632416288192-gibridnii-mehovoi-krug-na-porolone-lerat
Полировальные круги и пады;Leraton;Гибридный меховой круг на поролоне LERATON 130мм WVF130;950;;нет;https://static.tildacdn.com/stor6263-3865-4366-a230-313837396332/78824192.png;http://carshine26.ru/polirovalnye-krugi-i-pady/tproduct/341298025212-gibridnii-mehovoi-krug-na-porolone-lerat
Полировальные круги и пады;Leraton;Гибридный меховой круг на поролоне LERATON 80мм WVF80;570;;нет;https://static.tildacdn.com/stor3163-3561-4162-b531-323234343062/37920984.png;http://carshine26.ru/polirovalnye-krugi-i-pady/tproduct/724370513842-gibridnii-mehovoi-krug-na-porolone-lerat
Полировальные круги и пады;Leraton;Гибридный меховой круг LERATON WV80;400;;нет;https://static.tildacdn.com/stor3433-3637-4466-b233-383361326436/30262596.png;http://carshine26.ru/polirovalnye-krugi-i-pady/tproduct/631123285362-gibridnii-mehovoi-krug-leraton-wv80
Полировальные круги и пады;Leraton;Меховой полировальник 135мм LERATON WP130;1250;;нет;https://static.tildacdn.com/stor6262-6561-4633-a139-613631316565/28698839.png;http://carshine26.ru/polirovalnye-krugi-i-pady/tproduct/554064252572-mehovoi-polirovalnik-135mm-leraton-wp130
Полировальные круги и пады;Leraton;Меховой полировальник 155мм LERATON WP150;1400;;нет;https://static.tildacdn.com/stor6265-3235-4137-a232-623034333862/73752482.png;http://carshine26.ru/polirovalnye-krugi-i-pady/tproduct/261428376892-mehovoi-polirovalnik-155mm-leraton-wp150
Полировальные круги и пады;Leraton;Меховой полировальник 80мм LERATON WP80;750;;нет;https://static.tildacdn.com/stor3730-3362-4539-a463-386537633066/11946309.png;http://carshine26.ru/polirovalnye-krugi-i-pady/tproduct/691886544152-mehovoi-polirovalnik-80mm-leraton-wp80
Полировальные круги и пады;Leraton;Твердый зеленый DA THERMO полировальник 130/155 LERATON DAH150;800;;нет;https://static.tildacdn.com/stor3463-6430-4537-a332-316466663033/26230110.png;http://carshine26.ru/polirovalnye-krugi-i-pady/tproduct/351335628302-tverdii-zelenii-da-thermo-polirovalnik-1
Полировальные круги и пады;Leraton;Средний синий DA THERMO полировальник 130/155 LERATON DAM150;800;;нет;https://static.tildacdn.com/stor6639-3836-4561-b537-643463306139/62323336.png;http://carshine26.ru/polirovalnye-krugi-i-pady/tproduct/933047383732-srednii-sinii-da-thermo-polirovalnik-130
Полировальные круги и пады;Leraton;Средний синий THERMO роторный полировальник 130мм LERATON ROM130;750;;нет;https://static.tildacdn.com/stor6538-3831-4239-b736-333061353963/50522756.png;http://carshine26.ru/polirovalnye-krugi-i-pady/tproduct/805149160882-srednii-sinii-thermo-rotornii-polirovaln
Полировальные круги и пады;Leraton;Меховой полировальник 80мм LERATON W80;400;;нет;https://static.tildacdn.com/stor3863-6462-4838-b237-613561373138/76733866.png;http://carshine26.ru/polirovalnye-krugi-i-pady/tproduct/942087118232-mehovoi-polirovalnik-80mm-leraton-w80
Полировальные круги и пады;Leraton;Мягкий желтый DA THERMO полировальник 130/155 LERATON DAP150;800;;нет;https://static.tildacdn.com/stor3336-6463-4431-a236-636366323335/12923276.png;http://carshine26.ru/polirovalnye-krugi-i-pady/tproduct/410113903652-myagkii-zheltii-da-thermo-polirovalnik-1
Полировальные круги и пады;;Полировальный круг из шерстяного меха, диаметр 130 мм. без подложки SMART OPEN;1190;;нет;https://static.tildacdn.com/stor3763-3464-4965-b230-663765613137/19006245.png;http://carshine26.ru/polirovalnye-krugi-i-pady/tproduct/212064712322-polirovalnii-krug-iz-sherstyanogo-meha-d
Полировальные круги и пады;;Полировальный круг из шерстяного меха,диаметр 130 мм,на подложке 5 мм, длинна шерсти 10 SMART OPEN;1450;;нет;https://static.tildacdn.com/stor3138-6431-4131-b163-633032356562/43990258.png;http://carshine26.ru/polirovalnye-krugi-i-pady/tproduct/309068018532-polirovalnii-krug-iz-sherstyanogo-mehadi
Полировальные круги и пады;;Полировальный круг из стриж. меха, 130 мм, на подложке 10 мм,стриж. шерсть длинной 5 мм SMART OPEN;1260;;нет;https://static.tildacdn.com/stor6663-3364-4239-b132-313937633366/25652596.png;http://carshine26.ru/polirovalnye-krugi-i-pady/tproduct/822940210402-polirovalnii-krug-iz-strizh-meha-130-mm
Полировальные круги и пады;;Полировальный круг двухслойный синий (мягкий) 130/150/30мм, SMART OPEN;750;;нет;https://static.tildacdn.com/stor6662-6137-4234-b132-363939656462/62272500.png;http://carshine26.ru/polirovalnye-krugi-i-pady/tproduct/855550832292-polirovalnii-krug-dvuhsloinii-sinii-myag
Полировальные круги и пады;Koch Chemie;Koch Chemie Полировальный круг Heavy Cut Pad 150x23мм;1400;;нет;https://static.tildacdn.com/stor3832-3931-4039-b864-303232336231/77189822.png;http://carshine26.ru/polirovalnye-krugi-i-pady/tproduct/194154908052-koch-chemie-polirovalnii-krug-heavy-cut
Полировальные круги и пады;Koch Chemie;Koch Chemie Полировальный круг Heavy Cut Pad 126x23мм;1200;;нет;https://static.tildacdn.com/stor3164-6465-4564-b162-653863306338/15083105.png;http://carshine26.ru/polirovalnye-krugi-i-pady/tproduct/677116831662-koch-chemie-polirovalnii-krug-heavy-cut
Полировальные круги и пады;Koch Chemie;Koch Chemie Полировальный круг Heavy Cut Pad 76x23мм;700;;нет;https://static.tildacdn.com/stor6235-3965-4536-b338-396339366132/21319406.png;http://carshine26.ru/polirovalnye-krugi-i-pady/tproduct/991441974652-koch-chemie-polirovalnii-krug-heavy-cut
Полировальные круги и пады;Koch Chemie;Koch Chemie Полировальный круг Fine Cut Pad 150x23мм;1300;;нет;https://static.tildacdn.com/stor3436-3334-4238-b564-333133343033/64018485.png;http://carshine26.ru/polirovalnye-krugi-i-pady/tproduct/873962172092-koch-chemie-polirovalnii-krug-fine-cut-p
Полировальные круги и пады;Koch Chemie;Koch Chemie Полировальный круг Fine Cut Pad 126x23мм;1200;;нет;https://static.tildacdn.com/stor3466-6163-4166-b435-663364363733/93553052.png;http://carshine26.ru/polirovalnye-krugi-i-pady/tproduct/540554905522-koch-chemie-polirovalnii-krug-fine-cut-p
Полировальные круги и пады;Koch Chemie;Koch Chemie Полировальный круг Fine Cut Pad 76x23мм;700;;нет;https://static.tildacdn.com/stor3963-3833-4537-b933-613934366435/21731411.png;http://carshine26.ru/polirovalnye-krugi-i-pady/tproduct/272425222332-koch-chemie-polirovalnii-krug-fine-cut-p
Полировальные круги и пады;Koch Chemie;Koch Chemie Полировальный круг One Cut Pad 150 x 23мм;1350;;нет;https://static.tildacdn.com/stor3130-6434-4265-b930-653865613537/36987466.png;http://carshine26.ru/polirovalnye-krugi-i-pady/tproduct/664259959732-koch-chemie-polirovalnii-krug-one-cut-pa
Полировальные круги и пады;Koch Chemie;Koch Chemie Полировальный круг One Cut Pad 126 x 23мм;1200;;нет;https://static.tildacdn.com/stor3463-3262-4834-a136-653965386266/26742899.png;http://carshine26.ru/polirovalnye-krugi-i-pady/tproduct/212476256642-koch-chemie-polirovalnii-krug-one-cut-pa
Полировальные круги и пады;Koch Chemie;Koch Chemie Полировальный круг One Cut Pad 76 x 23мм;700;;нет;https://static.tildacdn.com/stor3733-6636-4164-b665-616633613863/28257720.png;http://carshine26.ru/polirovalnye-krugi-i-pady/tproduct/370389921922-koch-chemie-polirovalnii-krug-one-cut-pa
Полировальные круги и пады;Koch Chemie;Koch Chemie Полировальный круг Micro Cut Pad 150x23мм;1350;;нет;https://static.tildacdn.com/stor6530-3162-4534-a338-396238356461/30970344.png;http://carshine26.ru/polirovalnye-krugi-i-pady/tproduct/198610884152-koch-chemie-polirovalnii-krug-micro-cut
Полировальные круги и пады;Koch Chemie;Koch Chemie Полировальный круг Micro Cut Pad 126x23мм;1250;;нет;https://static.tildacdn.com/stor3631-6666-4931-b834-363434303431/67143110.png;http://carshine26.ru/polirovalnye-krugi-i-pady/tproduct/459049887042-koch-chemie-polirovalnii-krug-micro-cut
Полировальные круги и пады;Koch Chemie;Koch Chemie Полировальный круг Micro Cut Pad 76x23мм;650;;нет;https://static.tildacdn.com/stor3331-3661-4531-a131-303863313462/64782135.png;http://carshine26.ru/polirovalnye-krugi-i-pady/tproduct/159205023772-koch-chemie-polirovalnii-krug-micro-cut
Полировальные круги и пады;Koch Chemie;"Koch Chemie Полировальный круг Polish &amp; Sealing Pad 150 x 23мм";1250;;нет;https://static.tildacdn.com/stor3938-3830-4531-a439-666139636539/62089333.png;http://carshine26.ru/polirovalnye-krugi-i-pady/tproduct/936796636812-koch-chemie-polirovalnii-krug-polish-amp
Полировальные круги и пады;Koch Chemie;"Koch Chemie Polish &amp; Sealing Pad полировальный круг, 126x23мм";1000;;нет;https://static.tildacdn.com/stor6262-3935-4732-b931-323333373330/47697774.png;http://carshine26.ru/polirovalnye-krugi-i-pady/tproduct/339444030552-koch-chemie-polish-amp-sealing-pad-polir
Полировальные круги и пады;ZviZZer;Zvizzer Thermo Pad HARD 130-140/20/125мм Полировальный термостойкий поролоновый белый круг твердый 16 kPa.;750;ZV-TP00014020WE;нет;https://static.tildacdn.com/stor3964-3065-4365-a232-643465363166/90486025.png;http://carshine26.ru/polirovalnye-krugi-i-pady/tproduct/433814500502-zvizzer-thermo-pad-hard-130-14020125mm-p
Полировальные круги и пады;ZviZZer;Zvizzer Thermo Pad HARD 155-160/20/150мм . Полировальный термостойкий поролоновый белый круг твердый 16 kPa.;1100;ZV-TP00016020WE;нет;https://static.tildacdn.com/stor3964-3065-4365-a232-643465363166/90486025.png;http://carshine26.ru/polirovalnye-krugi-i-pady/tproduct/253443658012-zvizzer-thermo-pad-hard-155-16020150mm-p
Полировальные круги и пады;ZviZZer;Zvizzer Thermo Pad MEDIUM 130-140/20/125мм Полировальный термостойкий поролоновый синий круг средней плотности 13 kPa.;750;ZV-TP00014020BE;нет;https://static.tildacdn.com/stor3335-3861-4663-a139-313063623439/11136875.png;http://carshine26.ru/polirovalnye-krugi-i-pady/tproduct/389701903182-zvizzer-thermo-pad-medium-130-14020125mm
Полировальные круги и пады;ZviZZer;Zvizzer Thermo Pad MEDIUM 85-90/20/80мм. Полировальный термостойкий поролоновый синий круг средней плотности 13 kPa.;450;ZV-TP00009020BE;нет;https://static.tildacdn.com/stor6133-6663-4530-a532-656632333537/79977442.png;http://carshine26.ru/polirovalnye-krugi-i-pady/tproduct/154687371212-zvizzer-thermo-pad-medium-85-902080mm-po
Полировальные круги и пады;ZviZZer;Zvizzer Thermo Pad MEDIUM 155-160/20/150мм. Полировальный термостойкий поролоновый синий круг средней плотности 13 kPa.;1100;ZV-TP00016020BE;нет;https://static.tildacdn.com/stor3337-3664-4466-b163-356561326263/76040436.png;http://carshine26.ru/polirovalnye-krugi-i-pady/tproduct/500891907942-zvizzer-thermo-pad-medium-155-16020150mm
Полировальные круги и пады;ZviZZer;Zvizzer Thermo Pad SOFT 85-90/20/80мм Полировальный термостойкий поролоновый бордовый круг мягкий 8 kPa.;450;ZV-TP00009020RD/1;нет;https://static.tildacdn.com/stor3564-3936-4333-b062-383930646335/67534004.png;http://carshine26.ru/polirovalnye-krugi-i-pady/tproduct/551585398192-zvizzer-thermo-pad-soft-85-902080mm-poli
Полировальные круги и пады;ZviZZer;Zvizzer Thermo Pads SOFT 130-140/20/125мм. Полировальный термостойкий поролоновый бордовый круг мягкий 8 kPa.;750;ZV-TP00014020RD;нет;https://static.tildacdn.com/stor3535-3565-4634-a562-346233633061/85989351.png;http://carshine26.ru/polirovalnye-krugi-i-pady/tproduct/308241445172-zvizzer-thermo-pads-soft-130-14020125mm
Полировальные круги и пады;ZviZZer;Zvizzer Thermo Pads SOFT 155-160/20/150мм. Полировальный термостойкий поролоновый бордовый круг мягкий 8 kPa.;1100;ZV-TP00016020RD;нет;https://static.tildacdn.com/stor3630-3239-4765-a636-636430326532/63601538.png;http://carshine26.ru/polirovalnye-krugi-i-pady/tproduct/443110473592-zvizzer-thermo-pads-soft-155-16020150mm
Полировальные круги и пады;ZviZZer;Поролоновый полировальный круг 90-95/25/80мм Zvizzer Trapez - очень жёсткий;450;ZV-TR00009025PC;нет;https://static.tildacdn.com/stor3231-6562-4332-b438-613831333333/57685434.png;http://carshine26.ru/polirovalnye-krugi-i-pady/tproduct/163473146892-porolonovii-polirovalnii-krug-90-952580m
Полировальные круги и пады;ZviZZer;Поролоновый полировальный круг 135-140/25/125мм Zvizzer Trapez - очень жёсткий ZV-TR00014025PC;600;ZV-TR00014025PC;нет;https://static.tildacdn.com/stor3438-3533-4435-a239-353932613139/75898124.png;http://carshine26.ru/polirovalnye-krugi-i-pady/tproduct/331320833722-porolonovii-polirovalnii-krug-135-140251
Полировальные круги и пады;ZviZZer;Поролоновый полировальный круг 150мм Zvizzer Trapez - очень жёсткие;750;ZV-TR00016025PC;нет;https://static.tildacdn.com/stor3438-3533-4435-a239-353932613139/75898124.png;http://carshine26.ru/polirovalnye-krugi-i-pady/tproduct/353355000422-porolonovii-polirovalnii-krug-150mm-zviz
Полировальные круги и пады;ZviZZer;КРАСНЫЙ жесткий режущий полировальный круг ТРАПЕЦИЯ ZviZZer ZV-TR00014025HC 140/25/125;600;ZV-TR00014025HC;нет;https://static.tildacdn.com/stor6339-3730-4239-b064-656661353731/46107307.png;http://carshine26.ru/polirovalnye-krugi-i-pady/tproduct/586891365402-krasnii-zhestkii-rezhuschii-polirovalnii
Полировальные круги и пады;ZviZZer;КРАСНЫЙ жесткий режущий полировальный круг ТРАПЕЦИЯ ZviZZer 165/25/150;750;ZV-TR00016025HC;нет;https://static.tildacdn.com/stor3731-3038-4634-b234-363962373764/90841089.png;http://carshine26.ru/polirovalnye-krugi-i-pady/tproduct/405017268442-krasnii-zhestkii-rezhuschii-polirovalnii
Полировальные круги и пады;ZviZZer;Поролоновый полировальный круг 90-95/25/80мм Zvizzer Trapez - средней жёсткости;450;ZV-TR00009025MC;нет;https://static.tildacdn.com/stor6237-6236-4830-a165-333564663236/24839088.png;http://carshine26.ru/polirovalnye-krugi-i-pady/tproduct/378983735652-porolonovii-polirovalnii-krug-90-952580m
Полировальные круги и пады;ZviZZer;Поролоновый полировальный круг 135-140/25/125мм Zvizzer Trapez - средней жёсткости;600;ZV-TR00014025MC;нет;https://static.tildacdn.com/stor6434-6336-4439-a130-646161663865/13293716.png;http://carshine26.ru/polirovalnye-krugi-i-pady/tproduct/836336430222-porolonovii-polirovalnii-krug-135-140251
Полировальные круги и пады;ZviZZer;Поролоновый полировальный круг 160-165/25/150мм Zvizzer Trapez - средней жёсткости;750;ZV-TR00016025MC;нет;https://static.tildacdn.com/stor3834-6339-4130-b465-323936343730/99666102.png;http://carshine26.ru/polirovalnye-krugi-i-pady/tproduct/309108608452-porolonovii-polirovalnii-krug-160-165251
Полировальные круги и пады;ZviZZer;Поролоновый полировальный круг 135-140/25/125мм Zvizzer Trapez - мягкий антиголограмный;600;ZV-TR00014025FC;нет;https://static.tildacdn.com/stor6137-3239-4735-a436-393462336631/55511434.png;http://carshine26.ru/polirovalnye-krugi-i-pady/tproduct/934278068992-porolonovii-polirovalnii-krug-135-140251
Полировальные круги и пады;ZviZZer;Поролоновый полировальный круг 90-95/25/80мм Zvizzer Trapez - мягкий антиголограмный;450;ZV-TR00009025FC;нет;https://static.tildacdn.com/stor3639-3534-4963-b430-653363653637/11023902.png;http://carshine26.ru/polirovalnye-krugi-i-pady/tproduct/352810425342-porolonovii-polirovalnii-krug-90-952580m
Полировальные круги и пады;ZviZZer;Поролоновый полировальный круг 90/20/80мм Zvizzer All-Rounder - средний ZV-AR9020MC;500;ZV-AR9020MC;нет;https://static.tildacdn.com/stor3833-3731-4230-b636-343763623161/83769101.jpg;http://carshine26.ru/polirovalnye-krugi-i-pady/tproduct/850963107492-porolonovii-polirovalnii-krug-902080mm-z
Полировальные круги и пады;;Меховой круг Doodle WoolPad 135/25/135мм, черный;800;ZV-DP00013525HC;нет;https://static.tildacdn.com/stor6635-3431-4238-b064-366139313031/32306033.png;http://carshine26.ru/polirovalnye-krugi-i-pady/tproduct/633892890412-mehovoi-krug-doodle-woolpad-13525135mm-c
Полировальные круги и пады;;Меховой круг Doodle WoolPad 80/25/80мм, черный;450;ZV-DP00008025HC;нет;https://static.tildacdn.com/stor3236-3464-4564-b937-643932373638/99950089.jpg;http://carshine26.ru/polirovalnye-krugi-i-pady/tproduct/275875122102-mehovoi-krug-doodle-woolpad-802580mm-che
Полировальные круги и пады;ZviZZer;Zvizzer Thermo Pads ULTRA SOFT 130-140/20/125мм, 1 шт. Полировальный термостойкий поролоновый чёрный круг ультра мягкий 5 kPa.;750;ZV-TP00014020BK/1;нет;https://static.tildacdn.com/stor3131-3037-4664-a531-663062663462/34796036.png;http://carshine26.ru/polirovalnye-krugi-i-pady/tproduct/552313024882-zvizzer-thermo-pads-ultra-soft-130-14020
Полировальные круги и пады;ZviZZer;Zvizzer Thermo Pads ULTRA HARD 130-140/20/125мм, 1 шт. Полировальный термостойкий поролоновый серый круг ультра жёсткий 25 kPa.;750;ZV-TP00014020GY/1;нет;https://static.tildacdn.com/stor6333-3361-4663-b532-653763396231/49931915.png;http://carshine26.ru/polirovalnye-krugi-i-pady/tproduct/574945960322-zvizzer-thermo-pads-ultra-hard-130-14020
Полировальные круги и пады;ZviZZer;Zvizzer Thermo Hybrid 90/15/80мм Полировальный гибридный круг из натурального и искусственного меха на полутвёрдом Termo поролоне с липучкой.;550;;нет;https://static.tildacdn.com/stor6333-3462-4632-b465-306562316336/41942115.png;http://carshine26.ru/polirovalnye-krugi-i-pady/tproduct/261825038222-zvizzer-thermo-hybrid-901580mm-poliroval
Полировальные круги и пады;;Меховой круг Doodle WoolPad 80/15/80мм, белый, ворс 5мм;500;ZV-WP00008015HC;нет;https://static.tildacdn.com/stor3832-6238-4038-a335-363035353662/45512645.png;http://carshine26.ru/polirovalnye-krugi-i-pady/tproduct/534759504782-mehovoi-krug-doodle-woolpad-801580mm-bel
Полировальные круги и пады;ZviZZer;Поролоновый полировальный круг 150мм\25мм Zvizzer Standart Pad - очень жёсткий;650;ZV-ST00016025PC;нет;https://static.tildacdn.com/stor3034-6566-4538-a539-333137663438/39112303.png;http://carshine26.ru/polirovalnye-krugi-i-pady/tproduct/745176363072-porolonovii-polirovalnii-krug-150mm25mm
Полировальные круги и пады;ZviZZer;Поролоновый полировальный круг 76мм\12мм Zvizzer Standart Pad - очень жёсткий;300;ZV-ST00009012PC;нет;https://static.tildacdn.com/stor3633-3632-4330-a335-633664386533/44241925.jpg;http://carshine26.ru/polirovalnye-krugi-i-pady/tproduct/455809822362-porolonovii-polirovalnii-krug-76mm12mm-z
Полировальные круги и пады;ZviZZer;Поролоновый полировальный круг 76/12 mm Zvizzer Standart Pad - ультра мягкий;300;ZV-ST00009012UC;нет;https://static.tildacdn.com/stor6632-6464-4064-b432-656630343366/78370362.jpg;http://carshine26.ru/polirovalnye-krugi-i-pady/tproduct/262066210452-porolonovii-polirovalnii-krug-7612-mm-zv
Полировальные круги и пады;ZviZZer;Поролоновый полировальный круг 76мм\20мм Zvizzer Standart Pad - средней жёсткости;300;ZV-ST00008020MC;нет;https://static.tildacdn.com/stor6161-3366-4634-b465-306537396231/44111237.jpg;http://carshine26.ru/polirovalnye-krugi-i-pady/tproduct/528524911992-porolonovii-polirovalnii-krug-76mm20mm-z
Щетки и кисти;MaxShine;Кисть для детейлинга - White Classic #S MaxShine, 21,5 см, диаметр 2,15 см, мягкая PET щетина,;570;704617YS;нет;https://static.tildacdn.com/stor6561-3736-4237-a339-333634376438/30677293.webp;http://carshine26.ru/sshetki-i-kisti/tproduct/740154292352-kist-dlya-deteilinga-white-classic-s-max
Щетки и кисти;MaxShine;Кисть для детейлинга - White Classic #M MaxShine, 22,5 см, диаметр 2,55 см, мягкая PET щетина,;570;704617YM;нет;https://static.tildacdn.com/stor6430-6566-4934-a432-303262613936/30251614.webp;http://carshine26.ru/sshetki-i-kisti/tproduct/289592481092-kist-dlya-deteilinga-white-classic-m-max
Щетки и кисти;MaxShine;Кисть для детейлинга - White Classic #L MaxShine, 22,5 см, диаметр 2,8 см, мягкая PET щетина,;570;704617YL;нет;https://static.tildacdn.com/stor3064-3061-4864-b133-653863316138/39243980.webp;http://carshine26.ru/sshetki-i-kisti/tproduct/641589985242-kist-dlya-deteilinga-white-classic-l-max
Щетки и кисти;MaxShine;Кисть для детейлинга - Black Classic #S MaxShine, 21,5 см, диаметр 2,15 см, мягкая PET щетина,;570;704618RS;нет;https://static.tildacdn.com/stor3264-3834-4633-a361-623831623937/23304197.webp;http://carshine26.ru/sshetki-i-kisti/tproduct/727017334792-kist-dlya-deteilinga-black-classic-s-max
Щетки и кисти;MaxShine;Кисть для детейлинга - Black Classic #M MaxShine, 22,5 см, диаметр 2,55 см, мягкая PET щетина,;570;704618RM;нет;https://static.tildacdn.com/stor3766-3066-4137-b838-613039326330/68371346.webp;http://carshine26.ru/sshetki-i-kisti/tproduct/340220818512-kist-dlya-deteilinga-black-classic-m-max
Щетки и кисти;MaxShine;Кисть для детейлинга - Black Classic #L MaxShine, 22,5 см, диаметр 2,8 см, мягкая PET щетина,;570;704618RL;нет;https://static.tildacdn.com/stor3635-6565-4466-a330-323832333466/41903167.webp;http://carshine26.ru/sshetki-i-kisti/tproduct/214396998072-kist-dlya-deteilinga-black-classic-l-max
Щетки и кисти;MaxShine;Кисть для детейлинга - Щетина кабана #S MaxShine, 21,5 см, диаметр 2,15 см;570;704619OS;нет;https://static.tildacdn.com/stor6233-6133-4538-b861-346562303764/52102910.webp;http://carshine26.ru/sshetki-i-kisti/tproduct/709845367852-kist-dlya-deteilinga-schetina-kabana-s-m
Щетки и кисти;MaxShine;Кисть для детейлинга - Щетина кабана #M MaxShine, 22,5 см, диаметр 2,55 см;570;704619OM;нет;https://static.tildacdn.com/stor3435-3534-4562-a536-343133633561/35302538.webp;http://carshine26.ru/sshetki-i-kisti/tproduct/356518962002-kist-dlya-deteilinga-schetina-kabana-m-m
Щетки и кисти;MaxShine;Кисть для детейлинга - Щетина кабана #L MaxShine, 22,5 см, диаметр 2,8 см;570;704619OL;нет;https://static.tildacdn.com/stor6432-6639-4433-b139-613439363731/25777434.webp;http://carshine26.ru/sshetki-i-kisti/tproduct/221143728242-kist-dlya-deteilinga-schetina-kabana-l-m
Щетки и кисти;MaxShine;Кисть для детейлинга - Ultra Soft #S MaxShine, 21,5 см, диаметр 2,15 см, ультра-мягкая щетина,;610;704620G;нет;https://static.tildacdn.com/stor6161-3436-4331-b231-303861656139/30510789.webp;http://carshine26.ru/sshetki-i-kisti/tproduct/232278542932-kist-dlya-deteilinga-ultra-soft-s-maxshi
Щетки и кисти;MaxShine;Кисть для детейлинга - Ultra Soft #M MaxShine, 22,5 см, диаметр 2,55 см, ультра-мягкая щетина,;610;704620GM;нет;https://static.tildacdn.com/stor6161-3436-4331-b231-303861656139/30510789.webp;http://carshine26.ru/sshetki-i-kisti/tproduct/250681078942-kist-dlya-deteilinga-ultra-soft-m-maxshi
Щетки и кисти;MaxShine;Кисть для детейлинга - Ultra Soft #L MaxShine, 22,5 см, диаметр 2,8 см, ультра мягкая щетина;610;704620GL;нет;https://static.tildacdn.com/stor6433-3366-4532-a562-306133633033/93605485.webp;http://carshine26.ru/sshetki-i-kisti/tproduct/422826611092-kist-dlya-deteilinga-ultra-soft-l-maxshi
Щетки и кисти;MaxShine;Набор кистей средней жесткости, 3 шт MaxShine, диаметр 25/30/40 мм, щетина кабана;910;704610.0;нет;https://static.tildacdn.com/stor3832-6136-4566-b765-383563623234/77602772.webp;http://carshine26.ru/sshetki-i-kisti/tproduct/501980116782-nabor-kistei-srednei-zhestkosti-3-sht-ma
Щетки и кисти;MaxShine;Мини Щетка для удаления шерсти животных MaxShine, 103*3,5 мм,;660;7011028.0;нет;https://static.tildacdn.com/stor3135-3135-4730-b936-396336326639/19557422.webp;http://carshine26.ru/sshetki-i-kisti/tproduct/615232734022-mini-schetka-dlya-udaleniya-shersti-zhiv
Щетки и кисти;MaxShine;Щетка с натуральной щетиной MaxShine, 12*3,8*3 см, конский волос,;530;7022007.0;нет;https://static.tildacdn.com/stor3837-3235-4132-b638-666432306662/57466767.webp;http://carshine26.ru/sshetki-i-kisti/tproduct/472929809712-schetka-s-naturalnoi-schetinoi-maxshine
Щетки и кисти;MaxShine;Щетка электростатическая для удаления шерсти и волос MaxShine, 16*6*9 см,;810;7011023.0;нет;https://static.tildacdn.com/stor6664-6234-4838-b532-366136633236/26384379.webp;http://carshine26.ru/sshetki-i-kisti/tproduct/522309163022-schetka-elektrostaticheskaya-dlya-udalen
Щетки и кисти;MaxShine;Щетка для чистки кожи и алькантары, MaxShine, 12*4*3 см, мягкая нейлоновая щетина;480;7011007.0;нет;https://static.tildacdn.com/stor6133-3535-4434-b938-663035333134/58345709.webp;http://carshine26.ru/sshetki-i-kisti/tproduct/986711291882-schetka-dlya-chistki-kozhi-i-alkantari-m
Щетки и кисти;MaxShine;Щетка для кожи и текстиля из щетины кабана (+нейлон) MaxShine, 9,5*3,2 см;410;7012002.0;нет;https://static.tildacdn.com/stor3262-3632-4736-b739-666233636632/68889814.webp;http://carshine26.ru/sshetki-i-kisti/tproduct/474844900062-schetka-dlya-kozhi-i-tekstilya-iz-scheti
Щетки и кисти;MaxShine;Щетка с натуральной щетиной большая MaxShine, 17*5,5*3,8 см, конский волос;800;7033007.0;нет;https://static.tildacdn.com/stor3862-6230-4135-b331-393365646665/96154568.webp;http://carshine26.ru/sshetki-i-kisti/tproduct/215278775072-schetka-s-naturalnoi-schetinoi-bolshaya
Щетки и кисти;MaxShine;"Щетка для детейлинга ультра-мягкая, ""призма"" MaxShine, 58*36*44 мм";600;704616.0;нет;https://static.tildacdn.com/stor3231-6630-4133-a136-353437343434/63292386.webp;http://carshine26.ru/sshetki-i-kisti/tproduct/587537981202-schetka-dlya-deteilinga-ultra-myagkaya-p
Щетки и кисти;MaxShine;Щетка для дрели, жесткая, 125 мм MaxShine;840;7011009.0;нет;https://static.tildacdn.com/stor6464-6663-4561-b130-376330313565/98442732.webp;http://carshine26.ru/sshetki-i-kisti/tproduct/912505879782-schetka-dlya-dreli-zhestkaya-125-mm-maxs
Щетки и кисти;MaxShine;Щетка (ершик) для чистки колесных дисков, 45см MaxShine, рабочая часть 25 см;1150;7011013.0;нет;https://static.tildacdn.com/stor6138-6663-4635-b365-643231366563/73317215.webp;http://carshine26.ru/sshetki-i-kisti/tproduct/668576150842-schetka-ershik-dlya-chistki-kolesnih-dis
Щетки и кисти;MaxShine;Щетка обрезиненная с длинной ручкой, щетина средней жесткости PET+PP MaxShine, 52*7,2*7,5 см;1050;7011033.0;нет;https://static.tildacdn.com/stor3730-3836-4734-b166-613364383931/94038731.webp;http://carshine26.ru/sshetki-i-kisti/tproduct/306317920352-schetka-obrezinennaya-s-dlinnoi-ruchkoi
Щетки и кисти;MaxShine;Щетка (ершик) для чистки колесных дисков, 40см MaxShine, рабочая часть 15 см;910;7011012.0;нет;https://static.tildacdn.com/stor3563-3434-4661-a534-393933373935/46894413.webp;http://carshine26.ru/sshetki-i-kisti/tproduct/225740417012-schetka-ershik-dlya-chistki-kolesnih-dis
Щетки и кисти;MaxShine;Щетка обрезиненная, щетина средней жесткости PET+PP MaxShine, 27*7,2*7,5 см;870;7011032A;нет;https://static.tildacdn.com/stor6662-6164-4337-b763-383136323866/22846931.webp;http://carshine26.ru/sshetki-i-kisti/tproduct/961196512102-schetka-obrezinennaya-schetina-srednei-z
Щетки и кисти;MaxShine;Щетка из меха для колесных дисков, комплект 3 шт MaxShine, длина 30, 40, 45 см;3600;704601.0;нет;https://static.tildacdn.com/stor3364-3632-4432-a332-656635343230/64327662.webp;http://carshine26.ru/sshetki-i-kisti/tproduct/280864896262-schetka-iz-meha-dlya-kolesnih-diskov-kom
Щетки и кисти;MaxShine;Щетка из шерсти для колесных дисков MaxShine предназначена для очистки дисков и элементов кузова от грязи и тормозной пыли, без нанесения повреждений 100% натуральная овчина Набор 3 щетки разной длины: 35 см 40 см 45 см Ультрамягкая Антистатическая Химстойкая;3400;704603.0;нет;https://static.tildacdn.com/stor6230-3339-4763-b534-376464613963/10126849.webp;http://carshine26.ru/sshetki-i-kisti/tproduct/464364859442-schetka-iz-shersti-dlya-kolesnih-diskov
Щетки и кисти;MaxShine;Кисть средней жесткости из натуральной щетины, диаметр 18 мм MaxShine, длина 22,5 см, щетина кабана;310;704612.0;нет;https://static.tildacdn.com/stor3561-6662-4437-a135-663837343562/76376386.webp;http://carshine26.ru/sshetki-i-kisti/tproduct/423533330422-kist-srednei-zhestkosti-iz-naturalnoi-sc
Щетки и кисти;Leraton;Кисть для детейлинга, искусственная щетина 22мм LERATON SOFT SYNTHETIC DETAILING BRUSH;200;;нет;https://static.tildacdn.com/stor6633-3266-4934-b539-626365626362/27822594.png;http://carshine26.ru/sshetki-i-kisti/tproduct/551642909812-kist-dlya-deteilinga-iskusstvennaya-sche
Щетки и кисти;Leraton;Кисть для детейлинга, искусственная щетина 27мм LERATON SOFT SYNTHETIC DETAILING BRUSH DBR3;250;;нет;https://static.tildacdn.com/stor3836-6534-4330-a335-326631616238/82305068.png;http://carshine26.ru/sshetki-i-kisti/tproduct/166498008962-kist-dlya-deteilinga-iskusstvennaya-sche
Щетки и кисти;Leraton;Кисть для детейлинга, искусственная щетина 35мм LERATON SOFT SYNTHETIC DETAILING BRUSH DBR4;300;;нет;https://static.tildacdn.com/stor6235-6565-4863-b839-386436353761/71695753.png;http://carshine26.ru/sshetki-i-kisti/tproduct/288032659802-kist-dlya-deteilinga-iskusstvennaya-sche
Щетки и кисти;Leraton;Кисть для детейлинга, натуральная щетина 22мм LERATON NATURAL BRISTLE DETAILING BRUSH DBR6;200;;нет;https://static.tildacdn.com/stor6337-6139-4463-a264-333032343234/74010538.png;http://carshine26.ru/sshetki-i-kisti/tproduct/534087436942-kist-dlya-deteilinga-naturalnaya-schetin
Щетки и кисти;Leraton;Кисть для детейлинга, натуральная щетина 27мм LERATON NATURAL BRISTLE DETAILING BRUSH DBR7;250;;нет;https://static.tildacdn.com/stor3736-6366-4630-b165-663936306363/16516238.png;http://carshine26.ru/sshetki-i-kisti/tproduct/585499720462-kist-dlya-deteilinga-naturalnaya-schetin
Щетки и кисти;Leraton;Кисть для детейлинга, натуральная щетина 35мм LERATON NATURAL BRISTLE DETAILING BRUSH DBR8;300;;нет;https://static.tildacdn.com/stor6332-3866-4038-a665-323131386466/45777835.png;http://carshine26.ru/sshetki-i-kisti/tproduct/916509297442-kist-dlya-deteilinga-naturalnaya-schetin
Щетки и кисти;Leraton;Кисть для детейлинга, косметическая щетина 22мм LERATON ULTRASOFT COSMETIC BRUSH DBR10;280;;нет;https://static.tildacdn.com/stor3963-3132-4262-a130-353235363665/69794052.png;http://carshine26.ru/sshetki-i-kisti/tproduct/559941176082-kist-dlya-deteilinga-kosmeticheskaya-sch
Щетки и кисти;Leraton;Кисть для детейлинга, косметическая щетина 27мм LERATON ULTRASOFT COSMETIC BRUSH DBR11;350;;нет;https://static.tildacdn.com/stor3338-3062-4435-b936-326535643135/13718001.png;http://carshine26.ru/sshetki-i-kisti/tproduct/853580590462-kist-dlya-deteilinga-kosmeticheskaya-sch
Щетки и кисти;Leraton;Кисть для детейлинга, косметическая щетина 35мм LERATON ULTRASOFT COSMETIC BRUSH DBR12;420;;нет;https://static.tildacdn.com/stor6636-6334-4232-a539-373063393462/85906975.png;http://carshine26.ru/sshetki-i-kisti/tproduct/260626740192-kist-dlya-deteilinga-kosmeticheskaya-sch
Щетки и кисти;MA-FRA;MA-FRA PENNELLO BRUSH RED №16 (30 MM) кисть детейлера с красной щетиной из PBT для мойки и химчистки. MA-FRA, Италия A0432;1060;42463.0;нет;https://static.tildacdn.com/stor3764-3365-4466-a363-386331663530/25507752.png;http://carshine26.ru/sshetki-i-kisti/tproduct/165653908922-ma-fra-pennello-brush-red-16-30-mm-kist
Щетки и кисти;BUFF BROTHERS;Кисть для детейлинга BUFF BROTHERS BRUSH BROTHER 18;220;39748.0;нет;https://static.tildacdn.com/stor3466-3937-4031-a461-633133363661/98611423.png;http://carshine26.ru/sshetki-i-kisti/tproduct/769082217352-kist-dlya-deteilinga-buff-brothers-brush
Щетки и кисти;BUFF BROTHERS;Кисть для детейлинга BUFF BROTHERS BRUSH BROTHER 28;240;39749.0;нет;https://static.tildacdn.com/stor6266-3635-4264-b566-646334386333/28821395.png;http://carshine26.ru/sshetki-i-kisti/tproduct/663951908112-kist-dlya-deteilinga-buff-brothers-brush
Щетки и кисти;BUFF BROTHERS;Кисть для детейлинга BUFF BROTHERS BRUSH BROTHER 38;280;39750.0;нет;https://static.tildacdn.com/stor3262-6639-4661-b335-373037346235/78458730.png;http://carshine26.ru/sshetki-i-kisti/tproduct/951618342942-kist-dlya-deteilinga-buff-brothers-brush
Щетки и кисти;BUFF BROTHERS;Кисть для детейлинга BUFF BROTHERS PREMIUM BRUSH BROTHER;700;39752.0;нет;https://static.tildacdn.com/stor6439-3338-4835-a332-623333313362/54929933.png;http://carshine26.ru/sshetki-i-kisti/tproduct/922843447862-kist-dlya-deteilinga-buff-brothers-premi
Щетки и кисти;;Кисть для детейлинга из пластика с мягким искусственным ворсом (160 мм, ворс 45 мм), Smart Open;300;;нет;https://static.tildacdn.com/stor6166-3063-4665-b930-353037376362/51810372.jpg;http://carshine26.ru/sshetki-i-kisti/tproduct/534665520272-kist-dlya-deteilinga-iz-plastika-s-myagk
Щетки и кисти;;(Smart Open) Кисть моторная для детейлинга с искуственной щетиной, длина 24 см;300;;нет;https://static.tildacdn.com/stor3936-6339-4133-b662-626261633666/39008848.jpg;http://carshine26.ru/sshetki-i-kisti/tproduct/402170403042-smart-open-kist-motornaya-dlya-deteiling
Щетки и кисти;Leraton;Микрофибровый ершик для чистки дисков средний WW2, Leraton;800;;нет;https://static.tildacdn.com/stor3662-3733-4761-b635-653465393539/64078003.png;http://carshine26.ru/sshetki-i-kisti/tproduct/423217414152-mikrofibrovii-ershik-dlya-chistki-diskov
Щетки и кисти;Leraton;Ершик для чистки дисков (широкий) LERATON WHEEL BRUSH WB1;1050;;нет;https://static.tildacdn.com/stor3636-3539-4034-b737-323165333837/43476447.png;http://carshine26.ru/sshetki-i-kisti/tproduct/647858177242-ershik-dlya-chistki-diskov-shirokii-lera
Щетки и кисти;Leraton;Гибкий ершик для чистки дисков (конусный) LERATON WHEEL BRUSH WB2;800;;нет;https://static.tildacdn.com/stor6136-3633-4230-a334-386366343539/67260294.png;http://carshine26.ru/sshetki-i-kisti/tproduct/310045966502-gibkii-ershik-dlya-chistki-diskov-konusn
Щетки и кисти;MaxShine;Щетка обрезиненная, мягкая щетина PET+PBT MaxShine, 27*7,2*7,5 см;860;7011032.0;нет;https://static.tildacdn.com/stor6161-3662-4137-b638-306539633431/68244813.webp;http://carshine26.ru/sshetki-i-kisti/tproduct/644475312222-schetka-obrezinennaya-myagkaya-schetina
Щетки и кисти;Leraton;Щетка из щетины кабана большая LERATON BOAR BRISTLE BRUSH L BR6;350;;нет;https://static.tildacdn.com/stor3062-3635-4664-a637-376335326430/cbd60fc645086e92c2b8ddc60a1090b6.png;http://carshine26.ru/sshetki-i-kisti/tproduct/889687101092-schetka-iz-schetini-kabana-bolshaya-lera
Щетки и кисти;Leraton;Щетка из щетины кабана малая LERATON BOAR BRISTLE BRUSH S BR4;270;;нет;https://static.tildacdn.com/stor3536-3364-4339-a565-326365643533/72110192.png;http://carshine26.ru/sshetki-i-kisti/tproduct/256790545042-schetka-iz-schetini-kabana-malaya-lerato
Щетки и кисти;Leraton;Щетка для чистки текстиля с креплением для дрели, мягкая LERATON SDB (DBL;600;;нет;https://static.tildacdn.com/stor6165-3936-4636-b332-373764653463/31695524.png;http://carshine26.ru/sshetki-i-kisti/tproduct/496269514812-schetka-dlya-chistki-tekstilya-s-kreplen
Щетки и кисти;Leraton;Комплект из 3х щеток для чистки с креплением для дрели LERATON DBS;1000;;нет;https://static.tildacdn.com/stor6666-3666-4864-a136-663535663438/27734169.png;http://carshine26.ru/sshetki-i-kisti/tproduct/555916419942-komplekt-iz-3h-schetok-dlya-chistki-s-kr
Щетки и кисти;Leraton;Мини щетка односторонняя мягкая, белая щетина LERATON SOFT MINI BRUSH BR15;150;;нет;https://static.tildacdn.com/stor3231-6465-4230-a534-636266383837/56284878.png;http://carshine26.ru/sshetki-i-kisti/tproduct/409292358432-mini-schetka-odnostoronnyaya-myagkaya-be
Щетки и кисти;Leraton;Мини щетка односторонняя жесткая, черная щетина LERATON HARD MINI BRUSH BR14;150;;нет;https://static.tildacdn.com/stor6632-3966-4230-a636-613233393930/64116403.png;http://carshine26.ru/sshetki-i-kisti/tproduct/215640464402-mini-schetka-odnostoronnyaya-zhestkaya-c
Щетки и кисти;Leraton;Мини щетка двухсторонняя жесткая, черная щетина LERATON DOUBLE SIDE HARD MINI BRUSH BR16;150;;нет;https://static.tildacdn.com/stor3965-6165-4766-a139-663139656535/33538781.png;http://carshine26.ru/sshetki-i-kisti/tproduct/205573203802-mini-schetka-dvuhstoronnyaya-zhestkaya-c
Щетки и кисти;Leraton;Мини щетка двухсторонняя мягкая, белая щетина LERATON DOUBLE SIDE SOFT MINI BRUSH BR17;150;;нет;https://static.tildacdn.com/stor6536-3063-4562-a163-373933316634/97925521.png;http://carshine26.ru/sshetki-i-kisti/tproduct/616820047112-mini-schetka-dvuhstoronnyaya-myagkaya-be
Щетки и кисти;Leraton;Мягкая щетка для ухода за интерьером LERATON INTERIOR SOFT BRUSH BRS;300;;нет;https://static.tildacdn.com/stor3533-3631-4731-a535-343064333338/81496266.png;http://carshine26.ru/sshetki-i-kisti/tproduct/574898992562-myagkaya-schetka-dlya-uhoda-za-intererom
Щетки и кисти;Leraton;Малая щетка для чистки кожи из натуральной щетины кабана LERATON BRM;230;;нет;https://static.tildacdn.com/stor3562-3437-4030-a636-393562636463/83353244.png;http://carshine26.ru/sshetki-i-kisti/tproduct/243410449662-malaya-schetka-dlya-chistki-kozhi-iz-nat
Щетки и кисти;Foam Heroes;Foam Heroes Wheely Mate Flat плоский ершик из микрофибры для мойки колёсных дисков, 42см;1395;;нет;https://static.tildacdn.com/stor3930-6339-4162-a435-356164633732/60623547.webp;http://carshine26.ru/sshetki-i-kisti/tproduct/112886791362-foam-heroes-wheely-mate-flat-ploskii-ers
Щетки и кисти;Foam Heroes;Foam Heroes Wheel Brush mini ершик для чистки дисков;1395;;нет;https://static.tildacdn.com/stor3735-3539-4331-b132-623662373936/66245811.webp;http://carshine26.ru/sshetki-i-kisti/tproduct/177342138092-foam-heroes-wheel-brush-mini-ershik-dlya
Щетки и кисти;Foam Heroes;Foam Heroes Wheel Brush ершик для чистки дисков, 46см;1495;;нет;https://static.tildacdn.com/stor6230-3539-4831-b463-653165303537/73942575.webp;http://carshine26.ru/sshetki-i-kisti/tproduct/119553523272-foam-heroes-wheel-brush-ershik-dlya-chis
Щетки и кисти;Foam Heroes;Foam Heroes Natural Boar's Hair Brush щетка для очистки кожи, 10.2x5.5см;395;;нет;https://static.tildacdn.com/stor6430-3738-4231-b665-393936353161/83171263.webp;http://carshine26.ru/sshetki-i-kisti/tproduct/574339363932-foam-heroes-natural-boars-hair-brush-sch
Щетки и кисти;FIREBALL;FIREBALL Nappa Brush щетка для чистки кожи, 12х6х3см;890;;нет;https://static.tildacdn.com/stor3963-6265-4761-b137-356337353131/77437754.webp;http://carshine26.ru/sshetki-i-kisti/tproduct/833662761062-fireball-nappa-brush-schetka-dlya-chistk
Щетки и кисти;;Shine Systems Pad Cleaning Brush щетка для чистки полировальных кругов;590;;нет;https://static.tildacdn.com/stor3936-6434-4062-b036-336162376232/20699044.webp;http://carshine26.ru/sshetki-i-kisti/tproduct/943132168792-shine-systems-pad-cleaning-brush-schetka
Щетки и кисти;Foam Heroes;Foam Heroes Natural Boar's Hair Brush щетка для очистки кожи, 15.8x3.3см;115;;нет;https://static.tildacdn.com/stor3735-3335-4338-b836-623839306365/48956111.webp;http://carshine26.ru/sshetki-i-kisti/tproduct/752438722552-foam-heroes-natural-boars-hair-brush-sch
Протирочный материал;A302;Микрофибра двухсторонняя 40x40, 400 gsm, без краев, черная A302 Microfibre Cloth Black;210;;нет;https://static.tildacdn.com/stor6531-6266-4561-a263-363438333937/52304736.jpg;http://carshine26.ru/protirochnyj-material/tproduct/922781701992-mikrofibra-dvuhstoronnyaya-40x40-400-gsm
Протирочный материал;;Плюшевая микрофибра EXTRA 40x40, 500 г/м² двухсторонняя без краев черная А302 EXTRA MICROFIBRE CLOTH;290;MPT-EXTRA;нет;https://static.tildacdn.com/stor6132-3161-4465-a566-326137613062/65112001.jpg;http://carshine26.ru/protirochnyj-material/tproduct/781911922132-plyushevaya-mikrofibra-extra-40x40-500-g
Щетки и кисти;Leraton;Набор кистей для детейлинга, натуральная щетина (16, 22, 27, 35мм) LERATON NATURAL BRISTLE DETAILING BRUSH SET DBRNS;850;;нет;https://static.tildacdn.com/stor3635-3932-4632-b638-356264396562/74728917.png;http://carshine26.ru/sshetki-i-kisti/tproduct/353767671192-nabor-kistei-dlya-deteilinga-naturalnaya
Щетки и кисти;Leraton;Набор кистей для детейлинга, косметическая щетина (16, 22, 27, 35мм) LERATON ULTRASOFT COSMETIC BRUSH SET DBRCS;1200;;нет;https://static.tildacdn.com/stor3736-6562-4534-b630-663734386533/98060495.png;http://carshine26.ru/sshetki-i-kisti/tproduct/986804512302-nabor-kistei-dlya-deteilinga-kosmetiches
Протирочный материал;Dry Monster;Dry Monster Голубая супер мягкая микрофибра ультразвук. обрезка 40х40см 420гр/м;220;;нет;https://static.tildacdn.com/stor3737-6139-4234-b062-336232303564/25134644.png;http://carshine26.ru/protirochnyj-material/tproduct/987764606182-dry-monster-golubaya-super-myagkaya-mikr
Протирочный материал;BUFF BROTHERS;Вафельная микрофибра BUFF BROTHERS WAFFLE BROTHER 40x40;380;;нет;https://static.tildacdn.com/stor3261-3931-4930-a139-366362313864/94357415.png;http://carshine26.ru/protirochnyj-material/tproduct/173375708572-vafelnaya-mikrofibra-buff-brothers-waffl
Протирочный материал;Dry Monster;Dry Monster Микрофибры для аппликатора 10x13см;50;;нет;https://static.tildacdn.com/stor6262-3864-4933-a530-373137616638/41889595.jpg;http://carshine26.ru/protirochnyj-material/tproduct/559511815952-dry-monster-mikrofibri-dlya-applikatora
Протирочный материал;FIREBALL;FIREBALL Салфетка для нанесения составов 10х10см (2 шт) FB-SAC-2P;150;FB-SAC-2P;нет;https://static.tildacdn.com/stor3436-3535-4431-b436-663036643566/23626920.jpg;http://carshine26.ru/protirochnyj-material/tproduct/604301916772-fireball-salfetka-dlya-naneseniya-sostav
Протирочный материал;Leraton;Микрофибра для нанесения защитных составов LERATON SUEDE COATING MICROFIBER MFC10 10x10 (10 шт. в упаковке);300;;нет;https://static.tildacdn.com/stor6664-3136-4436-a334-643562643537/44647471.png;http://carshine26.ru/protirochnyj-material/tproduct/248242053922-mikrofibra-dlya-naneseniya-zaschitnih-so
Протирочный материал;Leraton;Микрофибра для нанесения защитных составов LERATON SUEDE COATING MICROFIBER MFC 10x10;50;;нет;https://static.tildacdn.com/stor3534-3935-4665-a233-376364653666/52100366.png;http://carshine26.ru/protirochnyj-material/tproduct/479849197152-mikrofibra-dlya-naneseniya-zaschitnih-so
Протирочный материал;Smart Open;Smart Open Супер впитывающая микрофибра для сушки кузова 510 г/м2 Big Fiber Max 80x60;630;;нет;https://static.tildacdn.com/stor3833-6564-4931-b731-666432616666/49905300.png;http://carshine26.ru/protirochnyj-material/tproduct/488266038822-smart-open-super-vpitivayuschaya-mikrofi
Протирочный материал;Dry Monster;Dry Monster Коричневая микрофибра для сушки с оверлоком 560gsm 50x60см;750;TDT5060B;нет;https://static.tildacdn.com/stor3336-6635-4234-b030-633764653861/23721648.png;http://carshine26.ru/protirochnyj-material/tproduct/146338216652-dry-monster-korichnevaya-mikrofibra-dlya
Протирочный материал;Dry Monster;Dry Monster Синяя микрофибра для сушки с оверлоком 560gsm 50x60см;750;TDT5060BL;нет;https://static.tildacdn.com/stor3839-6462-4164-b530-306265366534/67579440.png;http://carshine26.ru/protirochnyj-material/tproduct/712088049782-dry-monster-sinyaya-mikrofibra-dlya-sush
Протирочный материал;Dry Monster;Dry Monster Серая микрофибра для сушки с оверлоком 560gsm 50x60см;750;TDT5060G;нет;https://static.tildacdn.com/stor3238-3537-4230-a637-363730373036/97108838.png;http://carshine26.ru/protirochnyj-material/tproduct/841678256792-dry-monster-seraya-mikrofibra-dlya-sushk
Протирочный материал;Dry Monster;Dry Monster Коричневая микрофибра для сушки с оверлоком 560gsm 55x75см;900;TDT5575B;нет;https://static.tildacdn.com/stor3336-6635-4234-b030-633764653861/23721648.png;http://carshine26.ru/protirochnyj-material/tproduct/710736717332-dry-monster-korichnevaya-mikrofibra-dlya
Протирочный материал;Dry Monster;Dry Monster Синяя микрофибра для сушки с оверлоком 560gsm 55x75см;900;TDT5575BL;нет;https://static.tildacdn.com/stor3839-6462-4164-b530-306265366534/67579440.png;http://carshine26.ru/protirochnyj-material/tproduct/478747984572-dry-monster-sinyaya-mikrofibra-dlya-sush
Протирочный материал;Dry Monster;Dry Monster Серая микрофибра для сушки с оверлоком 560gsm 55x75см;900;TDT5575G;нет;https://static.tildacdn.com/stor3238-3537-4230-a637-363730373036/97108838.png;http://carshine26.ru/protirochnyj-material/tproduct/239006016602-dry-monster-seraya-mikrofibra-dlya-sushk
Протирочный материал;Dry Monster;Dry Monster Голубая микрофибра с коротким плотным ворсом (серый оверлок) COSMO 300gsm 40х40см;250;40277.0;нет;https://static.tildacdn.com/stor3139-3262-4335-b762-666131336634/30478704.png;http://carshine26.ru/protirochnyj-material/tproduct/491145181082-dry-monster-golubaya-mikrofibra-s-korotk
Протирочный материал;Dry Monster;Dry Monster Big Waffle Grey микрофибра вафельная 35х40 300гр;300;DM3540g;нет;https://static.tildacdn.com/stor3964-3164-4862-b164-363262376431/43485881.webp;http://carshine26.ru/protirochnyj-material/tproduct/827433176742-dry-monster-big-waffle-grey-mikrofibra-v
Протирочный материал;Dry Monster;Dry Monster Микрофибры универсальные Terry King (6шт) 35х35см 270gsm;600;DM3535TK;нет;https://static.tildacdn.com/stor6335-3163-4338-a135-323865643830/22318645.jpg;http://carshine26.ru/protirochnyj-material/tproduct/188033648912-dry-monster-mikrofibri-universalnie-terr
Протирочный материал;Dry Monster;Микрофибра для стекла Dry Monster DM3540 Glass Diamond;200;DM3540 G Diamond;нет;https://static.tildacdn.com/stor3162-3664-4437-a139-383563303565/23355493.jpg;http://carshine26.ru/protirochnyj-material/tproduct/707973892982-mikrofibra-dlya-stekla-dry-monster-dm354
Протирочный материал;Dry Monster;DRY MONSTER Big Monster Towel (Sea Blue) Микрофибра для сушки длинная крученая петля синяя 45х70см 650gsm;850;DM4570SB;нет;https://static.tildacdn.com/stor3862-3233-4736-a665-666233666531/12182134.webp;http://carshine26.ru/protirochnyj-material/tproduct/895468524002-dry-monster-big-monster-towel-sea-blue-m
Протирочный материал;Dry Monster;DRY MONSTER Big Monster Towel (Green) Микрофибра для сушки длинная крученая петля зеленая 45х70см 650gsm;850;DM4570G;нет;https://static.tildacdn.com/stor3331-6437-4537-a365-393134376561/18616642.webp;http://carshine26.ru/protirochnyj-material/tproduct/661592084952-dry-monster-big-monster-towel-green-mikr
Протирочный материал;Dry Monster;DRY MONSTER Big Monster Towel (Blue) Микрофибра для сушки длинная крученая петля голубая 45х70см 650gsm;850;DM4570B;нет;https://static.tildacdn.com/stor6638-6138-4838-a234-346166616235/82936284.png;http://carshine26.ru/protirochnyj-material/tproduct/683335066002-dry-monster-big-monster-towel-blue-mikro
Полировальные круги и пады;MaxShine;Шерстяной полировальный круг 150 мм MaxShine режущий, стриженный мех;1390;2061150R;нет;https://static.tildacdn.com/stor6162-3131-4634-b434-623762333063/48525408.png;http://carshine26.ru/polirovalnye-krugi-i-pady/tproduct/244464392642-sherstyanoi-polirovalnii-krug-150-mm-max
Полировальные круги и пады;MaxShine;Шерстяной полировальный круг 125 мм MaxShine режущий, стриженный мех;1115;2061125R;нет;https://static.tildacdn.com/stor3037-6239-4434-b636-306361363635/50580057.png;http://carshine26.ru/polirovalnye-krugi-i-pady/tproduct/449236331232-sherstyanoi-polirovalnii-krug-125-mm-max
Полировальные круги и пады;MaxShine;Шерстяной полировальный круг 75 мм MaxShine режущий, стриженный мех;620;2061080R;нет;https://static.tildacdn.com/stor6238-3964-4636-b965-373865356130/80531298.png;http://carshine26.ru/polirovalnye-krugi-i-pady/tproduct/743328693352-sherstyanoi-polirovalnii-krug-75-mm-maxs
Полировальные круги и пады;MaxShine;Меховой полировальный круг 150 мм MaxShine, длинный мех;1436;2064150R;нет;https://static.tildacdn.com/stor3233-6163-4266-b865-333634356465/90122973.png;http://carshine26.ru/polirovalnye-krugi-i-pady/tproduct/859426747582-mehovoi-polirovalnii-krug-150-mm-maxshin
Полировальные круги и пады;MaxShine;Меховой полировальный круг 125 мм MaxShine, длинный мех;1390;2064125R;нет;https://static.tildacdn.com/stor3233-6163-4266-b865-333634356465/90122973.png;http://carshine26.ru/polirovalnye-krugi-i-pady/tproduct/234968882722-mehovoi-polirovalnii-krug-125-mm-maxshin
Полировальные круги и пады;MaxShine;Меховой полировальный круг 75 мм MaxShine, длинный мех;750;2064075R;нет;https://static.tildacdn.com/stor3034-3066-4430-b665-333433393636/79363573.png;http://carshine26.ru/polirovalnye-krugi-i-pady/tproduct/968272692602-mehovoi-polirovalnii-krug-75-mm-maxshine
Полировальные круги и пады;MaxShine;Полировальный круг из искусственного меха 150 мм MaxShine, режущий, микрофибра;1300;2052150B;нет;https://static.tildacdn.com/stor3863-6363-4433-a233-656336313537/57803980.png;http://carshine26.ru/polirovalnye-krugi-i-pady/tproduct/265635894082-polirovalnii-krug-iz-iskusstvennogo-meha
Полировальные круги и пады;MaxShine;Полировальный круг из искусственного меха 130 мм MaxShine, режущий, микрофибра;1050;2052130B;нет;https://static.tildacdn.com/stor3863-6363-4433-a233-656336313537/57803980.png;http://carshine26.ru/polirovalnye-krugi-i-pady/tproduct/422493599452-polirovalnii-krug-iz-iskusstvennogo-meha
Полировальные круги и пады;MaxShine;Полировальный круг из искусственного меха 80 мм MaxShine, режущий, микрофибра;620;2052080B;нет;https://static.tildacdn.com/stor3863-6363-4433-a233-656336313537/57803980.png;http://carshine26.ru/polirovalnye-krugi-i-pady/tproduct/932102819022-polirovalnii-krug-iz-iskusstvennogo-meha
Полировальные круги и пады;MaxShine;Микрофибровый режущий круг 155мм MaxShine;1090;2051155B;нет;https://static.tildacdn.com/stor3931-6265-4630-a661-613339376264/47049998.png;http://carshine26.ru/polirovalnye-krugi-i-pady/tproduct/515825970512-mikrofibrovii-rezhuschii-krug-155mm-maxs
Полировальные круги и пады;MaxShine;Микрофибровый режущий круг 130 мм MaxShine;898;2051130B;нет;https://static.tildacdn.com/stor3931-6265-4630-a661-613339376264/47049998.png;http://carshine26.ru/polirovalnye-krugi-i-pady/tproduct/802530995472-mikrofibrovii-rezhuschii-krug-130-mm-max
Полировальные круги и пады;MaxShine;Микрофибровый режущий круг 80 мм MaxShine;690;2051080B;нет;https://static.tildacdn.com/stor3733-3938-4035-b366-646432353232/95367599.png;http://carshine26.ru/polirovalnye-krugi-i-pady/tproduct/764076010882-mikrofibrovii-rezhuschii-krug-80-mm-maxs
Полировальные круги и пады;MaxShine;Меховой полировальный круг 150 мм без подложки MaxShine, длинный мех;841;2063150.0;нет;https://static.tildacdn.com/stor3230-3065-4334-b062-623666393162/66604414.png;http://carshine26.ru/polirovalnye-krugi-i-pady/tproduct/518322114862-mehovoi-polirovalnii-krug-150-mm-bez-pod
Полировальные круги и пады;MaxShine;MaxShine Premium Wool Cutting Pad - 6 Inch, длинный мех, тонкий поролон;1770;2060150R;нет;https://static.tildacdn.com/stor6363-6233-4834-a562-306138616639/39814780.png;http://carshine26.ru/polirovalnye-krugi-i-pady/tproduct/140441489112-maxshine-premium-wool-cutting-pad-6-inch
Полировальные круги и пады;MaxShine;MaxShine Premium Wool Cutting Pad - 5 Inch, длинный мех, тонкий поролон;1515;2060125R;нет;https://static.tildacdn.com/stor3237-3431-4161-a466-333531373331/39836644.png;http://carshine26.ru/polirovalnye-krugi-i-pady/tproduct/274826020572-maxshine-premium-wool-cutting-pad-5-inch
Полировальные круги и пады;MaxShine;MaxShine Premium Wool Cutting Pad - 3 Inch, длинный мех, тонкий поролон;795;2060080R;нет;https://static.tildacdn.com/stor3536-6430-4139-b632-303834656266/41000640.png;http://carshine26.ru/polirovalnye-krugi-i-pady/tproduct/829104653562-maxshine-premium-wool-cutting-pad-3-inch
Полировальные круги и пады;MaxShine;High Pro Поролоновый полировальный круг MaxShine, 155-175*30 мм, сильно режущий твердый, зеленый;1058;2020175G;нет;https://static.tildacdn.com/stor3662-6437-4534-a230-613332653066/45244570.png;http://carshine26.ru/polirovalnye-krugi-i-pady/tproduct/913053237492-high-pro-porolonovii-polirovalnii-krug-m
Полировальные круги и пады;MaxShine;Low pro Поролоновый полировальный круг MaxShine, 150-170*20 мм, режущий жесткий, зеленый;990;2071170G;нет;https://static.tildacdn.com/stor6666-3533-4262-b664-376630363635/97959503.png;http://carshine26.ru/polirovalnye-krugi-i-pady/tproduct/147199361632-low-pro-porolonovii-polirovalnii-krug-ma
Полировальные круги и пады;MaxShine;Поролоновый полировальный круг сильно режущий очень жесткий зеленый 150-165*20 мм MaxShine;850;2020165G;нет;https://static.tildacdn.com/stor3439-3361-4762-b434-373664343938/73143564.png;http://carshine26.ru/polirovalnye-krugi-i-pady/tproduct/784936180782-porolonovii-polirovalnii-krug-silno-rezh
Полировальные круги и пады;MaxShine;High pro Поролоновый полировальный круг MaxShine, 130-155*30 мм, сильно режущий твердый, зеленый;1120;2020155G;нет;https://static.tildacdn.com/stor3662-6437-4534-a230-613332653066/45244570.png;http://carshine26.ru/polirovalnye-krugi-i-pady/tproduct/324260661172-high-pro-porolonovii-polirovalnii-krug-m
Полировальные круги и пады;MaxShine;Low pro Поролоновый полировальный круг режущий жесткий зеленый 125-148x20мм;850;2071148G;нет;https://static.tildacdn.com/stor6666-3533-4262-b664-376630363635/97959503.png;http://carshine26.ru/polirovalnye-krugi-i-pady/tproduct/358859137712-low-pro-porolonovii-polirovalnii-krug-re
Полировальные круги и пады;MaxShine;Поролоновый полировальный круг сильно режущий очень жесткий зеленый 130-150*20 мм MaxShine;756;2020148G;нет;https://static.tildacdn.com/stor3439-3361-4762-b434-373664343938/73143564.png;http://carshine26.ru/polirovalnye-krugi-i-pady/tproduct/188835127582-porolonovii-polirovalnii-krug-silno-rezh
Полировальные круги и пады;MaxShine;Поролоновый полировальный круг полировочный средний желтый 150-165*20 мм MaxShine;850;2022165Y;нет;https://static.tildacdn.com/stor3931-3232-4639-b531-376565323036/80496317.png;http://carshine26.ru/polirovalnye-krugi-i-pady/tproduct/588462783382-porolonovii-polirovalnii-krug-polirovoch
Полировальные круги и пады;MaxShine;Low pro Поролоновый полировальный круг MaxShine, 150-170*20 мм, полирующий средний, желтый;950;2072170Y;нет;https://static.tildacdn.com/stor3731-3539-4361-a232-666565636438/75002066.png;http://carshine26.ru/polirovalnye-krugi-i-pady/tproduct/710467645662-low-pro-porolonovii-polirovalnii-krug-ma
Полировальные круги и пады;MaxShine;High Pro Поролоновый полировальный круг MaxShine, 155-175*30 мм, полирующий мягкий, желтый;1050;2022175Y;нет;https://static.tildacdn.com/stor6164-3935-4631-b231-373266626439/83352244.png;http://carshine26.ru/polirovalnye-krugi-i-pady/tproduct/449658468102-high-pro-porolonovii-polirovalnii-krug-m
Полировальные круги и пады;MaxShine;High pro Поролоновый полировальный круг MaxShine, 130-155*30 мм, полирующий мягкий, желтый;950;2022155Y;нет;https://static.tildacdn.com/stor6164-3935-4631-b231-373266626439/83352244.png;http://carshine26.ru/polirovalnye-krugi-i-pady/tproduct/906955804982-high-pro-porolonovii-polirovalnii-krug-m
Полировальные круги и пады;MaxShine;Low pro Поролоновый полировальный круг MaxShine, 125-148*20 мм, полировочный средний, желтый;803;2072148Y;нет;https://static.tildacdn.com/stor3731-3539-4361-a232-666565636438/75002066.png;http://carshine26.ru/polirovalnye-krugi-i-pady/tproduct/684104929882-low-pro-porolonovii-polirovalnii-krug-ma
Полировальные круги и пады;MaxShine;Поролоновый полировальный круг полировочный средний желтый 130-150*20 мм MaxShine;709;2022148Y;нет;https://static.tildacdn.com/stor3931-3232-4639-b531-376565323036/80496317.png;http://carshine26.ru/polirovalnye-krugi-i-pady/tproduct/881559852802-porolonovii-polirovalnii-krug-polirovoch
Полировальные круги и пады;MaxShine;High pro Поролоновый полировальный круг MaxShine, 155-175*30 мм, средний полутвердый, синий;1120;2021175B;нет;https://static.tildacdn.com/stor3065-3638-4262-b662-303066656361/61755371.png;http://carshine26.ru/polirovalnye-krugi-i-pady/tproduct/551582794462-high-pro-porolonovii-polirovalnii-krug-m
Полировальные круги и пады;MaxShine;Поролоновый полировальный круг режущий жесткий Синий 150-165*20 мм MaxShine;850;2021165B;нет;https://static.tildacdn.com/stor3434-6438-4563-b863-626338626461/68029113.png;http://carshine26.ru/polirovalnye-krugi-i-pady/tproduct/123181795972-porolonovii-polirovalnii-krug-rezhuschii
Полировальные круги и пады;;High pro Поролоновый полировальный круг MaxShine, 130-155*30 мм, средний полутвердый, синий;990;2021155B;нет;https://static.tildacdn.com/stor3634-3339-4937-b633-666431363565/76448172.png;http://carshine26.ru/polirovalnye-krugi-i-pady/tproduct/435351814782-high-pro-porolonovii-polirovalnii-krug-m
Полировальные круги и пады;MaxShine;Поролоновый полировальный круг режущий полутвердый Синий 130-150*20 мм MaxShine;790;2021148B;нет;https://static.tildacdn.com/stor3434-6438-4563-b863-626338626461/68029113.png;http://carshine26.ru/polirovalnye-krugi-i-pady/tproduct/664927607742-porolonovii-polirovalnii-krug-rezhuschii
Полировальные круги и пады;MaxShine;Поролоновый полировальный круг финишный мягкий красный 150-165*20 мм MaxShine;800;2023165R;нет;https://static.tildacdn.com/stor6164-6466-4338-a564-336539656138/78911224.png;http://carshine26.ru/polirovalnye-krugi-i-pady/tproduct/928955351762-porolonovii-polirovalnii-krug-finishnii
Полировальные круги и пады;MaxShine;Low pro Поролоновый полировальный круг MaxShine, 150-170*20 мм, финишный мягкий, красный;890;2073170R;нет;https://static.tildacdn.com/stor3036-3938-4330-b935-646638653334/12655062.png;http://carshine26.ru/polirovalnye-krugi-i-pady/tproduct/119146338382-low-pro-porolonovii-polirovalnii-krug-ma
Полировальные круги и пады;MaxShine;High Pro Поролоновый полировальный круг MaxShine, 155-175*30 мм, финишный ультра-мягкий, красный;964;2023175R;нет;https://static.tildacdn.com/stor6462-6539-4735-b239-356365643962/97799702.png;http://carshine26.ru/polirovalnye-krugi-i-pady/tproduct/158935601002-high-pro-porolonovii-polirovalnii-krug-m
Полировальные круги и пады;MaxShine;Поролоновый полировальный круг финишный мягкий красный 130-150*20 мм MaxShine;750;2023148R;нет;https://static.tildacdn.com/stor3833-3236-4731-a330-306237623763/86367414.png;http://carshine26.ru/polirovalnye-krugi-i-pady/tproduct/387855246822-porolonovii-polirovalnii-krug-finishnii
Полировальные круги и пады;MaxShine;Low pro Поролоновый полировальный круг MaxShine, 125-148*20 мм, финишный мягкий, красный;800;2073148R;нет;https://static.tildacdn.com/stor3036-3938-4330-b935-646638653334/12655062.png;http://carshine26.ru/polirovalnye-krugi-i-pady/tproduct/600358026582-low-pro-porolonovii-polirovalnii-krug-ma
Полировальные круги и пады;MaxShine;High pro Поролоновый полировальный круг MaxShine, 130-155*30 мм, финишный ультра-мягкий, красный;850;2023155R;нет;https://static.tildacdn.com/stor6462-6539-4735-b239-356365643962/97799702.png;http://carshine26.ru/polirovalnye-krugi-i-pady/tproduct/910683451002-high-pro-porolonovii-polirovalnii-krug-m
Полировальные круги и пады;MaxShine;Flat Поролоновый полировальный круг режущий жесткий зеленый 130*25 мм MaxShine;890;2031140G;нет;https://static.tildacdn.com/stor6438-3462-4039-b338-663466613262/13863369.png;http://carshine26.ru/polirovalnye-krugi-i-pady/tproduct/383613066892-flat-porolonovii-polirovalnii-krug-rezhu
Полировальные круги и пады;MaxShine;Поролоновый полировальный круг режущий жесткий зеленый 75-85x25мм, скругленный край MaxShine;630;2031085G;нет;https://static.tildacdn.com/stor3431-3034-4333-b963-383836323334/39269918.png;http://carshine26.ru/polirovalnye-krugi-i-pady/tproduct/361483411372-porolonovii-polirovalnii-krug-rezhuschii
Полировальные круги и пады;MaxShine;Flat Поролоновый полировальный круг полирующий мягкий желтый 130*25 мм MaxShine;850;2032140Y;нет;https://static.tildacdn.com/stor3565-6633-4161-b431-616661393263/68737112.png;http://carshine26.ru/polirovalnye-krugi-i-pady/tproduct/136500605132-flat-porolonovii-polirovalnii-krug-polir
Полировальные круги и пады;MaxShine;Flat Поролоновый полировальный круг финишный очень мягкий красный 130*25 мм MaxShine;850;2033140R;нет;https://static.tildacdn.com/stor6562-6463-4636-b539-326633323639/12962786.png;http://carshine26.ru/polirovalnye-krugi-i-pady/tproduct/790497641832-flat-porolonovii-polirovalnii-krug-finis
Полировальные круги и пады;MaxShine;Поролоновый полировальный круг финишный мягкий красный 75-85*25мм, скругленный край MaxShine;620;2033085R;нет;https://static.tildacdn.com/stor3635-3139-4134-b533-366635356138/19514147.png;http://carshine26.ru/polirovalnye-krugi-i-pady/tproduct/618276945512-porolonovii-polirovalnii-krug-finishnii
Полировальные круги и пады;MaxShine;Поролоновый полировальный круг полировочный средний желтый 75-85*25мм, скругленный край MaxShine;586;2032085Y;нет;https://static.tildacdn.com/stor3938-3333-4531-b832-653663356165/43914095.png;http://carshine26.ru/polirovalnye-krugi-i-pady/tproduct/385758555712-porolonovii-polirovalnii-krug-polirovoch
Полировальные круги и пады;MaxShine;Универсальный поролоновый полировальный круг AIO MaxShine, 150-165*25 мм, волнистый;850;2091150O;нет;https://static.tildacdn.com/stor3235-6238-4461-b766-303063373461/38184144.png;http://carshine26.ru/polirovalnye-krugi-i-pady/tproduct/338129446332-universalnii-porolonovii-polirovalnii-kr
Подложки к полировальникам;MaxShine;"Подложка для эксцентриковой машинки 125мм (5"") MaxShine, резьба 5/16""-24 UNF";841;3011125.0;нет;https://static.tildacdn.com/stor3238-3262-4262-a638-636663643861/43695529.png;http://carshine26.ru/podlozhki-k-polirovalnikam/tproduct/719449434192-podlozhka-dlya-ekstsentrikovoi-mashinki
Подложки к полировальникам;MaxShine;"Подложка для эксцентриковой машинки 70 мм (3"") MaxShine, резьба 5/16""-24 UNF";463;3013070.0;нет;https://static.tildacdn.com/stor3961-3733-4234-a166-393161356338/91186851.png;http://carshine26.ru/podlozhki-k-polirovalnikam/tproduct/174367459932-podlozhka-dlya-ekstsentrikovoi-mashinki
Подложки к полировальникам;MaxShine;MaxShine Подложка для роторной полировальной машинки 75 мм (10 мм);700;3081075.0;нет;https://static.tildacdn.com/stor3937-3363-4564-b234-383561393664/57428892.png;http://carshine26.ru/podlozhki-k-polirovalnikam/tproduct/746006368072-maxshine-podlozhka-dlya-rotornoi-polirov
Подложки к полировальникам;MaxShine;Подложка для роторной машинки 50 мм MaxShine, М14, толщина 22 мм, полиуретан;444;3041050.0;нет;https://static.tildacdn.com/stor6466-3261-4433-a631-386631643439/27750977.png;http://carshine26.ru/podlozhki-k-polirovalnikam/tproduct/245393918832-podlozhka-dlya-rotornoi-mashinki-50-mm-m
Составы для полировки;Leraton;Обезжириватель на спиртовой основе LERATON G8 473мл;430;;нет;https://static.tildacdn.com/stor3934-6139-4431-b436-383561346662/74347167.png;http://carshine26.ru/sostavy-dlya-polirovki/tproduct/431942463212-obezzhirivatel-na-spirtovoi-osnove-lerat
Составы для полировки;Leraton;Обезжириватель-антисиликон на сольвентной основе LERATON G8S 473мл;530;;нет;https://static.tildacdn.com/stor6261-3838-4036-b239-386633366439/37835286.png;http://carshine26.ru/sostavy-dlya-polirovki/tproduct/925350549532-obezzhirivatel-antisilikon-na-solventnoi
Составы для полировки;Smart Open;Smart Open Очиститель от жира, масла, силикона Degreaser 500мл;290;;нет;https://static.tildacdn.com/stor3235-3930-4466-b536-666436636436/82815329.png;http://carshine26.ru/sostavy-dlya-polirovki/tproduct/785590345302-smart-open-ochistitel-ot-zhira-masla-sil
Составы для полировки;Foam Heroes;Foam Heroes Easy Prep очиститель-обезжириватель на спиртовой основе, 500мл;395;;нет;https://static.tildacdn.com/stor3163-6631-4261-a432-383930613938/48578348.png;http://carshine26.ru/sostavy-dlya-polirovki/tproduct/777232479662-foam-heroes-easy-prep-ochistitel-obezzhi
Составы для полировки;Sonax;SONAX ProfiLine Paint Prepare cредство для подготовки поверхности к покраске, 400мл;1284;;нет;https://static.tildacdn.com/stor3134-6535-4164-a562-363231623530/73306109.png;http://carshine26.ru/sostavy-dlya-polirovki/tproduct/338999502622-sonax-profiline-paint-prepare-credstvo-d
Составы для полировки;Foam Heroes;Foam Heroes Easy Prep очиститель-обезжириватель на спиртовой основе, 3л;1545;;нет;https://static.tildacdn.com/stor3830-3836-4164-a662-323439373439/47232279.png;http://carshine26.ru/sostavy-dlya-polirovki/tproduct/895484068232-foam-heroes-easy-prep-ochistitel-obezzhi
Составы для полировки;FIREBALL;FIREBALL Обезжириватель кузова IPA Reborn 500мл;1165;;нет;https://static.tildacdn.com/stor3636-3065-4535-b932-623236376334/70018261.png;http://carshine26.ru/sostavy-dlya-polirovki/tproduct/719686355152-fireball-obezzhirivatel-kuzova-ipa-rebor
Составы для полировки;CarPro;CarPro Обезжириватель Eraser 500мл;1779;;нет;https://static.tildacdn.com/stor3836-3166-4137-b736-613332653037/27226507.png;http://carshine26.ru/sostavy-dlya-polirovki/tproduct/348571392202-carpro-obezzhirivatel-eraser-500ml
Составы для полировки;3D;3D Обезжириватель Wipe 0,473мл;1999;;нет;https://static.tildacdn.com/stor3638-6532-4463-b339-383036393832/11661729.png;http://carshine26.ru/sostavy-dlya-polirovki/tproduct/510009031242-3d-obezzhirivatel-wipe-0473ml
Полировка стекол;;Полироль MIRKA Polarshine E3 Glass Polishing Compound - 250ml;2900;;нет;https://static.tildacdn.com/stor3966-6134-4234-b332-313631336461/87511206.png;http://carshine26.ru/polirovka-stekol/tproduct/818432472202-polirol-mirka-polarshine-e3-glass-polish
Полировка стекол;;Mirka Polarshine E3 полировальная паста для стекла, 1л.;8200;;нет;https://static.tildacdn.com/stor6630-6532-4262-b631-363736656439/92122571.png;http://carshine26.ru/polirovka-stekol/tproduct/645139681562-mirka-polarshine-e3-polirovalnaya-pasta
Полировка стекол;CarPro;CarPro Паста для очистки и полировки стекла CeriGlass 500мл;4600;;нет;https://static.tildacdn.com/stor3535-3636-4230-a336-663465333337/68377338.png;http://carshine26.ru/polirovka-stekol/tproduct/117761211942-carpro-pasta-dlya-ochistki-i-polirovki-s
Полировка стекол;;Шлифовальные круги Mirka Abralon Ø 150 мм P180;350;;нет;https://static.tildacdn.com/stor6339-3362-4232-a135-383164393639/80867886.png;http://carshine26.ru/polirovka-stekol/tproduct/241156478702-shlifovalnie-krugi-mirka-abralon-150-mm
Полировка стекол;;Шлифовальные круги Mirka Abralon Ø 150 мм P360;350;;нет;https://static.tildacdn.com/stor3538-6664-4965-b339-366164396536/55104308.png;http://carshine26.ru/polirovka-stekol/tproduct/705736019962-shlifovalnie-krugi-mirka-abralon-150-mm
Полировка стекол;;Шлифовальные круги Mirka Abralon Ø 150 мм P500;350;;нет;https://static.tildacdn.com/stor3538-6664-4965-b339-366164396536/55104308.png;http://carshine26.ru/polirovka-stekol/tproduct/743485613852-shlifovalnie-krugi-mirka-abralon-150-mm
Полировка стекол;;Шлифовальные круги Mirka Abralon Ø 150 мм P600;350;;нет;https://static.tildacdn.com/stor3538-6664-4965-b339-366164396536/55104308.png;http://carshine26.ru/polirovka-stekol/tproduct/948049646172-shlifovalnie-krugi-mirka-abralon-150-mm
Полировка стекол;;Шлифовальные круги Mirka Abralon Ø 150 мм P1000;350;;нет;https://static.tildacdn.com/stor6339-3362-4232-a135-383164393639/80867886.png;http://carshine26.ru/polirovka-stekol/tproduct/797454548432-shlifovalnie-krugi-mirka-abralon-150-mm
Полировка стекол;;Шлифовальные круги Mirka Abralon Ø 150 мм P2000;350;;нет;https://static.tildacdn.com/stor6339-3362-4232-a135-383164393639/80867886.png;http://carshine26.ru/polirovka-stekol/tproduct/480754288282-shlifovalnie-krugi-mirka-abralon-150-mm
Полировка стекол;;Шлифовальные круги Mirka Abralon Ø 150 мм P3000;400;;нет;https://static.tildacdn.com/stor6339-3362-4232-a135-383164393639/80867886.png;http://carshine26.ru/polirovka-stekol/tproduct/814903474282-shlifovalnie-krugi-mirka-abralon-150-mm
Полировка стекол;;Шлифовальные круги Mirka Abralon Ø 150 мм P4000;400;;нет;https://static.tildacdn.com/stor6339-3362-4232-a135-383164393639/80867886.png;http://carshine26.ru/polirovka-stekol/tproduct/494168360082-shlifovalnie-krugi-mirka-abralon-150-mm
Полировка стекол;;SANDWOX SUPERFINE FOAM p3000 150мм;300;;нет;https://static.tildacdn.com/stor3463-6631-4433-a366-653162373330/77791614.png;http://carshine26.ru/polirovka-stekol/tproduct/531986858322-sandwox-superfine-foam-p3000-150mm
Составы для полировки;GYEON;GYEON Адгезионный состав перед нанесением защитных покрытий (подложка) Q2M Prep 1000мл;3690;;нет;https://static.tildacdn.com/stor3466-6238-4238-b361-313130316331/56866451.png;http://carshine26.ru/sostavy-dlya-polirovki/tproduct/779674439592-gyeon-adgezionnii-sostav-pered-nanesenie
Полировальные круги и пады;Sonax;Sonax Жёсткий полировальный круг (красный) Polishing Sponge Red 160мм;1558;;нет;https://static.tildacdn.com/stor6239-6561-4761-b932-633333313032/56903396.png;http://carshine26.ru/polirovalnye-krugi-i-pady/tproduct/796111179472-sonax-zhyostkii-polirovalnii-krug-krasni
Полировальные круги и пады;Sonax;Sonax Твёрдый полировочный круг (красный) 143мм;2155;;нет;https://static.tildacdn.com/stor3338-6538-4432-b433-313331333937/65981750.png;http://carshine26.ru/polirovalnye-krugi-i-pady/tproduct/762567537972-sonax-tvyordii-polirovochnii-krug-krasni
Полировальные круги и пады;Sonax;SONAX Полировальный круг чёрный супер мягкий 160мм;1019;;нет;https://static.tildacdn.com/stor6161-3063-4331-a235-346664306366/17127871.png;http://carshine26.ru/polirovalnye-krugi-i-pady/tproduct/398858421992-sonax-polirovalnii-krug-chyornii-super-m
Полировальные круги и пады;GYEON;GYEON Меховой полировальный круг режущий Rotary Wool Heavy Cut 130мм;1790;;нет;https://static.tildacdn.com/stor3734-3132-4762-a566-666535393939/84533542.png;http://carshine26.ru/polirovalnye-krugi-i-pady/tproduct/671220677362-gyeon-mehovoi-polirovalnii-krug-rezhusch
Полировальные круги и пады;GYEON;GYEON Меховой полировальный круг агрессивный Q2M Rotary Wool Cut 130мм;1790;;нет;https://static.tildacdn.com/stor6464-6234-4938-b666-343734303532/60936951.png;http://carshine26.ru/polirovalnye-krugi-i-pady/tproduct/340925714292-gyeon-mehovoi-polirovalnii-krug-agressiv
Полировальные круги и пады;GYEON;GYEON Мягкий полировальный круг Q2M Eccentric Polish 125х145x20мм;1150;;нет;https://static.tildacdn.com/stor6336-3862-4735-b336-323834636564/99380293.png;http://carshine26.ru/polirovalnye-krugi-i-pady/tproduct/984400064862-gyeon-myagkii-polirovalnii-krug-q2m-ecce
Полировальные круги и пады;GYEON;GYEON Особо твердый полировальный круг Q2M Eccentric Heavy Cut 125х145x20мм;1150;;нет;https://static.tildacdn.com/stor6264-6264-4636-b562-636164613565/50231271.png;http://carshine26.ru/polirovalnye-krugi-i-pady/tproduct/827346717142-gyeon-osobo-tverdii-polirovalnii-krug-q2
Полировальные круги и пады;ZviZZer;КРАСНЫЙ жесткий режущий полировальный круг ТРАПЕЦИЯ ZviZZer 90/25/80;450;ZV-TR00009025HC;нет;https://static.tildacdn.com/stor3539-6265-4032-b031-653039643533/58385817.png;http://carshine26.ru/polirovalnye-krugi-i-pady/tproduct/557367122792-krasnii-zhestkii-rezhuschii-polirovalnii
Протирочный материал;Dry Monster;DRY MONSTER PREMIUM (Orange) Микрофибра для сушки двойная крученая петля оранжевая 50х60 700gsm;790;;нет;https://static.tildacdn.com/stor6263-6363-4339-a232-343637383438/69489005.png;http://carshine26.ru/protirochnyj-material/tproduct/344176715442-dry-monster-premium-orange-mikrofibra-dl
Протирочный материал;Dry Monster;DRY MONSTER PREMIUM (Green) Микрофибра для сушки двойная крученая петля зеленая 50х60 700gsm;790;;нет;https://static.tildacdn.com/stor6631-3431-4537-b065-383032623636/94836870.png;http://carshine26.ru/protirochnyj-material/tproduct/245554594012-dry-monster-premium-green-mikrofibra-dly
Протирочный материал;Dry Monster;DRY MONSTER ПОЛОТЕНЦЕ 40*40 см микрофибра для сушки авто, цвет ЗЕЛЕНЫЙ;220;;нет;https://static.tildacdn.com/stor6433-3766-4136-b761-303861666262/98803835.png;http://carshine26.ru/protirochnyj-material/tproduct/595314964242-dry-monster-polotentse-4040-sm-mikrofibr
Протирочный материал;Dry Monster;: DRY MONSTER ПОЛОТЕНЦЕ 40*40 см микрофибра для сушки авто, цвет КОРАЛЛОВЫЙ;220;;нет;https://static.tildacdn.com/stor6464-3037-4435-b762-346235333437/32190024.png;http://carshine26.ru/protirochnyj-material/tproduct/254570369312--dry-monster-polotentse-4040-sm-mikrofib
Протирочный материал;Dry Monster;"DRY MONSTER ПОЛОТЕНЦЕ 40*40 см ""Universal PREMIUM"" микрофибра для сушки авто, цвет БЕЖЕВЫЙ";220;;нет;https://static.tildacdn.com/stor6435-3264-4866-b832-393130633163/20345971.png;http://carshine26.ru/protirochnyj-material/tproduct/304250819912-dry-monster-polotentse-4040-sm-universal
Протирочный материал;Dry Monster;"DRY MONSTER ПОЛОТЕНЦЕ 40*40 см ""Universal PREMIUM"" микрофибра для сушки авто, цвет ЗЕЛЕНЫЙ";220;;нет;https://static.tildacdn.com/stor6566-6561-4139-b331-376236633736/94232364.png;http://carshine26.ru/protirochnyj-material/tproduct/216314326522-dry-monster-polotentse-4040-sm-universal
Протирочный материал;Dry Monster;"DRY MONSTER ПОЛОТЕНЦЕ 40*40 см ""Universal PREMIUM"" микрофибра для сушки авто, цвет СИНИЙ";220;;нет;https://static.tildacdn.com/stor3263-3938-4231-a631-656631663837/13765132.png;http://carshine26.ru/protirochnyj-material/tproduct/709289207782-dry-monster-polotentse-4040-sm-universal
Протирочный материал;Dry Monster;Dry Monster Big Waffle Blue микрофибра вафельная 35х40 300гр;300;;нет;https://static.tildacdn.com/stor3233-3237-4637-a332-373662306537/41903925.png;http://carshine26.ru/protirochnyj-material/tproduct/216683768902-dry-monster-big-waffle-blue-mikrofibra-v
Протирочный материал;Dry Monster;DRY MONSTER НАБОР полотенец из 3-х штук 35*40 см для стекол, 40*40 см для салона, 50*60 см Стандарт, цвет КОРАЛЛОВЫЙ, в упаковке;890;;нет;https://static.tildacdn.com/stor3562-3065-4364-b764-376239663765/54331295.png;http://carshine26.ru/protirochnyj-material/tproduct/509822695952-dry-monster-nabor-polotenets-iz-3-h-shtu
Протирочный материал;Dry Monster;DRY MONSTER НАБОР полотенец из 3-х штук 35*40 см для стекол, 40*40 см для салона, 50*60 см Стандарт, цвет ФИСТАШКОВЫЙ в упаковке;890;;нет;https://static.tildacdn.com/stor3064-6234-4332-b639-626666313065/82214619.png;http://carshine26.ru/protirochnyj-material/tproduct/152758222942-dry-monster-nabor-polotenets-iz-3-h-shtu
Протирочный материал;Dry Monster;"DRY MONSTER Салфетка 30*40 см ""Glass Diamond"" из микрофибры для стекол ""Рыбья чешуя"", цвет ГОЛУБОЙ /350";180;;нет;https://static.tildacdn.com/stor6266-3264-4164-a537-313039663636/13218549.png;http://carshine26.ru/protirochnyj-material/tproduct/748910426092-dry-monster-salfetka-3040-sm-glass-diamo
Протирочный материал;Dry Monster;"DRY MONSTER Салфетка 30*40 см ""Glass Diamond"" из микрофибры для стекол ""Рыбья чешуя"", цвет ОЛИВКОВЫЙ /350";180;;нет;https://static.tildacdn.com/stor6232-3334-4530-b961-386130326465/62695430.png;http://carshine26.ru/protirochnyj-material/tproduct/458946585092-dry-monster-salfetka-3040-sm-glass-diamo
Протирочный материал;Dry Monster;"DRY MONSTER Салфетка 30*40 см ""Glass Diamond"" из микрофибры для стекол ""Рыбья чешуя"", цвет СЕРЫЙ /350";180;;нет;https://static.tildacdn.com/stor3539-3030-4837-a431-383061663436/58432072.png;http://carshine26.ru/protirochnyj-material/tproduct/592812083022-dry-monster-salfetka-3040-sm-glass-diamo
Протирочный материал;Dry Monster;DRY MONSTER НАБОР ПОЛОТЕНЕЦ - САЛФЕТОК из 9-ти шт 35*35 см TERRY KING микрофибра (три цвета ЖЕЛ/СИН/ЗЕЛ) /40 9шт;850;;нет;https://static.tildacdn.com/stor6239-6538-4238-a136-306239333636/77622687.png;http://carshine26.ru/protirochnyj-material/tproduct/228415049712-dry-monster-nabor-polotenets-salfetok-iz
Протирочный материал;Dry Monster;"DRY MONSTER ПОЛОТЕНЦЕ 50*80 см ""XXL STANDART"" - ДВУСТОРОНЕЕ ""Двойная Петля"" микрофибра для сушки авто, цвет ГОЛУБОЙ /30";1900;;нет;https://static.tildacdn.com/stor6435-3266-4337-a332-636631353732/88119640.png;http://carshine26.ru/protirochnyj-material/tproduct/705808252312-dry-monster-polotentse-5080-sm-xxl-stand
Протирочный материал;Dry Monster;"DRY MONSTER ПОЛОТЕНЦЕ 50*80 см ""XXL STANDART"" - ДВУСТОРОНЕЕ ""Двойная Петля"" микрофибра для сушки авто, цвет КОРИЧНЕВЫЙ /30";1900;;нет;https://static.tildacdn.com/stor3638-6234-4662-b032-646362646532/74646608.png;http://carshine26.ru/protirochnyj-material/tproduct/883975517132-dry-monster-polotentse-5080-sm-xxl-stand
Протирочный материал;Dry Monster;"DRY MONSTER ПОЛОТЕНЦЕ 50*80 см ""XXL STANDART"" - ДВУСТОРОНЕЕ ""Двойная Петля"" микрофибра для сушки авто, цвет СЕРЫЙ /30";1900;;нет;https://static.tildacdn.com/stor6331-6461-4330-a465-656439613664/10986980.png;http://carshine26.ru/protirochnyj-material/tproduct/883408314762-dry-monster-polotentse-5080-sm-xxl-stand
Протирочный материал;Leraton;Микрофибра односторонняя без краев LERATON PURPLE HAZE MF9 40x40 400 гр/м2;170;;нет;https://static.tildacdn.com/stor3239-3763-4139-b438-616535346565/15225099.png;http://carshine26.ru/protirochnyj-material/tproduct/297326789612-mikrofibra-odnostoronnyaya-bez-kraev-ler
Протирочный материал;Leraton;Микрофибра LERATON GREY STANDART MF8 40x40 300 гр/м2;150;;нет;https://static.tildacdn.com/stor3862-6238-4662-b633-363930373937/61292970.png;http://carshine26.ru/protirochnyj-material/tproduct/509271548612-mikrofibra-leraton-grey-standart-mf8-40x
Протирочный материал;Leraton;Универсальная микрофибра без краев LERATON BLACK PEARL MF14 40x40 300 гр/м2;190;;нет;https://static.tildacdn.com/stor3931-6636-4565-b565-666630623133/63700332.png;http://carshine26.ru/protirochnyj-material/tproduct/881599609982-universalnaya-mikrofibra-bez-kraev-lerat
Протирочный материал;Leraton;Универсальная микрофибра без краев LERATON TERRY JERRY MF13 40x40 320 гр/м2;170;;нет;https://static.tildacdn.com/stor6132-3966-4561-a366-376362336338/49096026.png;http://carshine26.ru/protirochnyj-material/tproduct/489431575132-universalnaya-mikrofibra-bez-kraev-lerat
Протирочный материал;Leraton;Плюшевая полировальная микрофибра LERATON BLACK JACK MF6 40x40 400 гр/м2;240;;нет;https://static.tildacdn.com/stor3834-3233-4135-a533-663934616235/74183041.png;http://carshine26.ru/protirochnyj-material/tproduct/132400130522-plyushevaya-polirovalnaya-mikrofibra-ler
Протирочный материал;Leraton;Плюшевая полировальная микрофибра LERATON AQUA PLUSH MF5 40x40 500 гр/м2;300;;нет;https://static.tildacdn.com/stor3062-6337-4166-a633-316131343334/21857055.png;http://carshine26.ru/protirochnyj-material/tproduct/901419813762-plyushevaya-polirovalnaya-mikrofibra-ler
Протирочный материал;Leraton;Комплект микрофибр из 6 штук LERATON WORK SET MFPS 37x37 280 гр/м2;670;;нет;https://static.tildacdn.com/stor3537-6261-4131-a266-343064333232/41188009.png;http://carshine26.ru/protirochnyj-material/tproduct/144895867352-komplekt-mikrofibr-iz-6-shtuk-leraton-wo
Протирочный материал;Leraton;Комплект микрофибр из 9 штук LERATON WORK SET TERRY MFTS 35x35 280 гр/м2;700;;нет;https://static.tildacdn.com/stor3931-6534-4361-b031-633038306238/16794184.png;http://carshine26.ru/protirochnyj-material/tproduct/475342008762-komplekt-mikrofibr-iz-9-shtuk-leraton-wo
Протирочный материал;Leraton;Комплект микрофибр из 9 штук LERATON WORK SET MFS 40x40 300 гр/м2;900;;нет;https://static.tildacdn.com/stor3466-6433-4764-a631-386331343563/48783669.png;http://carshine26.ru/protirochnyj-material/tproduct/768027360262-komplekt-mikrofibr-iz-9-shtuk-leraton-wo
Протирочный материал;Leraton;Полировальная микрофибра без краев LERATON RED FURY MF4 40x40 600 гр/м2;300;;нет;https://static.tildacdn.com/stor6530-3733-4534-b161-623665363131/98478469.png;http://carshine26.ru/protirochnyj-material/tproduct/556819709872-polirovalnaya-mikrofibra-bez-kraev-lerat
Протирочный материал;Leraton;Комплект вафельных микрофибр для стекла LERATON MFWS WAFFLE SET 2 PCS 40x40 300 гр/м2;370;;нет;https://static.tildacdn.com/stor3831-3065-4137-b836-656236626534/80855322.png;http://carshine26.ru/protirochnyj-material/tproduct/708946896952-komplekt-vafelnih-mikrofibr-dlya-stekla
Протирочный материал;Leraton;Полировальная микрофибра LERATON GREY POLISH MF3 40x40 600 гр/м2;300;;нет;https://static.tildacdn.com/stor3136-3337-4965-a232-326263393635/69423268.png;http://carshine26.ru/protirochnyj-material/tproduct/268422875892-polirovalnaya-mikrofibra-leraton-grey-po
Протирочный материал;Leraton;Двухсторонняя микрофибра для сушки LERATON GREEN TWIST MF2 60x60 700 гр/м2;750;;нет;https://static.tildacdn.com/stor3937-3536-4863-a564-323434623336/66135914.png;http://carshine26.ru/protirochnyj-material/tproduct/583610303302-dvuhstoronnyaya-mikrofibra-dlya-sushki-l
Протирочный материал;Leraton;Гибридная односторонняя микрофибра для сушки Leraton Hybrid Choco MF2HC 60x50;600;;нет;https://static.tildacdn.com/stor3663-3561-4762-b765-666164383634/21562161.png;http://carshine26.ru/protirochnyj-material/tproduct/475935285462-gibridnaya-odnostoronnyaya-mikrofibra-dl
Протирочный материал;Leraton;Плюшевая микрофибра для сушки LERATON GREY MAMONTH MF1 70x50 1300 гр/м2;1400;;нет;https://static.tildacdn.com/stor3030-3161-4036-b733-376531376233/70361192.png;http://carshine26.ru/protirochnyj-material/tproduct/593298410562-plyushevaya-mikrofibra-dlya-sushki-lerat
Протирочный материал;Foam Heroes;Foam Heroes Terry Wipe универсальная двусторонняя микрофибра без оверлока 35х35см (9шт);695;;нет;https://static.tildacdn.com/stor6138-6435-4138-b032-373465666535/61634752.png;http://carshine26.ru/protirochnyj-material/tproduct/658925454382-foam-heroes-terry-wipe-universalnaya-dvu
Протирочный материал;Foam Heroes;Foam Heroes Mr. Twister одностороннее полотенце для сушки автомобиля 60х80см, 1000г/м2;2295;;нет;https://static.tildacdn.com/stor3438-3532-4331-a330-616231383236/52419704.png;http://carshine26.ru/protirochnyj-material/tproduct/525048875832-foam-heroes-mr-twister-odnostoronnee-pol
Губки, аппликаторы, рукавицы;Foam Heroes;Foam Heroes 2Sided Glass Mitt двусторонняя варежка для очистки стекол 17х23см, 440г/м2;745;;нет;https://static.tildacdn.com/stor6466-3738-4033-b763-393338653539/99100535.png;http://carshine26.ru/gubki-applikatory-rukavicy/tproduct/906490246002-foam-heroes-2sided-glass-mitt-dvustoronn
Протирочный материал;Foam Heroes;Foam Heroes Pearl Wipe универсальная микрофибра с двойным плетением 40х40см (3шт), 320г/м2;795;;нет;https://static.tildacdn.com/stor6230-6534-4636-b436-656337363131/40086059.png;http://carshine26.ru/protirochnyj-material/tproduct/187612757192-foam-heroes-pearl-wipe-universalnaya-mik
Протирочный материал;Foam Heroes;Foam Heroes Ultra Glasser микрофибра для очистки стекол с новым вафельным плетением, 40х40см;645;;нет;https://static.tildacdn.com/stor6364-3135-4638-a333-353137383734/99057652.png;http://carshine26.ru/protirochnyj-material/tproduct/422524812902-foam-heroes-ultra-glasser-mikrofibra-dly
Протирочный материал;Foam Heroes;Foam Heroes Ultra Glasser микрофибра для очистки стекол с новым вафельным плетением, 60х40см;795;;нет;https://static.tildacdn.com/stor3533-3661-4233-a661-373566623134/84695557.png;http://carshine26.ru/protirochnyj-material/tproduct/169300133132-foam-heroes-ultra-glasser-mikrofibra-dly
Протирочный материал;Foam Heroes;Foam Heroes Fancy Glancy микрофибра для очистки стекол с особым плетением 40х40см, 560г/м2;695;;нет;https://static.tildacdn.com/stor3465-3764-4532-a261-306462386432/61240140.png;http://carshine26.ru/protirochnyj-material/tproduct/117276461122-foam-heroes-fancy-glancy-mikrofibra-dlya
Протирочный материал;Foam Heroes;Foam Heroes The Collector mini двухстороннее полотенце для сушки автомобиля 40х40см, 1100г/м2;1295;;нет;https://static.tildacdn.com/stor3261-6334-4038-b636-323461303537/51854882.png;http://carshine26.ru/protirochnyj-material/tproduct/210578314362-foam-heroes-the-collector-mini-dvuhstoro
Протирочный материал;Foam Heroes;Foam Heroes Plush Wipe плюшевая микрофибра для располировки составов 40х40см, 550г/м2;245;;нет;https://static.tildacdn.com/stor3335-6639-4861-b737-326461333732/53571469.png;http://carshine26.ru/protirochnyj-material/tproduct/635528696172-foam-heroes-plush-wipe-plyushevaya-mikro
Протирочный материал;Foam Heroes;Foam Heroes Long Short универсальная разносторонняя микрофибра 40х40см, 420г/м2;150;;нет;https://static.tildacdn.com/stor3335-6435-4366-a237-623439613638/67113160.png;http://carshine26.ru/protirochnyj-material/tproduct/364332842602-foam-heroes-long-short-universalnaya-raz
Протирочный материал;Foam Heroes;Foam Heroes Buff Plush универсальная микрофибра для располировки составов, 40х40см, 1200г/м2;1095;;нет;https://static.tildacdn.com/stor3665-3465-4964-b537-376138396166/77625614.png;http://carshine26.ru/protirochnyj-material/tproduct/752708276472-foam-heroes-buff-plush-universalnaya-mik
Протирочный материал;Foam Heroes;Foam Heroes Универсальная разносторонняя микрофибра 3 шт Long Short 40х40см 350г/м2;945;;нет;https://static.tildacdn.com/stor6466-3163-4235-b330-383265323333/92596340.png;http://carshine26.ru/protirochnyj-material/tproduct/425014474472-foam-heroes-universalnaya-raznostoronnya
Протирочный материал;FIREBALL;FIREBALL Микрофибра для сушки Pin Drying Towel XL 620gsm 72*95;1650;;нет;https://static.tildacdn.com/stor6435-3230-4530-b861-376531633133/78765529.png;http://carshine26.ru/protirochnyj-material/tproduct/863737990452-fireball-mikrofibra-dlya-sushki-pin-dryi
Протирочный материал;FIREBALL;FIREBALL Двухсторонняя Микрофибра для сушки Double-sided Drying Towel 86*73 1200gsm;2660;;нет;https://static.tildacdn.com/stor3563-3230-4537-b861-386432613333/16684344.png;http://carshine26.ru/protirochnyj-material/tproduct/894689559992-fireball-dvuhstoronnyaya-mikrofibra-dlya
Протирочный материал;FIREBALL;FIREBALL Микрофибра для сушки Twist Drying Towel 620gsm 70см * 45см;1230;;нет;https://static.tildacdn.com/stor6438-3533-4462-b133-353436663863/91932492.png;http://carshine26.ru/protirochnyj-material/tproduct/162493203192-fireball-mikrofibra-dlya-sushki-twist-dr
Протирочный материал;FIREBALL;FIREBALL Микрофибра для сушки Twist Drying Towel 620gsm 70см * 90см;1690;;нет;https://static.tildacdn.com/stor6438-3533-4462-b133-353436663863/91932492.png;http://carshine26.ru/protirochnyj-material/tproduct/750002911892-fireball-mikrofibra-dlya-sushki-twist-dr
Протирочный материал;FIREBALL;FIREBALL Микрофибра для сушки Twist Drying Towel 620gsm 70см * 200см;3590;;нет;https://static.tildacdn.com/stor6438-3533-4462-b133-353436663863/91932492.png;http://carshine26.ru/protirochnyj-material/tproduct/659965420182-fireball-mikrofibra-dlya-sushki-twist-dr
Протирочный материал;A302;Микрофибра для сушки 60х90, 500 gsm, зеленая A302 Scratchless Drying Towel;690;;нет;https://static.tildacdn.com/stor3333-3262-4636-b763-303363653165/89239726.png;http://carshine26.ru/protirochnyj-material/tproduct/156267363682-mikrofibra-dlya-sushki-60h90-500-gsm-zel
Протирочный материал;MaxShine;"Полотенце из микрофибры для сушки ""Big Red"" MaxShine, плюшевое, 50*70 см, 1000 г/м";1350;;нет;https://static.tildacdn.com/stor3363-3835-4935-b339-363761616139/52117146.png;http://carshine26.ru/protirochnyj-material/tproduct/778240725892-polotentse-iz-mikrofibri-dlya-sushki-big
Протирочный материал;Sonax;Sonax Xtreme Микрофибра для кузова LackfinishTuch 1300г/м2 38x43см;2733;;нет;https://static.tildacdn.com/stor3361-6139-4432-b733-626533383135/36204070.png;http://carshine26.ru/protirochnyj-material/tproduct/406699178252-sonax-xtreme-mikrofibra-dlya-kuzova-lack
Протирочный материал;CarShine;Микрофибра Синяя ультразвуковая обрезка 30х30см CarShine;90;;нет;https://static.tildacdn.com/stor3261-6239-4162-a334-306339353638/89148805.png;http://carshine26.ru/protirochnyj-material/tproduct/226569182272-mikrofibra-sinyaya-ultrazvukovaya-obrezk
Протирочный материал;CarShine;Микрофибра Зеленая ультразвуковая обрезка 30х30см CarShine;90;;нет;https://static.tildacdn.com/stor6235-6331-4161-b863-326139326134/90016742.png;http://carshine26.ru/protirochnyj-material/tproduct/758729648762-mikrofibra-zelenaya-ultrazvukovaya-obrez
Протирочный материал;CarShine;Микрофибра Синяя Плюшевая ультразвук 30х30см CarShine;130;;нет;https://static.tildacdn.com/stor3261-3733-4331-a532-336666323764/70495512.png;http://carshine26.ru/protirochnyj-material/tproduct/500215113192-mikrofibra-sinyaya-plyushevaya-ultrazvuk
Протирочный материал;AuTech;AuTech PROFI-MICROFASERTUCH GRUN Профессиональная салфетка из микрофибры без оверлока Au-2413;200;;нет;https://static.tildacdn.com/stor3266-6564-4137-b336-323665316434/75229619.png;http://carshine26.ru/protirochnyj-material/tproduct/583141778072-autech-profi-microfasertuch-grun-profess
Губки, аппликаторы, рукавицы;Leraton;Плюшевая шенилловая варежка для мойки авто LERATON MW7;470;;нет;https://static.tildacdn.com/stor3765-3634-4833-a535-366239353132/59806962.png;http://carshine26.ru/gubki-applikatory-rukavicy/tproduct/816153176142-plyushevaya-shenillovaya-varezhka-dlya-m
Губки, аппликаторы, рукавицы;Leraton;Микрофибровая варежка для мойки LERATON WASH MITT MW4;650;;нет;https://static.tildacdn.com/stor3538-6335-4564-a334-363561633765/34057048.png;http://carshine26.ru/gubki-applikatory-rukavicy/tproduct/606267889932-mikrofibrovaya-varezhka-dlya-moiki-lerat
Губки, аппликаторы, рукавицы;Leraton;Варежка из искусственного меха LERATON BLACK WOOL MITT MW6;470;;нет;https://static.tildacdn.com/stor6566-6336-4334-b966-643332373862/25609098.png;http://carshine26.ru/gubki-applikatory-rukavicy/tproduct/465648756602-varezhka-iz-iskusstvennogo-meha-leraton
Губки, аппликаторы, рукавицы;Leraton;Набор из 10 аппликаторов-шпателей (дерево + поролон) LERATON COATING FOAM STICKS SET CFS;370;;нет;https://static.tildacdn.com/stor3833-3639-4534-b735-303462396465/42579071.png;http://carshine26.ru/gubki-applikatory-rukavicy/tproduct/592022167802-nabor-iz-10-applikatorov-shpatelei-derev
Губки, аппликаторы, рукавицы;Leraton;Круглый поролоновый аппликатор для нанесения составов LERATON APP2;130;;нет;https://static.tildacdn.com/stor3131-3264-4832-a533-666431626439/59818768.png;http://carshine26.ru/gubki-applikatory-rukavicy/tproduct/938760401722-kruglii-porolonovii-applikator-dlya-nane
Губки, аппликаторы, рукавицы;Leraton;Комплект аппликаторов для работы на покрышках LERATON APP4L (2 шт);300;;нет;https://static.tildacdn.com/stor3134-3039-4334-a434-306138653338/36698277.png;http://carshine26.ru/gubki-applikatory-rukavicy/tproduct/280877703372-komplekt-applikatorov-dlya-raboti-na-pok
Губки, аппликаторы, рукавицы;Leraton;Аппликатор для нанесения защитных составов LERATON APP1;150;;нет;https://static.tildacdn.com/stor6339-6533-4237-b466-346166646131/81865791.png;http://carshine26.ru/gubki-applikatory-rukavicy/tproduct/206747969632-applikator-dlya-naneseniya-zaschitnih-so
Губки, аппликаторы, рукавицы;Leraton;Аппликатор для нанесения защитных составов LERATON APP1-6 (6 шт);700;;нет;https://static.tildacdn.com/stor6431-6530-4337-a539-373933316365/75569633.png;http://carshine26.ru/gubki-applikatory-rukavicy/tproduct/923774217532-applikator-dlya-naneseniya-zaschitnih-so
Губки, аппликаторы, рукавицы;Leraton;Аппликатор для нанесения составов LERATON HANDY RED SOFT APP6;350;;нет;https://static.tildacdn.com/stor6563-3735-4364-b337-666561633039/70515838.png;http://carshine26.ru/gubki-applikatory-rukavicy/tproduct/633735187752-applikator-dlya-naneseniya-sostavov-lera
Губки, аппликаторы, рукавицы;Leraton;Аппликатор для очистки стекла LERATON Glass Cleaning Applicator APP7;250;;нет;https://static.tildacdn.com/stor3136-3137-4365-a161-303564323632/81211560.png;http://carshine26.ru/gubki-applikatory-rukavicy/tproduct/534161530052-applikator-dlya-ochistki-stekla-leraton
Губки, аппликаторы, рукавицы;Leraton;Спрей-аппликатор для чернения резины LERATON WHEEL COATING APPLICATOR WCA;700;;нет;https://static.tildacdn.com/stor3532-6139-4066-a132-633762666463/53835246.png;http://carshine26.ru/gubki-applikatory-rukavicy/tproduct/964431068872-sprei-applikator-dlya-cherneniya-rezini
Губки, аппликаторы, рукавицы;Leraton;Поролоновый аппликатор для составов LERATON MAX WAVE MEDIUM SOFT APP9;270;;нет;https://static.tildacdn.com/stor6334-3361-4333-a630-373664613430/39774651.png;http://carshine26.ru/gubki-applikatory-rukavicy/tproduct/991652965922-porolonovii-applikator-dlya-sostavov-ler
Губки, аппликаторы, рукавицы;BUFF BROTHERS;Супер-плотная деликатная варежка для мойки авто BUFF BROTHERS CHENILLE BROTHER;650;;нет;https://static.tildacdn.com/stor6664-3631-4433-a638-336464663131/24322196.png;http://carshine26.ru/gubki-applikatory-rukavicy/tproduct/179565180532-super-plotnaya-delikatnaya-varezhka-dlya
Губки, аппликаторы, рукавицы;AuTech;AuTech Рукавица для мойки автомобиля из микрофибры Au-275;500;;нет;https://static.tildacdn.com/stor6466-6661-4737-b335-633638663063/73662754.png;http://carshine26.ru/gubki-applikatory-rukavicy/tproduct/863081974192-autech-rukavitsa-dlya-moiki-avtomobilya
Протирочный материал;CarPro;CarPro Микрофибровое полотенце для сушки Dhydrate Dry Towel 50x55см 540г/м2 CP-DH50;1479;;нет;https://static.tildacdn.com/stor3164-3032-4139-a230-373234316266/86293802.png;http://carshine26.ru/protirochnyj-material/tproduct/679754641412-carpro-mikrofibrovoe-polotentse-dlya-sus
Губки, аппликаторы, рукавицы;PURESTAR;PURESTAR Plush interior glove Сверх мягкая варежка для ухода за интерьером, PS-M-003;440;;нет;https://static.tildacdn.com/stor3332-3131-4530-b439-386131646261/24976519.png;http://carshine26.ru/gubki-applikatory-rukavicy/tproduct/795467550342-purestar-plush-interior-glove-sverh-myag
Губки, аппликаторы, рукавицы;PURESTAR;PURESTAR Color-Pop wash mitt (20x25cm) плюшевая мягкая рукавица для мойки, пурпурная PS-M-007-PURP;770;;нет;https://static.tildacdn.com/stor3066-6236-4831-a630-343031366235/17570652.png;http://carshine26.ru/gubki-applikatory-rukavicy/tproduct/867975974142-purestar-color-pop-wash-mitt-20x25cm-ply
Губки, аппликаторы, рукавицы;PURESTAR;PURESTAR Double twist wash mitt (21x28cm) Проф. руковица для мойки, Серая PS-M-006;830;;нет;https://static.tildacdn.com/stor3934-3633-4966-a461-386161666235/19780058.png;http://carshine26.ru/gubki-applikatory-rukavicy/tproduct/614807300412-purestar-double-twist-wash-mitt-21x28cm
Губки, аппликаторы, рукавицы;PURESTAR;PURESTAR Color-Pop (15x22x5cm) Плюшевая губка для мойки авто, зеленая PS-P-003-GRN;620;;нет;https://static.tildacdn.com/stor6234-3237-4563-b635-633162353436/47361330.png;http://carshine26.ru/gubki-applikatory-rukavicy/tproduct/664393329652-purestar-color-pop-15x22x5cm-plyushevaya
Губки, аппликаторы, рукавицы;PURESTAR;PURESTAR Color-Pop (15x22x5cm) Плюшевая губка для мойки авто, оранжевая PS-P-003-OR;620;;нет;https://static.tildacdn.com/stor6134-6138-4436-a633-633939333733/96390887.png;http://carshine26.ru/gubki-applikatory-rukavicy/tproduct/365730774812-purestar-color-pop-15x22x5cm-plyushevaya
Губки, аппликаторы, рукавицы;PURESTAR;PURESTAR Color-Pop wash mitt (20x25cm) плюшевая мягкая рукавица для мойки, зеленая PS-M-007-GRN;770;;нет;https://static.tildacdn.com/stor6134-3761-4830-b764-333739333366/20459229.png;http://carshine26.ru/gubki-applikatory-rukavicy/tproduct/789622792052-purestar-color-pop-wash-mitt-20x25cm-ply
Губки, аппликаторы, рукавицы;PURESTAR;PURESTAR Plush wash mitt Рукавица для мойки плюшевая особо-мягкая PS-M-002;770;;нет;https://static.tildacdn.com/stor3637-6361-4161-a362-663030636337/67829182.png;http://carshine26.ru/gubki-applikatory-rukavicy/tproduct/472223687932-purestar-plush-wash-mitt-rukavitsa-dlya
Губки, аппликаторы, рукавицы;PURESTAR;PURESTAR Cleaning mitt Жесткая варежка для очистки интерьера, кожи, пластика PS-M-001;800;;нет;https://static.tildacdn.com/stor3562-3965-4263-b633-333039336464/47930081.png;http://carshine26.ru/gubki-applikatory-rukavicy/tproduct/569026057582-purestar-cleaning-mitt-zhestkaya-varezhk
Губки, аппликаторы, рукавицы;PURESTAR;PURESTAR Color-Pop wash mitt (20x25cm) плюшевая мягкая рукавица для мойки, оранжевая PS-M-007-OR;770;;нет;https://static.tildacdn.com/stor3366-3637-4666-b934-383634303035/87850681.png;http://carshine26.ru/gubki-applikatory-rukavicy/tproduct/270903699292-purestar-color-pop-wash-mitt-20x25cm-ply
Губки, аппликаторы, рукавицы;PURESTAR;PURESTAR Color-Pop (15x22x5cm) Плюшевая губка для мойки авто, пурпурная PS-P-003-PURP;620;;нет;https://static.tildacdn.com/stor3731-6236-4632-b532-646565633936/99724159.png;http://carshine26.ru/gubki-applikatory-rukavicy/tproduct/262928255182-purestar-color-pop-15x22x5cm-plyushevaya
Губки, аппликаторы, рукавицы;Foam Heroes;Foam Heroes Soft Cloud варежка из мульти-микрофибры для мойки автомобиля 17.5x23см, 1400г/м2;895;;нет;https://static.tildacdn.com/stor6432-6239-4435-b731-623631396435/43561990.png;http://carshine26.ru/gubki-applikatory-rukavicy/tproduct/116886577192-foam-heroes-soft-cloud-varezhka-iz-multi
Губки, аппликаторы, рукавицы;Foam Heroes;Foam Heroes Slide Glide двусторонний пад для мойки автомобиля 16.5х22см, 1400г/м2;995;;нет;https://static.tildacdn.com/stor3738-3232-4035-b538-343538646634/66344770.png;http://carshine26.ru/gubki-applikatory-rukavicy/tproduct/868662148612-foam-heroes-slide-glide-dvustoronnii-pad
Губки, аппликаторы, рукавицы;Foam Heroes;Foam Heroes Wheel Smitt мини-варежка для мойки колесных дисков 13х15см, 1400г/м2;595;;нет;https://static.tildacdn.com/stor6233-3937-4832-b661-356631353932/67330994.png;http://carshine26.ru/gubki-applikatory-rukavicy/tproduct/814258950392-foam-heroes-wheel-smitt-mini-varezhka-dl
Губки, аппликаторы, рукавицы;Foam Heroes;Foam Heroes Scruby-Doo мини-варежка скраб из микрофибры для очистки салона 15х15см, 900г/м2;695;;нет;https://static.tildacdn.com/stor3135-3239-4531-b130-363938623061/37635595.png;http://carshine26.ru/gubki-applikatory-rukavicy/tproduct/696604775942-foam-heroes-scruby-doo-mini-varezhka-skr
Губки, аппликаторы, рукавицы;Foam Heroes;Foam Heroes Scrub Applicator аппликатор для глубокой очистки стекол, 6х4х4,8см;150;;нет;https://static.tildacdn.com/stor6331-3439-4832-a333-326266663337/61857636.png;http://carshine26.ru/gubki-applikatory-rukavicy/tproduct/457550765082-foam-heroes-scrub-applicator-applikator
Губки, аппликаторы, рукавицы;Foam Heroes;Foam Heroes Wheely Mate Hoods сменные чехлы из микрофибры для плоского ершика (2шт), 890г/м2;795;;нет;https://static.tildacdn.com/stor3236-3836-4535-a536-363735343531/21281521.png;http://carshine26.ru/gubki-applikatory-rukavicy/tproduct/305886193412-foam-heroes-wheely-mate-hoods-smennie-ch
Протирочный материал;DetailingBoom;Detailing Boom Полотенце из микрофибры.Цвет голубой.Плотность 400GSM 40/40;100;;нет;https://static.tildacdn.com/stor6566-3031-4330-b430-393863613064/add15c2df5616a2880487eadec9fdaaa.png;http://carshine26.ru/protirochnyj-material/tproduct/131988281542-detailing-boom-polotentse-iz-mikrofibrit
Протирочный материал;PURESTAR;PURESTAR Brownie buffing towel (40х40см) Двухсторонняя безвор. м/ф для располировки (2 шт) PS-MU-001;620;;нет;https://static.tildacdn.com/stor3062-6233-4434-a665-356463323035/44044825.png;http://carshine26.ru/protirochnyj-material/tproduct/215341503452-purestar-brownie-buffing-towel-40h40sm-d
Протирочный материал;PURESTAR;PURESTAR Waffle glass towel Вафельное полотенце для стекла 60x40 PS-G-004;560;;нет;https://static.tildacdn.com/stor3963-3133-4363-b438-386439653861/97075406.png;http://carshine26.ru/protirochnyj-material/tproduct/398103189842-purestar-waffle-glass-towel-vafelnoe-pol
Губки, аппликаторы, рукавицы;MaxShine;Аппликатор из микрофибры круглый, с карманом под пальцы, набор 4 шт MaxShine, 8,5*1 см;750;;нет;https://static.tildacdn.com/stor3564-6533-4733-b533-343737616336/33713537.png;http://carshine26.ru/gubki-applikatory-rukavicy/tproduct/815092002362-applikator-iz-mikrofibri-kruglii-s-karma
Губки, аппликаторы, рукавицы;MaxShine;"Варежка для ручной мойки ""Комбинированная"" MaxShine 3 в 1, шиншила/плюш/сетка, желтая";660;;нет;https://static.tildacdn.com/stor3539-6466-4461-b730-333532323963/80011681.png;http://carshine26.ru/gubki-applikatory-rukavicy/tproduct/617845840472-varezhka-dlya-ruchnoi-moiki-kombinirovan
Губки, аппликаторы, рукавицы;MaxShine;Плюшевые перчатки из микрофибры MaxShine, 1 пара, 12*20,5 см;510;;нет;https://static.tildacdn.com/stor3734-6166-4430-b332-643133633839/37801281.png;http://carshine26.ru/gubki-applikatory-rukavicy/tproduct/214915153072-plyushevie-perchatki-iz-mikrofibri-maxsh
Губки, аппликаторы, рукавицы;MaxShine;"Варежка для ручной мойки ""Шиншилла"" MaxShine, зеленая";650;;нет;https://static.tildacdn.com/stor6537-6137-4032-a366-643366353431/33405138.png;http://carshine26.ru/gubki-applikatory-rukavicy/tproduct/832470037702-varezhka-dlya-ruchnoi-moiki-shinshilla-m
Губки, аппликаторы, рукавицы;MaxShine;Мини рукавицы для мытья труднодоступных мест MaxShine, 2 шт, микрофибра, 650 г/м;590;;нет;https://static.tildacdn.com/stor6264-3836-4264-b134-613566623734/91052138.png;http://carshine26.ru/gubki-applikatory-rukavicy/tproduct/993086127292-mini-rukavitsi-dlya-mitya-trudnodostupni
Губки, аппликаторы, рукавицы;MaxShine;Пад для ручной мойки ворсистый MaxShine, микрофибра;595;;нет;https://static.tildacdn.com/stor6434-6135-4366-a630-353633376462/27526919.png;http://carshine26.ru/gubki-applikatory-rukavicy/tproduct/818933944742-pad-dlya-ruchnoi-moiki-vorsistii-maxshin
Губки, аппликаторы, рукавицы;MaxShine;"Пад для ручной мойки ""Шиншилла"" MaxShine, микрофибра";620;;нет;https://static.tildacdn.com/stor3536-3336-4537-b039-646534313061/60680011.png;http://carshine26.ru/gubki-applikatory-rukavicy/tproduct/465579498012-pad-dlya-ruchnoi-moiki-shinshilla-maxshi
Губки, аппликаторы, рукавицы;FIREBALL;FIREBALL Микрофибровый пад (губка) для мойки авто Premium Wash Pad 22*15;1420;;нет;https://static.tildacdn.com/stor6465-3333-4232-a136-663961386461/37257705.png;http://carshine26.ru/gubki-applikatory-rukavicy/tproduct/956061338682-fireball-mikrofibrovii-pad-gubka-dlya-mo
Губки, аппликаторы, рукавицы;FIREBALL;FIREBALL Микрофибровая варежка для мойки авто Premium Wash Mitt 25*20 см;1990;;нет;https://static.tildacdn.com/stor6433-3830-4439-b533-383762316636/99642391.png;http://carshine26.ru/gubki-applikatory-rukavicy/tproduct/253498801852-fireball-mikrofibrovaya-varezhka-dlya-mo
Губки, аппликаторы, рукавицы;KRYTEX;KRYTEX Аппликатор для очистки стекла Applicator 10x5см;400;;нет;https://static.tildacdn.com/stor3538-6231-4662-a366-376566353061/66762899.png;http://carshine26.ru/gubki-applikatory-rukavicy/tproduct/241322859992-krytex-applikator-dlya-ochistki-stekla-a
Губки, аппликаторы, рукавицы;FIREBALL;FIREBALL Аппликатор с прорезями для нанесения защитных составов, 90*40 мм;160;;нет;https://static.tildacdn.com/stor3433-3133-4961-b634-376236313438/88449026.png;http://carshine26.ru/gubki-applikatory-rukavicy/tproduct/482289134302-fireball-applikator-s-prorezyami-dlya-na
Губки, аппликаторы, рукавицы;FIREBALL;FIREBALL Аппликатор для шин;200;;нет;https://static.tildacdn.com/stor3666-3631-4532-b733-396439386363/38893269.png;http://carshine26.ru/gubki-applikatory-rukavicy/tproduct/208620706882-fireball-applikator-dlya-shin
Губки, аппликаторы, рукавицы;FIREBALL;FIREBALL Аппликатор для нанесения восков поролон WAX PAD Mini 6x5,2см;350;;нет;https://static.tildacdn.com/stor3636-3963-4137-a437-386638346433/97232129.png;http://carshine26.ru/gubki-applikatory-rukavicy/tproduct/711769608812-fireball-applikator-dlya-naneseniya-vosk
Губки, аппликаторы, рукавицы;FIREBALL;FIREBALL Аппликатор для нанесения восков поролон WAX PAD Regular 7x5,5см;350;;нет;https://static.tildacdn.com/stor3838-6631-4661-b361-376630663365/68232304.png;http://carshine26.ru/gubki-applikatory-rukavicy/tproduct/547569450132-fireball-applikator-dlya-naneseniya-vosk
Губки, аппликаторы, рукавицы;CarPro;CarPro Аппликатор для чернения резины CP-500 CP-500 CarPro Аппликатор для чернения резины CP-500;295;;нет;https://static.tildacdn.com/stor3533-3566-4932-a437-636239323632/67846366.png;http://carshine26.ru/gubki-applikatory-rukavicy/tproduct/366993773032-carpro-applikator-dlya-cherneniya-rezini
Губки, аппликаторы, рукавицы;A302;Аппликатор из микрофибры A302 крулый с карманом, 13 см;200;;нет;https://static.tildacdn.com/stor3530-3462-4032-b836-633637313837/32235605.png;http://carshine26.ru/gubki-applikatory-rukavicy/tproduct/857720495572-applikator-iz-mikrofibri-a302-krulii-s-k
Губки, аппликаторы, рукавицы;Foam Heroes;Foam Heroes Keramos Applicator аппликатор для нанесения защитных покрытий (3шт), 5х9x2.5см;795;;нет;https://static.tildacdn.com/stor3435-6235-4139-a363-336639633663/80743055.png;http://carshine26.ru/gubki-applikatory-rukavicy/tproduct/533200376142-foam-heroes-keramos-applicator-applikato
Губки, аппликаторы, рукавицы;3D;3D Microfiber Chenille Wash Mitt двусторонняя варежка для мойки автомобиля;899;;нет;https://static.tildacdn.com/stor3064-3133-4338-b730-623735363738/48817032.png;http://carshine26.ru/gubki-applikatory-rukavicy/tproduct/618703675472-3d-microfiber-chenille-wash-mitt-dvustor
Щетки и кисти;Dry Monster;DRY MONSTER ЩЕТКА в форме утюжка 55*118, цвет СИНИЙ;600;;нет;https://static.tildacdn.com/stor3532-6130-4766-b165-333666306238/66356977.png;http://carshine26.ru/sshetki-i-kisti/tproduct/209599317912-dry-monster-schetka-v-forme-utyuzhka-551
Очистители дисков, резины и хрома;Ultra;Ph-нейтральный очиститель ULTRA FERRUM;850;;нет;https://static.tildacdn.com/stor3736-3864-4739-b734-623435393130/58646153.png;http://carshine26.ru/ochestiteli-diskov-reziny-chroma/tproduct/350717016172-ph-neitralnii-ochistitel-ultra-ferrum
Щетки и кисти;Leraton;Набор из 3-х жестких щеток (пластик + металл) LERATON PBS;300;;нет;https://static.tildacdn.com/stor6564-6462-4736-a132-323234633866/44081923.png;http://carshine26.ru/sshetki-i-kisti/tproduct/943111458222-nabor-iz-3-h-zhestkih-schetok-plastik-me
Щетки и кисти;CarPro;XLD CarPRO XL Detailing Brush кисть для детейлинга, нейлоновая щетина;2216;;нет;https://static.tildacdn.com/stor3939-3034-4138-a462-653565663261/13896699.png;http://carshine26.ru/sshetki-i-kisti/tproduct/883416693982-xld-carpro-xl-detailing-brush-kist-dlya
Губки, аппликаторы, рукавицы;MaxShine;Набор чистящих палочек с тампонами, для труднодоступных мест MaxShine, 10 шт различной формы;240;;нет;https://static.tildacdn.com/stor3338-6232-4563-a234-383661623530/20099219.png;http://carshine26.ru/gubki-applikatory-rukavicy/tproduct/869074374112-nabor-chistyaschih-palochek-s-tamponami
Щетки и кисти;MaxShine;Кисть средней жесткости из натуральной щетины, диаметр 27 мм, MaxShine, длина 22,5 см, щетина кабана;340;704611.0;нет;https://static.tildacdn.com/stor3964-6430-4531-b161-393066666538/91655900.png;http://carshine26.ru/sshetki-i-kisti/tproduct/663245954332-kist-srednei-zhestkosti-iz-naturalnoi-sc
Щетки и кисти;;Нейлоновая щетка для шуруповерта 120мм (мягкая, белая) А302 CARPET BRUSH FINE;500;;нет;https://static.tildacdn.com/stor3934-6166-4662-b166-343131386439/25011931.png;http://carshine26.ru/sshetki-i-kisti/tproduct/285518701822-neilonovaya-schetka-dlya-shurupoverta-12
Щетки и кисти;PURESTAR;PURESTAR Щетка с пластиковым чехлом для резины и пластиковых элементов Iron Brush Applicator 3х6см PS-A-008;550;;нет;https://static.tildacdn.com/stor3562-3536-4534-a430-623064323534/13620103.png;http://carshine26.ru/sshetki-i-kisti/tproduct/589572546142-purestar-schetka-s-plastikovim-chehlom-d
Щетки и кисти;PURESTAR;PureStar Stamp Brush Applicator щетка для нанесения составов;580;;нет;https://static.tildacdn.com/stor6463-3763-4337-a561-353763663531/99244860.png;http://carshine26.ru/sshetki-i-kisti/tproduct/127377813372-purestar-stamp-brush-applicator-schetka
Щетки и кисти;Leraton;Щетка для ухода за шинами LERATON WHEEL COATING BRUSH WCB;530;;нет;https://static.tildacdn.com/stor3836-3661-4638-b932-333466393637/26912883.png;http://carshine26.ru/sshetki-i-kisti/tproduct/111506664992-schetka-dlya-uhoda-za-shinami-leraton-wh
Щетки и кисти;Leraton;Щетка для чистки ремней безопасности LERATON SBB;400;;нет;https://static.tildacdn.com/stor6337-3830-4464-b334-663632613861/46347226.png;http://carshine26.ru/sshetki-i-kisti/tproduct/746491078132-schetka-dlya-chistki-remnei-bezopasnosti
Распрыскиватели и триггеры;AuTech;AuTech Триггер универсальный, желтый Au-933y;150;;нет;https://static.tildacdn.com/stor6565-3865-4065-a564-383966383063/87590171.png;http://carshine26.ru/raspryskivateli-i-triggery/tproduct/552302376952-autech-trigger-universalnii-zheltii-au-9
Распрыскиватели и триггеры;AuTech;AuTech Триггер универсальный, красный Au-933;150;;нет;https://static.tildacdn.com/stor3866-3232-4563-b633-333336376661/71757194.png;http://carshine26.ru/raspryskivateli-i-triggery/tproduct/498872216642-autech-trigger-universalnii-krasnii-au-9
Распрыскиватели и триггеры;Kwazar;Kwazar Распылитель ручной Venus HD Alkaline (pH 7-14) 1,5л;4500;;нет;https://static.tildacdn.com/stor3734-3030-4236-b333-343833386235/97452161.png;http://carshine26.ru/raspryskivateli-i-triggery/tproduct/701624336822-kwazar-raspilitel-ruchnoi-venus-hd-alkal
Распрыскиватели и триггеры;Kwazar;Kwazar Генератор пены Venus Alkaline (pH 7-14) 2л;4500;;нет;https://static.tildacdn.com/stor3136-6533-4265-a563-346330333366/53861562.png;http://carshine26.ru/raspryskivateli-i-triggery/tproduct/793626055012-kwazar-generator-peni-venus-alkaline-ph
Распрыскиватели и триггеры;Kwazar;Kwazar Распылитель компрессионный Venus Super PRO+ (pH 3-8) 1,5л;3250;;нет;https://static.tildacdn.com/stor3666-3339-4434-a565-656665376133/51698930.png;http://carshine26.ru/raspryskivateli-i-triggery/tproduct/188915326362-kwazar-raspilitel-kompressionnii-venus-s
Распрыскиватели и триггеры;Kwazar;Kwazar Распылитель компрессионный Venus Super PRO+ (pH 3-8) 2л;3350;;нет;https://static.tildacdn.com/stor3436-3032-4333-b633-656634343731/43299801.png;http://carshine26.ru/raspryskivateli-i-triggery/tproduct/270890357442-kwazar-raspilitel-kompressionnii-venus-s
Распрыскиватели и триггеры;Kwazar;Kwazar Распылитель ручной Mercury Super Alkaline (фиолетовый) 1л;1500;;нет;https://static.tildacdn.com/stor3633-6332-4138-a430-623364366462/39251483.png;http://carshine26.ru/raspryskivateli-i-triggery/tproduct/370719914382-kwazar-raspilitel-ruchnoi-mercury-super
Распрыскиватели и триггеры;Kwazar;Kwazar Распылитель ручной Mercury Super Alkaline (фиолетовый) 500мл;1350;;нет;https://static.tildacdn.com/stor3739-6132-4561-a161-383565383062/11614798.png;http://carshine26.ru/raspryskivateli-i-triggery/tproduct/639577571542-kwazar-raspilitel-ruchnoi-mercury-super
Распрыскиватели и триггеры;Kwazar;Kwazar Распылитель ручной (желтый) Mercury PRO+ (pH 3-8) 500мл;1350;;нет;https://static.tildacdn.com/stor3466-6138-4234-a135-303462653964/50883950.png;http://carshine26.ru/raspryskivateli-i-triggery/tproduct/164935949372-kwazar-raspilitel-ruchnoi-zheltii-mercur
Распрыскиватели и триггеры;Kwazar;Kwazar Распылитель ручной (желтый) Mercury PRO+ (pH 3-8) 1л;1500;;нет;https://static.tildacdn.com/stor3062-3962-4533-b664-343639666638/49663758.png;http://carshine26.ru/raspryskivateli-i-triggery/tproduct/151610855562-kwazar-raspilitel-ruchnoi-zheltii-mercur
Распрыскиватели и триггеры;Kwazar;Kwazar Распылитель ручной (зеленый) Mercury PRO+ (pH 3-8) 500мл;1350;;нет;https://static.tildacdn.com/stor6462-6634-4462-a565-396430393334/36150336.png;http://carshine26.ru/raspryskivateli-i-triggery/tproduct/873504884612-kwazar-raspilitel-ruchnoi-zelenii-mercur
Распрыскиватели и триггеры;Kwazar;Kwazar Распылитель ручной (зеленый) Mercury PRO+ (pH 3-8) 1л;1500;;нет;https://static.tildacdn.com/stor3633-3239-4838-b533-336566633733/78083707.png;http://carshine26.ru/raspryskivateli-i-triggery/tproduct/928972663872-kwazar-raspilitel-ruchnoi-zelenii-mercur
Распрыскиватели и триггеры;Kwazar;Kwazar Распылитель ручной (красный) Mercury PRO+ (pH 3-8) 500мл;1350;;нет;https://static.tildacdn.com/stor6333-3438-4665-b136-373233666530/12376449.png;http://carshine26.ru/raspryskivateli-i-triggery/tproduct/653710322812-kwazar-raspilitel-ruchnoi-krasnii-mercur
Распрыскиватели и триггеры;Kwazar;Kwazar Распылитель ручной (красный) Mercury PRO+ (pH 3-8) 1л;1490;;нет;https://static.tildacdn.com/stor3637-6466-4264-b262-346237626337/27225540.png;http://carshine26.ru/raspryskivateli-i-triggery/tproduct/239464006252-kwazar-raspilitel-ruchnoi-krasnii-mercur
Распрыскиватели и триггеры;Marolex;Marolex Пеногенератор Axel 3000 Foamer 3л;3500;;нет;https://static.tildacdn.com/stor3530-3866-4139-b333-306538363736/85710952.png;http://carshine26.ru/raspryskivateli-i-triggery/tproduct/438969335212-marolex-penogenerator-axel-3000-foamer-3
Распрыскиватели и триггеры;Marolex;Marolex Пеногенератор Axel 2000 Foamer 2л;3400;;нет;https://static.tildacdn.com/stor3331-3238-4335-b333-623461383138/69196018.png;http://carshine26.ru/raspryskivateli-i-triggery/tproduct/345242483772-marolex-penogenerator-axel-2000-foamer-2
Распрыскиватели и триггеры;Marolex;Marolex Помповый опрыскиватель (щелочестойкий) Industry Ergo Alka 1,5л;2500;;нет;https://static.tildacdn.com/stor6239-6134-4938-b631-333566356364/16894182.png;http://carshine26.ru/raspryskivateli-i-triggery/tproduct/904766865492-marolex-pompovii-opriskivatel-scheloches
Распрыскиватели и триггеры;Marolex;Marolex Помповый опрыскиватель (щелочестойкий) Industry Ergo Alka 2л;2600;;нет;https://static.tildacdn.com/stor3864-3130-4166-b835-663166303339/49692848.png;http://carshine26.ru/raspryskivateli-i-triggery/tproduct/146592510752-marolex-pompovii-opriskivatel-scheloches
Бутылки, емкости, ведра;Foam Heroes;Foam Heroes Detailing Bucket ведро с сепаратором и крышкой для детейлинг мойки, 20л;2995;;нет;https://static.tildacdn.com/stor6233-6539-4161-b366-626165313037/46240595.png;http://carshine26.ru/butylki-emkosti-vedra/tproduct/973125905382-foam-heroes-detailing-bucket-vedro-s-sep
Бутылки, емкости, ведра;Foam Heroes;Foam Heroes Detailing Bucket ведро с сепаратором для детейлинг мойки, 20л;2295;;нет;https://static.tildacdn.com/stor6631-3764-4438-a537-383162313433/15338751.png;http://carshine26.ru/butylki-emkosti-vedra/tproduct/466955153432-foam-heroes-detailing-bucket-vedro-s-sep
Бутылки, емкости, ведра;Leraton;Органайзер для ведра (чёрный) LERATON BO1;1000;;нет;https://static.tildacdn.com/stor3730-6437-4163-a332-616237376232/20120101.png;http://carshine26.ru/butylki-emkosti-vedra/tproduct/732670516912-organaizer-dlya-vedra-chyornii-leraton-b
Щетки и кисти;Leraton;Ершик для чистки дисков LERATON WB2 (дизайн 2022 г.);300;;нет;https://static.tildacdn.com/stor3333-3837-4362-b031-353833656434/98585206.png;http://carshine26.ru/sshetki-i-kisti/tproduct/431910530422-ershik-dlya-chistki-diskov-leraton-wb2-d
Бутылки, емкости, ведра;Leraton;Сепаратор для ведра тайфун LERATON BS1 красный;700;;нет;https://static.tildacdn.com/stor6563-3066-4066-b164-366331306563/82092992.png;http://carshine26.ru/butylki-emkosti-vedra/tproduct/495408333532-separator-dlya-vedra-taifun-leraton-bs1
Бутылки, емкости, ведра;Leraton;Сепаратор для ведра сетка LERATON BS2 черный;500;;нет;https://static.tildacdn.com/stor6336-3838-4835-a132-363064656634/20114279.png;http://carshine26.ru/butylki-emkosti-vedra/tproduct/994649872802-separator-dlya-vedra-setka-leraton-bs2-c
Бутылки, емкости, ведра;MaxShine;Ведро пластиковое, прозрачное, красное, 20 литров MaxShine;1860;;нет;https://static.tildacdn.com/stor3332-6536-4336-a161-323534643963/94492250.png;http://carshine26.ru/butylki-emkosti-vedra/tproduct/765042624972-vedro-plastikovoe-prozrachnoe-krasnoe-20
Бутылки, емкости, ведра;MaxShine;Ведро пластиковое, прозрачное, зеленое, 20 литров MaxShine;1860;;нет;https://static.tildacdn.com/stor3934-3337-4537-b337-386637316565/37613643.png;http://carshine26.ru/butylki-emkosti-vedra/tproduct/274883245792-vedro-plastikovoe-prozrachnoe-zelenoe-20
Бутылки, емкости, ведра;MaxShine;Ведро пластиковое, прозрачное, черное, 20 литров MaxShine;1860;;нет;https://static.tildacdn.com/stor3631-6132-4838-a335-303462363137/68473054.png;http://carshine26.ru/butylki-emkosti-vedra/tproduct/823329454592-vedro-plastikovoe-prozrachnoe-chernoe-20
Бутылки, емкости, ведра;MaxShine;Сепаратор для осаждения крупной фракции на дне ведра, зеленый MaxShine;720;;нет;https://static.tildacdn.com/stor3636-6332-4938-b736-663236326333/54313790.png;http://carshine26.ru/butylki-emkosti-vedra/tproduct/382276356842-separator-dlya-osazhdeniya-krupnoi-frakt
Бутылки, емкости, ведра;MaxShine;Сепаратор для осаждения крупной фракции на дне ведра, красный MaxShine;720;;нет;https://static.tildacdn.com/stor3166-3731-4637-b333-326634653562/42566399.png;http://carshine26.ru/butylki-emkosti-vedra/tproduct/271065646422-separator-dlya-osazhdeniya-krupnoi-frakt
Бутылки, емкости, ведра;MaxShine;Крышка-сидение для ведра красная MaxShine, черная мягкая подушка, скоба для триггеров и кисточек, MSBL01-R;890;;нет;https://static.tildacdn.com/stor3332-3235-4165-b531-336234386361/12085098.png;http://carshine26.ru/butylki-emkosti-vedra/tproduct/347129905752-krishka-sidenie-dlya-vedra-krasnaya-maxs
Бутылки, емкости, ведра;FIREBALL;FIREBALL Ведро для мойки автомобиля прозрачное Premium с удобной ручкой 18 л (синее);1650;;нет;https://static.tildacdn.com/stor3934-3531-4833-a334-393539656465/28874296.png;http://carshine26.ru/butylki-emkosti-vedra/tproduct/562246526252-fireball-vedro-dlya-moiki-avtomobilya-pr
Бутылки, емкости, ведра;FIREBALL;FIREBALL Ведро для мойки автомобиля прозрачное Premium с удобной ручкой 18 л (белое);1650;;нет;https://static.tildacdn.com/stor3761-6633-4230-b036-643532626131/55876474.png;http://carshine26.ru/butylki-emkosti-vedra/tproduct/458324395642-fireball-vedro-dlya-moiki-avtomobilya-pr
Бутылки, емкости, ведра;FIREBALL;FIREBALL Ведро для мойки автомобиля 18 л (красное);1250;;нет;https://static.tildacdn.com/stor3639-3864-4138-a661-373938663730/80267075.png;http://carshine26.ru/butylki-emkosti-vedra/tproduct/246193864292-fireball-vedro-dlya-moiki-avtomobilya-18
Бутылки, емкости, ведра;FIREBALL;FIREBALL Ведро для мойки автомобиля 18 л (синее);1250;;нет;https://static.tildacdn.com/stor6466-6161-4835-b732-633539626435/67386867.png;http://carshine26.ru/butylki-emkosti-vedra/tproduct/828466082292-fireball-vedro-dlya-moiki-avtomobilya-18
Бутылки, емкости, ведра;FIREBALL;FIREBALL Ведро для мойки автомобиля 18 л (белое);1250;;нет;https://static.tildacdn.com/stor6336-6638-4234-a332-356666366164/89416285.png;http://carshine26.ru/butylki-emkosti-vedra/tproduct/535151856372-fireball-vedro-dlya-moiki-avtomobilya-18
Бутылки, емкости, ведра;FIREBALL;FIREBALL Ведро для мойки автомобиля 18 л (черное);1250;;нет;https://static.tildacdn.com/stor3336-3638-4833-a333-346461383336/51171147.png;http://carshine26.ru/butylki-emkosti-vedra/tproduct/968578410662-fireball-vedro-dlya-moiki-avtomobilya-18
Бутылки, емкости, ведра;FIREBALL;FIREBALL Ведро для мойки колес прозрачное Premium с удобной ручкой (синее) 7л;980;;нет;https://static.tildacdn.com/stor3161-3838-4464-a537-383333623436/29997074.png;http://carshine26.ru/butylki-emkosti-vedra/tproduct/727279104532-fireball-vedro-dlya-moiki-koles-prozrach
Бутылки, емкости, ведра;Foam Heroes;Foam Heroes химостойкий мерный стаканчик, 100мл;100;;нет;https://static.tildacdn.com/stor6163-3166-4435-b636-653162613833/14905389.png;http://carshine26.ru/butylki-emkosti-vedra/tproduct/726466798482-foam-heroes-himostoikii-mernii-stakanchi
Бутылки, емкости, ведра;Foam Heroes;Foam Heroes Foamer пенообразователь, 165мл;200;;нет;https://static.tildacdn.com/stor6362-6163-4235-b034-616538363464/52531000.png;http://carshine26.ru/butylki-emkosti-vedra/tproduct/939794476072-foam-heroes-foamer-penoobrazovatel-165ml
Бутылки, емкости, ведра;Sonax;Sonax ProfiLine Бутылка с пенообразователем 250мл;337;;нет;https://static.tildacdn.com/stor6564-3466-4335-a338-363564353131/28235889.png;http://carshine26.ru/butylki-emkosti-vedra/tproduct/507867647022-sonax-profiline-butilka-s-penoobrazovate
Бутылки, емкости, ведра;Koch Chemie;Koch Chemie Бутылка с пенообразователем 200мл Au-920;450;;нет;https://static.tildacdn.com/stor6564-6632-4764-a235-333936326237/61219421.png;http://carshine26.ru/butylki-emkosti-vedra/tproduct/901616582632-koch-chemie-butilka-s-penoobrazovatelem
Бутылки, емкости, ведра;Koch Chemie;Koch Chemie Усиленный атомайзер непрерывного распыления 250мл Au-940;870;;нет;https://static.tildacdn.com/stor3131-3062-4638-a636-386465373939/27909352.png;http://carshine26.ru/butylki-emkosti-vedra/tproduct/744732542922-koch-chemie-usilennii-atomaizer-nepreriv
Бутылки, емкости, ведра;AuTech;AuTech Бутылка с триггером 150мл Au-941;390;;нет;https://static.tildacdn.com/stor6635-3461-4664-b035-303061613561/33600739.png;http://carshine26.ru/butylki-emkosti-vedra/tproduct/127072608122-autech-butilka-s-triggerom-150ml-au-941
Бутылки, емкости, ведра;FIREBALL;FIREBALL Бутылка с пенообразователем 200 мл;650;;нет;https://static.tildacdn.com/stor6162-3433-4661-a230-303233316634/24981531.png;http://carshine26.ru/butylki-emkosti-vedra/tproduct/883659131642-fireball-butilka-s-penoobrazovatelem-200
Бутылки, емкости, ведра;FIREBALL;FIREBALL Бутылка мерная пустая Division Bottle 200мл + триггер;385;;нет;https://static.tildacdn.com/stor6266-3334-4539-b539-363763323038/35882177.png;http://carshine26.ru/butylki-emkosti-vedra/tproduct/821843646542-fireball-butilka-mernaya-pustaya-divisio
Бутылки, емкости, ведра;FIREBALL;FIREBALL Бутылка мерная пустая Division Bottle 200мл + крышка;320;;нет;https://static.tildacdn.com/stor3335-3530-4236-a530-396162616439/33366993.png;http://carshine26.ru/butylki-emkosti-vedra/tproduct/317102122852-fireball-butilka-mernaya-pustaya-divisio
Бутылки, емкости, ведра;Detail;Бутылка с печатью Detail 1л DT-0301;250;;нет;https://static.tildacdn.com/stor6265-6632-4138-a230-396265333939/81237977.png;http://carshine26.ru/butylki-emkosti-vedra/tproduct/590683118622-butilka-s-pechatyu-detail-1l-dt-0301
Бутылки, емкости, ведра;MaxShine;Мерный стакан 100 мл MaxShine;150;;нет;https://static.tildacdn.com/stor6138-6233-4365-b633-386233636338/55172447.png;http://carshine26.ru/butylki-emkosti-vedra/tproduct/295225942432-mernii-stakan-100-ml-maxshine
Бутылки, емкости, ведра;MaxShine;Мерный стакан 1 литр MaxShine;300;;нет;https://static.tildacdn.com/stor3864-6436-4362-b931-373535356163/45410183.png;http://carshine26.ru/butylki-emkosti-vedra/tproduct/619378053562-mernii-stakan-1-litr-maxshine
Автоскрабы, абразивные материалы;BUFF BROTHERS;Глина полировальная полуабразивная BUFF BROTHERS CLAY MAROON 100gr.;800;;нет;https://static.tildacdn.com/stor3934-6261-4231-a635-663665363561/49456353.png;http://carshine26.ru/avtoskraby-abrazivnye-mat-ly/tproduct/567392802342-glina-polirovalnaya-poluabrazivnaya-buff
Автоскрабы, абразивные материалы;BUFF BROTHERS;Глина полировальная абразивная BUFF BROTHERS CLAY DARK BLUE 100gr.;800;;нет;https://static.tildacdn.com/stor3761-3433-4963-a537-373032333233/82666359.png;http://carshine26.ru/avtoskraby-abrazivnye-mat-ly/tproduct/565382806392-glina-polirovalnaya-abrazivnaya-buff-bro
Автоскрабы, абразивные материалы;BUFF BROTHERS;Глина полировальная неабразивная BUFF BROTHERS CLAY GOLD 100gr.;800;;нет;https://static.tildacdn.com/stor3038-3336-4162-b332-643735653038/79636967.png;http://carshine26.ru/avtoskraby-abrazivnye-mat-ly/tproduct/539199081402-glina-polirovalnaya-neabrazivnaya-buff-b
Составы для полировки;Foam Heroes;Foam Heroes Jelly Slider лубрикант для глины и автоскрабов, 500мл;295;;нет;https://static.tildacdn.com/stor6539-3135-4133-b333-343832363763/39223084.png;http://carshine26.ru/sostavy-dlya-polirovki/tproduct/496775921452-foam-heroes-jelly-slider-lubrikant-dlya
Составы для полировки;Foam Heroes;Foam Heroes Jelly Slider лубрикант для глины и автоскрабов, 3л;1045;;нет;https://static.tildacdn.com/stor3361-3361-4134-b430-353566333135/15464387.png;http://carshine26.ru/sostavy-dlya-polirovki/tproduct/281535606522-foam-heroes-jelly-slider-lubrikant-dlya
Составы для полировки;CarPro;CarPro Лубрикант для полировки и чистки глиной ImmoLube 500мл;1249;;нет;https://static.tildacdn.com/stor3831-3835-4663-b833-323462616166/13906655.png;http://carshine26.ru/sostavy-dlya-polirovki/tproduct/373540293842-carpro-lubrikant-dlya-polirovki-i-chistk
Протирочный материал;OOPSY;OOPSY Искусственная замша Suede 4pcs 10х10 см 4 шт;250;;нет;https://static.tildacdn.com/stor3466-3363-4236-a664-313530313933/56500329.png;http://carshine26.ru/protirochnyj-material/tproduct/261817633832-oopsy-iskusstvennaya-zamsha-suede-4pcs-1
Автоскрабы, абразивные материалы;Soft99;Soft99 Абразивная глина для очистки кузова Surface Smoother Mini 100г;1200;;нет;https://static.tildacdn.com/stor6432-3536-4962-a632-613030363466/87145666.png;http://carshine26.ru/avtoskraby-abrazivnye-mat-ly/tproduct/238645035022-soft99-abrazivnaya-glina-dlya-ochistki-k
Автоскрабы, абразивные материалы;;Глина абразивная 100 гр MaxShine, 2*50гр, кейс для хранения;665;;нет;https://static.tildacdn.com/stor6530-6164-4431-b762-393231613566/85046630.png;http://carshine26.ru/avtoskraby-abrazivnye-mat-ly/tproduct/590909883322-glina-abrazivnaya-100-gr-maxshine-250gr
Автоскрабы, абразивные материалы;;Глина финишная 100 гр MaxShine, 2*50гр, кейс для хранения;665;;нет;https://static.tildacdn.com/stor3038-3739-4064-b230-306363353234/38511291.png;http://carshine26.ru/avtoskraby-abrazivnye-mat-ly/tproduct/127251971402-glina-finishnaya-100-gr-maxshine-250gr-k
Автоскрабы, абразивные материалы;;Глина абразивная 150 гр MaxShine, 3*50гр, кейс для хранения;1070;;нет;https://static.tildacdn.com/stor6464-3261-4763-b435-623664366638/48532266.png;http://carshine26.ru/avtoskraby-abrazivnye-mat-ly/tproduct/856012015462-glina-abrazivnaya-150-gr-maxshine-350gr
Автоскрабы, абразивные материалы;;Глина финишная 150 гр MaxShine, 3*50гр, кейс для хранения;1070;;нет;https://static.tildacdn.com/stor3862-3938-4133-b861-633738316665/67287071.png;http://carshine26.ru/avtoskraby-abrazivnye-mat-ly/tproduct/612392581842-glina-finishnaya-150-gr-maxshine-350gr-k
Воски, полироли, силанты, глейзы;Sonax;Sonax Воск карнауба (набор) Premium Class Carnauba Care 208мл;8999;;нет;https://static.tildacdn.com/stor3464-3434-4839-b761-326536303265/89959325.png;http://carshine26.ru/voski-poliroli-silanty-glejzy/tproduct/198111501492-sonax-vosk-karnauba-nabor-premium-class
Протирочный материал;Sonax;Sonax Салфетки из микрофибры для полировки кузова (2шт) Microfibre Cloth 40x40см;719;;нет;https://static.tildacdn.com/stor6532-3137-4933-b662-353632363230/90406989.png;http://carshine26.ru/protirochnyj-material/tproduct/206165033632-sonax-salfetki-iz-mikrofibri-dlya-poliro
Протирочный материал;Sonax;Sonax Салфетки из микрофибры для салона и стекла (2шт) Microfibre Cloth Plus 40x40см;732;;нет;https://static.tildacdn.com/stor3334-3863-4333-b730-323734353263/49302376.png;http://carshine26.ru/protirochnyj-material/tproduct/432945210092-sonax-salfetki-iz-mikrofibri-dlya-salona
Средства индивидуальной защиты;Jeta Pro;Износостойкие нитриловые перчатки Jeta Pro М;1200;;нет;https://static.tildacdn.com/stor3939-6339-4261-b131-353365643432/68852337.png;http://carshine26.ru/sredstva-individualnoj-zasshity/tproduct/368248005682-iznosostoikie-nitrilovie-perchatki-jeta
Средства индивидуальной защиты;Jeta Pro;Износостойкие нитриловые перчатки Jeta Pro L;1200;;нет;https://static.tildacdn.com/stor3939-6339-4261-b131-353365643432/68852337.png;http://carshine26.ru/sredstva-individualnoj-zasshity/tproduct/621393364962-iznosostoikie-nitrilovie-perchatki-jeta
Средства индивидуальной защиты;Jeta Pro;JETA SAFETY JM-8628 Micron;150;;нет;https://static.tildacdn.com/stor6239-3531-4165-b138-383332313864/50249079.png;http://carshine26.ru/sredstva-individualnoj-zasshity/tproduct/926117264012-jeta-safety-jm-8628-micron
Наборы;;Shine Systems LeatherCare Kit - набор для ухода за кожей;1990;;нет;https://static.tildacdn.com/stor3036-6632-4162-b335-353636663233/56443005.png;http://carshine26.ru/nabori/tproduct/499768167002-shine-systems-leathercare-kit-nabor-dlya
Наборы;Foam Heroes;Foam Heroes Juicy Citrus Kit органический очиститель c аксессуарами (набор);1195;;нет;https://static.tildacdn.com/stor3936-3037-4331-b164-646334323437/11300500.png;http://carshine26.ru/nabori/tproduct/860841480332-foam-heroes-juicy-citrus-kit-organichesk
Наборы;Foam Heroes;Foam Heroes Leather Kit набор для ухода за кожей;2145;;нет;https://static.tildacdn.com/stor3561-3134-4136-b466-343132656534/45671327.png;http://carshine26.ru/nabori/tproduct/786892581992-foam-heroes-leather-kit-nabor-dlya-uhoda
Наборы;Smart Open;Smart Open Набор для чистки и защиты кожаных изделий Leather Box;2250;;нет;https://static.tildacdn.com/stor6335-6165-4339-b934-353963336166/42959947.png;http://carshine26.ru/nabori/tproduct/863629866812-smart-open-nabor-dlya-chistki-i-zaschiti
Наборы;Smart Open;Smart Open Защитное водоотталкивающее нанопокрытие для стекол (комплект) Glass Box;1749;;нет;https://static.tildacdn.com/stor3036-6639-4434-b332-653733373631/75610438.png;http://carshine26.ru/nabori/tproduct/747735527492-smart-open-zaschitnoe-vodoottalkivayusch
Наборы;OOPSY;OOPSY Кварцевая защита Антидождь CRAZY 102 set 50 мл;2900;;нет;https://static.tildacdn.com/stor6334-3764-4333-b639-633638393833/79120215.png;http://carshine26.ru/nabori/tproduct/670736682582-oopsy-kvartsevaya-zaschita-antidozhd-cra
Наборы;CarPro;CarPro Антизапотеватель (набор) Fog Fight kit 100мл;1450;;нет;https://static.tildacdn.com/stor3764-3535-4531-a162-346562633936/84837710.png;http://carshine26.ru/nabori/tproduct/575653564852-carpro-antizapotevatel-nabor-fog-fight-k
Наборы;CarPro;CarPro Набор из 5 продуктов для мойки Wash Kit Box 500мл;5500;;нет;https://static.tildacdn.com/stor3737-3863-4736-b166-663838616261/60326073.png;http://carshine26.ru/nabori/tproduct/653088306432-carpro-nabor-iz-5-produktov-dlya-moiki-w
Полировка стекол;Leraton;Абразивный очиститель стекла LERATON L3 200мл;750;;нет;https://static.tildacdn.com/stor6565-3761-4262-a166-383363643632/56602952.png;http://carshine26.ru/polirovka-stekol/tproduct/614473752222-abrazivnii-ochistitel-stekla-leraton-l3
Турбосушки,торнадоры,озонаторы и запчасти к ним;Foam Heroes;Foam Heroes Uragun аппарат для химчистки (торнадор);4495;;нет;https://static.tildacdn.com/stor3437-6162-4531-b533-663234303961/81090376.png;http://carshine26.ru/turbosushki-tornadory-ozonatory/tproduct/385925546992-foam-heroes-uragun-apparat-dlya-himchist
Турбосушки,торнадоры,озонаторы и запчасти к ним;Foam Heroes;Foam Heroes Uragun химостойкая трубка для подачи состава;495;;нет;https://static.tildacdn.com/stor6437-6363-4239-a338-383432363735/64669382.png;http://carshine26.ru/turbosushki-tornadory-ozonatory/tproduct/780977110032-foam-heroes-uragun-himostoikaya-trubka-d
Турбосушки,торнадоры,озонаторы и запчасти к ним;Foam Heroes;Foam Heroes Uragun механизм вращения;1195;;нет;https://static.tildacdn.com/stor6133-6432-4030-a532-346235333838/27216655.png;http://carshine26.ru/turbosushki-tornadory-ozonatory/tproduct/808325494902-foam-heroes-uragun-mehanizm-vrascheniya
Турбосушки,торнадоры,озонаторы и запчасти к ним;Foam Heroes;Foam Heroes Uragun поворотное соединение;595;;нет;https://static.tildacdn.com/stor3563-6539-4337-b862-616532663936/22401353.png;http://carshine26.ru/turbosushki-tornadory-ozonatory/tproduct/353787542322-foam-heroes-uragun-povorotnoe-soedinenie
Турбосушки,торнадоры,озонаторы и запчасти к ним;Nordberg;Nordberg Пистолет моющий с гибкой вращающейся насадкой;2990;;нет;https://static.tildacdn.com/stor3561-6364-4230-a163-366366363037/71665899.png;http://carshine26.ru/turbosushki-tornadory-ozonatory/tproduct/142173192302-nordberg-pistolet-moyuschii-s-gibkoi-vra
Турбосушки,торнадоры,озонаторы и запчасти к ним;SGCB;SGCB Tornado Engine Gun - Промывочный пневмопистолет для чистки двигателя;4713;;нет;https://static.tildacdn.com/stor6462-6634-4538-a135-396165313436/94823643.png;http://carshine26.ru/turbosushki-tornadory-ozonatory/tproduct/997513351772-sgcb-tornado-engine-gun-promivochnii-pne
Губки, аппликаторы, рукавицы;Leraton;Аппликатор-скраб для химчистки LERATON MCS;330;;нет;https://static.tildacdn.com/stor3161-3331-4234-b739-396438383530/31556906.png;http://carshine26.ru/gubki-applikatory-rukavicy/tproduct/619611657972-applikator-skrab-dlya-himchistki-leraton
Укрывочные материалы;Jeta Pro;Маскирующая лента Jeta PRO Azur JetaPro, 90 градусов - 30 мин., голубая, 50 мм;300;;нет;https://static.tildacdn.com/stor6631-6465-4966-b637-386366376261/50384825.png;http://carshine26.ru/ukryvochnye-materialy/tproduct/895370037742-maskiruyuschaya-lenta-jeta-pro-azur-jeta
Укрывочные материалы;Jeta Pro;Маскирующая лента Jeta PRO Azur JetaPro, 90 градусов - 30 мин., голубая, 38 мм;250;;нет;https://static.tildacdn.com/stor6631-6465-4966-b637-386366376261/50384825.png;http://carshine26.ru/ukryvochnye-materialy/tproduct/679337336522-maskiruyuschaya-lenta-jeta-pro-azur-jeta
Укрывочные материалы;Jeta Pro;Маскирующая лента Jeta PRO Azur JetaPro, 90 градусов - 30 мин., голубая, 25 мм;150;;нет;https://static.tildacdn.com/stor6631-6465-4966-b637-386366376261/50384825.png;http://carshine26.ru/ukryvochnye-materialy/tproduct/949112121782-maskiruyuschaya-lenta-jeta-pro-azur-jeta
Укрывочные материалы;Jeta Pro;Маскирующая лента Jeta PRO Azur JetaPro, 90 градусов - 30 мин., голубая, 19мм;100;;нет;https://static.tildacdn.com/stor6631-6465-4966-b637-386366376261/50384825.png;http://carshine26.ru/ukryvochnye-materialy/tproduct/789295436752-maskiruyuschaya-lenta-jeta-pro-azur-jeta
Укрывочные материалы;EUROCEL;EUROCEL Маскирующая лента 80С-30 мин синяя 50мм x 50м MSK6265;350;;нет;https://static.tildacdn.com/stor6238-3230-4138-a362-373239366463/88756463.png;http://carshine26.ru/ukryvochnye-materialy/tproduct/406706927372-eurocel-maskiruyuschaya-lenta-80s-30-min
Укрывочные материалы;EUROCEL;Eurocel MSK 6265 Маскирующая лента СИНЯЯ 80С' (25mm*45m);200;;нет;https://static.tildacdn.com/stor3632-6333-4436-b239-663536643438/80060881.png;http://carshine26.ru/ukryvochnye-materialy/tproduct/732106895222-eurocel-msk-6265-maskiruyuschaya-lenta-s
Укрывочные материалы;EUROCEL;Eurocel MSK 6265 Маскирующая лента СИНЯЯ 80С' (38mm*45m);250;;нет;https://static.tildacdn.com/stor3463-3862-4962-b032-346664663234/42029665.png;http://carshine26.ru/ukryvochnye-materialy/tproduct/634804049472-eurocel-msk-6265-maskiruyuschaya-lenta-s
Укрывочные материалы;EUROCEL;EUROCEL MSK 6265 Маскирующая термостойкая лента 19мм*45м, синяя;180;;нет;https://static.tildacdn.com/stor6239-3438-4838-b833-323932613935/84556343.png;http://carshine26.ru/ukryvochnye-materialy/tproduct/133694790332-eurocel-msk-6265-maskiruyuschaya-termost
Укрывочные материалы;EUROCEL;Eurocel MSK 6268 Маскирующая лента ЗЕЛЕНАЯ 80С* (38мм*40м);250;;нет;https://static.tildacdn.com/stor3638-3261-4333-b032-363462393931/77871480.png;http://carshine26.ru/ukryvochnye-materialy/tproduct/439781154442-eurocel-msk-6268-maskiruyuschaya-lenta-z
Укрывочные материалы;EUROCEL;EUROCEL MSK 6268 - зеленая маскировочная лента 50мм;350;;нет;https://static.tildacdn.com/stor3732-6332-4264-b032-306537356663/14894743.png;http://carshine26.ru/ukryvochnye-materialy/tproduct/289437396682-eurocel-msk-6268-zelenaya-maskirovochnay
Укрывочные материалы;EUROCEL;Eurocel MSK 6268 Маскирующая лента ЗЕЛЕНАЯ 80С* (25мм*40м);200;;нет;https://static.tildacdn.com/stor3665-3035-4432-b939-313962386531/43998183.png;http://carshine26.ru/ukryvochnye-materialy/tproduct/263477046832-eurocel-msk-6268-maskiruyuschaya-lenta-z
Укрывочные материалы;EUROCEL;EUROCEL MSK 6268 Маскирующая термостойкая лента 19мм*40м, зеленая;180;;нет;https://static.tildacdn.com/stor3365-3731-4432-a532-613234356165/83426224.png;http://carshine26.ru/ukryvochnye-materialy/tproduct/679724585232-eurocel-msk-6268-maskiruyuschaya-termost
Укрывочные материалы;EUROCEL;EUROCEL Маскирующая лента 80С-30 мин оранжевая 50мм x 50м MSK6267_50;300;;нет;https://static.tildacdn.com/stor3531-3261-4763-a431-316265303333/30410756.png;http://carshine26.ru/ukryvochnye-materialy/tproduct/718275576792-eurocel-maskiruyuschaya-lenta-80s-30-min
Укрывочные материалы;EUROCEL;Eurocel MSK 6267 Маскирующая лента ОРАНЖЕВАЯ 80С' (25mm*40m);200;;нет;https://static.tildacdn.com/stor6631-6139-4063-b737-656132323131/85278026.png;http://carshine26.ru/ukryvochnye-materialy/tproduct/908401533622-eurocel-msk-6267-maskiruyuschaya-lenta-o
Укрывочные материалы;EUROCEL;Eurocel MSK 6267 Маскирующая лента ОРАНЖЕВАЯ 80С' (38mm*40m);250;;нет;https://static.tildacdn.com/stor6265-3633-4835-b866-636261363931/17319103.png;http://carshine26.ru/ukryvochnye-materialy/tproduct/170181430392-eurocel-msk-6267-maskiruyuschaya-lenta-o
Укрывочные материалы;EUROCEL;EUROCEL MSK 6267 Маскирующая термостойкая лента 19мм*40м, оранжевая;150;;нет;https://static.tildacdn.com/stor6233-6266-4035-b931-353864386638/24572428.png;http://carshine26.ru/ukryvochnye-materialy/tproduct/827567114612-eurocel-msk-6267-maskiruyuschaya-termost
Полировальные машинки;;Shine Systems DA15 Polisher - полировальная машинка эксцентриковая, 125 мм, ход 15 мм;19990;;нет;https://static.tildacdn.com/stor3834-6566-4339-b330-386638663761/23073757.png;http://carshine26.ru/polirovalnye-mashinki/tproduct/401220114762-shine-systems-da15-polisher-polirovalnay
Полировальные машинки;;Shine Systems DA21 Polisher - полировальная машинка эксцентриковая, 150 мм, ход 21 мм;21990;;нет;https://static.tildacdn.com/stor3065-3662-4531-b762-313362316131/71751032.png;http://carshine26.ru/polirovalnye-mashinki/tproduct/100696936652-shine-systems-da21-polisher-polirovalnay
Полировальные машинки;;Shine Systems DA75 Polisher - полировальная машинка эксцентриковая, 75 мм, ход 12 мм;15990;;нет;https://static.tildacdn.com/stor3332-3731-4530-a265-656438663535/59884069.png;http://carshine26.ru/polirovalnye-mashinki/tproduct/471717455632-shine-systems-da75-polisher-polirovalnay
Полировальные машинки;;Shine Systems Detail Polisher - гибкий вал для полировки труднодоступных мест, набор в сумке;4490;;нет;https://static.tildacdn.com/stor3864-3565-4831-b364-396230623937/69579306.png;http://carshine26.ru/polirovalnye-mashinki/tproduct/508564874192-shine-systems-detail-polisher-gibkii-val
Полировальные машинки;;Shine Systems NanoPolisher - аккумуляторная полировальная мини машинка (iBrid), набор в сумке;19990;;нет;https://static.tildacdn.com/stor3963-3564-4639-a332-303264656264/61070996.png;http://carshine26.ru/polirovalnye-mashinki/tproduct/640109727572-shine-systems-nanopolisher-akkumulyatorn
Полировальные машинки;;Shine Systems RO Mini Polisher set - роторная полировальная мини машинка, набор;15990;;нет;https://static.tildacdn.com/stor6133-3532-4763-a564-386463376634/46215082.png;http://carshine26.ru/polirovalnye-mashinki/tproduct/890524007902-shine-systems-ro-mini-polisher-set-rotor
Полировальные машинки;;Shine Systems RO Polisher - полировальная машинка ротационная 1100 Вт, 125 мм;15990;;нет;https://static.tildacdn.com/stor3937-6236-4162-b738-656135633863/90254465.png;http://carshine26.ru/polirovalnye-mashinki/tproduct/942617766092-shine-systems-ro-polisher-polirovalnaya
Полировальные машинки;;HANKO Угловая электрическая полировальная машинка с вращательно-орбитальным типом движения 125 мм PL-15AL;14900;;нет;https://static.tildacdn.com/stor6665-3032-4530-b737-613562303561/15871256.png;http://carshine26.ru/polirovalnye-mashinki/tproduct/119882270302-hanko-uglovaya-elektricheskaya-poliroval
Полировальные машинки;;HANKO Угловая электрическая полировальная машинка с вращательным типом движения 125 мм PL-800H;12900;;нет;https://static.tildacdn.com/stor3130-3832-4436-b566-643563336239/37828531.png;http://carshine26.ru/polirovalnye-mashinki/tproduct/786689345282-hanko-uglovaya-elektricheskaya-poliroval
Полировальные машинки;;JETAPRO Роторная полировальная машинка 125мм J4112;15000;;нет;https://static.tildacdn.com/stor3738-3265-4333-a461-306334393638/53582679.png;http://carshine26.ru/polirovalnye-mashinki/tproduct/997585233402-jetapro-rotornaya-polirovalnaya-mashinka
Полировальные машинки;;JETAPRO Эксцентриковая полировальная машинка 125мм (ход эксцентрика 15мм) J4115;15000;;нет;https://static.tildacdn.com/stor3034-3266-4536-b861-343961306235/45115327.png;http://carshine26.ru/polirovalnye-mashinki/tproduct/268695559202-jetapro-ekstsentrikovaya-polirovalnaya-m
Полировальные машинки;;Эксцентриковая полировальная машинка зеленая MaxShine M15 Pro-G, ход эксцентрика 15 мм, 1000 Вт;22930;;нет;https://static.tildacdn.com/stor3332-3438-4234-b438-333465613635/55935207.png;http://carshine26.ru/polirovalnye-mashinki/tproduct/413632099712-ekstsentrikovaya-polirovalnaya-mashinka
Полировальные машинки;;Эксцентриковая полировальная машинка MaxShine M15 Pro, ход эксцентрика 15 мм, 1000 Вт;22240;;нет;https://static.tildacdn.com/stor6130-6663-4163-b039-373639653465/75671787.png;http://carshine26.ru/polirovalnye-mashinki/tproduct/479139611362-ekstsentrikovaya-polirovalnaya-mashinka
Полировальные машинки;;Эксцентриковая полировальная машинка MaxShine MB15 Pro, БЕСЩЁТОЧНАЯ, 1200 Вт, ход эксцентрика 15 мм;33400;;нет;https://static.tildacdn.com/stor3732-3263-4936-a635-333639313966/26828309.png;http://carshine26.ru/polirovalnye-mashinki/tproduct/824722139932-ekstsentrikovaya-polirovalnaya-mashinka
Другое оборудование;UNILITE;CRI-1250R - Инспекционный фонарь CRI 96+, 1250 Lm, 3 цвета + УФ, 5000 mAh | UNILITE;12500;;нет;https://static.tildacdn.com/stor3762-3166-4761-b333-663431326138/83458965.png;http://carshine26.ru/drugoe-oborudovanye/tproduct/489802628382-cri-1250r-inspektsionnii-fonar-cri-96-12
Другое оборудование;UNILITE;CRI-H200R - Налобный сенсорный фонарь 3 цвета, CRI 96+, 200 Lm, 1500 mAh, IPX5 | UNILITE;9300;;нет;https://static.tildacdn.com/stor3532-6639-4838-b832-393637343965/96558737.png;http://carshine26.ru/drugoe-oborudovanye/tproduct/674301752362-cri-h200r-nalobnii-sensornii-fonar-3-tsv
Другое оборудование;;"Ручной аккумуляторный фонарь 800 лм. CRI&gt;96 Au-022968002";6100;;нет;https://static.tildacdn.com/stor3137-6539-4831-b565-353931326136/63073199.png;http://carshine26.ru/drugoe-oborudovanye/tproduct/789925032442-ruchnoi-akkumulyatornii-fonar-800-lm-cri
Другое оборудование;Jeta Pro;Фонарик налобный JETA PRO BLAZE;2600;;нет;https://static.tildacdn.com/stor3965-3063-4863-a364-356566613464/65357932.png;http://carshine26.ru/drugoe-oborudovanye/tproduct/884065370172-fonarik-nalobnii-jeta-pro-blaze
Другое оборудование;Jeta Pro;Светодиодный аккумуляторный фонарик JETA PRO JPLS-10 с магнитным держателем в чёрной расцветке;2900;;нет;https://static.tildacdn.com/stor6438-6635-4363-b762-343332323262/24430529.png;http://carshine26.ru/drugoe-oborudovanye/tproduct/103644473342-svetodiodnii-akkumulyatornii-fonarik-jet
Другое оборудование;Foam Heroes;Foam Heroes Minigun пенокомплект для моек высокого давления, адаптер 1/4;3295;;нет;https://static.tildacdn.com/stor3831-3431-4139-a431-323839643933/91743993.png;http://carshine26.ru/drugoe-oborudovanye/tproduct/832187533432-foam-heroes-minigun-penokomplekt-dlya-mo
Другое оборудование;Foam Heroes;Foam Heroes Minigun пенокомплект для моек высокого давления, адаптер Karcher-K;3395;;нет;https://static.tildacdn.com/stor3763-3765-4664-b865-616464643732/43075714.png;http://carshine26.ru/drugoe-oborudovanye/tproduct/686473743942-foam-heroes-minigun-penokomplekt-dlya-mo
Другое оборудование;Foam Heroes;Foam Heroes Minigun пенокомплект для моек высокого давления, адаптер KEW;3495;;нет;https://static.tildacdn.com/stor3662-3166-4564-b933-616566363363/96708489.png;http://carshine26.ru/drugoe-oborudovanye/tproduct/602264944022-foam-heroes-minigun-penokomplekt-dlya-mo
Бутылки, емкости, ведра;Foam Heroes;Foam Heroes Minigun HDPE бутылка c крышкой, 1л;595;;нет;https://static.tildacdn.com/stor3435-3634-4231-b736-376634306136/98816059.png;http://carshine26.ru/butylki-emkosti-vedra/tproduct/345455518212-foam-heroes-minigun-hdpe-butilka-c-krish
Бутылки, емкости, ведра;Foam Heroes;Foam Heroes Minigun прозрачная бутылка c крышкой, 1л;595;;нет;https://static.tildacdn.com/stor6561-3736-4536-b462-653330666139/26726379.png;http://carshine26.ru/butylki-emkosti-vedra/tproduct/874223049272-foam-heroes-minigun-prozrachnaya-butilka
Шампуни для ручной мойки;FURY'S;FURY'S Sour Hook Кислотный шампунь для ручной мойки, 500 мл;390;;нет;https://static.tildacdn.com/stor6661-3135-4236-b338-613265393532/51440815.png;http://carshine26.ru/shampuny-ruchnoy-moyki/tproduct/277458303402-furys-sour-hook-kislotnii-shampun-dlya-r
Шампуни для ручной мойки;FURY'S;FURY'S Sour Hook Кислотный шампунь для ручной мойки, 2 л;990;;нет;https://static.tildacdn.com/stor3736-3138-4938-b165-393036363439/77591074.png;http://carshine26.ru/shampuny-ruchnoy-moyki/tproduct/852613300882-furys-sour-hook-kislotnii-shampun-dlya-r
Средства общей химчистки;FURY'S;FURY'S Interior Blast Очиститель интерьера, 2Л;1190;;нет;https://static.tildacdn.com/stor6530-6539-4731-a566-353432613663/48972320.png;http://carshine26.ru/sredstva-obsshej-khimchistki/tproduct/314553170592-furys-interior-blast-ochistitel-interera
Средства общей химчистки;FURY'S;FURY'S Interior Blast Очиститель интерьера, 500 мл;450;;нет;https://static.tildacdn.com/stor3365-6135-4561-b365-343761356364/41130397.png;http://carshine26.ru/sredstva-obsshej-khimchistki/tproduct/376898607962-furys-interior-blast-ochistitel-interera
Составы для очистки кузова;Koch Chemie;Koch Chemie Профессиональный очиститель Eulex 1л;2050;;нет;https://static.tildacdn.com/stor6137-6339-4763-a139-363663393664/93390698.png;http://carshine26.ru/sostavy-dlya-ochistki-kuzova/tproduct/218918865912-koch-chemie-professionalnii-ochistitel-e
Дымовые шашки и аэрозоли;;Carmate Устранитель неприятных запахов (дымовая шашка) Deodorant Steam Type Ag 40мл;1150;;нет;https://static.tildacdn.com/stor3630-3162-4632-b764-343261336437/76875929.png;http://carshine26.ru/dymovye-shashki/tproduct/819986772912-carmate-ustranitel-nepriyatnih-zapahov-d
Дымовые шашки и аэрозоли;;Carmate Устранитель неприятных запахов (дымовая шашка) Airconditionar Deodorant Steam 40мл;1150;;нет;https://static.tildacdn.com/stor3835-6235-4435-a333-323061366431/50763955.png;http://carshine26.ru/dymovye-shashki/tproduct/806309198172-carmate-ustranitel-nepriyatnih-zapahov-d
Дымовые шашки и аэрозоли;;Carmate Устранитель неприятных запахов (дымовая шашка) Cigarette Deodorant Steam 40мл;1150;;нет;https://static.tildacdn.com/stor3961-6566-4561-b362-643762393162/93803299.png;http://carshine26.ru/dymovye-shashki/tproduct/629936763102-carmate-ustranitel-nepriyatnih-zapahov-d
Дымовые шашки и аэрозоли;Meguiar's;Meguiar's Нейтрализатор запахов в салоне (запах нового автомобиля) Air Refresher (New Car) 59мл;1900;;нет;https://static.tildacdn.com/stor3635-6136-4763-b838-373761336362/33870102.png;http://carshine26.ru/dymovye-shashki/tproduct/322921358682-meguiars-neitralizator-zapahov-v-salone
Дымовые шашки и аэрозоли;Meguiar's;Meguiar's Нейтрализатор запахов в салоне (закат над фудзи) Air Re-Fresher (Fuji Sunset) 59мл;1900;;нет;https://static.tildacdn.com/stor3466-3130-4863-b136-303065376461/32712192.png;http://carshine26.ru/dymovye-shashki/tproduct/774479401882-meguiars-neitralizator-zapahov-v-salone
Дымовые шашки и аэрозоли;Meguiar's;Meguiar's Нейтрализатор запахов в салоне (черный хром) Air Re-Fresher (Black Chrome Scent) 59мл;1900;;нет;https://static.tildacdn.com/stor6236-3038-4437-a137-336534373362/77241552.png;http://carshine26.ru/dymovye-shashki/tproduct/911445278252-meguiars-neitralizator-zapahov-v-salone
Средства для стекол;Foam Heroes;Foam Heroes Battle Fly суперконцентрат стеклоочистителя с ароматом клубники, 100мл;295;;нет;https://static.tildacdn.com/stor3561-3431-4065-b930-306262393330/68273265.png;http://carshine26.ru/sredstva-dlya-stekol/tproduct/148318000052-foam-heroes-battle-fly-superkontsentrat
Средства для стекол;;Shine Systems Black Line CrystalGlass - летняя стеклоомывающая жидкость, 200 мл;190;;нет;https://static.tildacdn.com/stor3161-3639-4162-b431-383436396335/44581509.png;http://carshine26.ru/sredstva-dlya-stekol/tproduct/438701500902-shine-systems-black-line-crystalglass-le
Другое оборудование;;Фонарь налобный (Китай) Maxshine;210;;нет;https://static.tildacdn.com/stor3430-3666-4166-b063-336437356235/44266317.png;http://carshine26.ru/drugoe-oborudovanye/tproduct/283587404562-fonar-nalobnii-kitai-maxshine
Средства для стекол;Sonax;Sonax Стеклоомыватель концентрат 1:100 (лимон) 250мл;800;;нет;https://static.tildacdn.com/stor6632-3734-4065-b030-613332633264/55359230.png;http://carshine26.ru/sredstva-dlya-stekol/tproduct/880152188742-sonax-stekloomivatel-kontsentrat-1100-li
Губки, аппликаторы, рукавицы;Koch Chemie;Koch WASCHSCHWAMM Пористая губка для мойки 200х130х70 мм;450;;нет;https://static.tildacdn.com/stor3362-3236-4936-a565-306135313231/15248920.png;http://carshine26.ru/gubki-applikatory-rukavicy/tproduct/830147184472-koch-waschschwamm-poristaya-gubka-dlya-m
Губки, аппликаторы, рукавицы;Koch Chemie;Koch WASCHSCHWAMM Пористая губка для мойки 200х130х70 мм;450;;нет;https://static.tildacdn.com/stor3365-3934-4835-a230-666663643763/12451638.png;http://carshine26.ru/gubki-applikatory-rukavicy/tproduct/401399789012-koch-waschschwamm-poristaya-gubka-dlya-m
Бутылки, емкости, ведра;GYEON;GYEON Мерная бутылка для абразивных паст Q2M Dispenser Bottle 300мл;310;;нет;https://static.tildacdn.com/stor3962-6639-4665-a531-636231376333/31214895.png;http://carshine26.ru/butylki-emkosti-vedra/tproduct/169226687162-gyeon-mernaya-butilka-dlya-abrazivnih-pa
Уход за резиной и пластиком;Sonax;Sonax Восстановитель черного пластика Plastic Restorer Black 100мл;949;;нет;https://static.tildacdn.com/stor3934-3662-4663-a562-323766306363/97890788.png;http://carshine26.ru/ukhod-za-rezinoj-i-plastikom/tproduct/390961238432-sonax-vosstanovitel-chernogo-plastika-pl
Уход за резиной и пластиком;Sonax;Sonax ProfiLine Матовый очиститель-полироль для пластика Plastic Care 1л;2599;;нет;https://static.tildacdn.com/stor3030-6337-4532-a665-366163346639/25818496.png;http://carshine26.ru/ukhod-za-rezinoj-i-plastikom/tproduct/969387657902-sonax-profiline-matovii-ochistitel-polir
Осушители кузова (воски);Sonax;Sonax Xtreme Полимерное покрытие для кузова Spray Polish;1779;;нет;https://static.tildacdn.com/stor3039-6130-4231-b464-646434306663/37284462.png;http://carshine26.ru/osushiteli-kuzova/tproduct/270127941712-sonax-xtreme-polimernoe-pokritie-dlya-ku
Уход за резиной и пластиком;Sonax;Sonax Xtreme Блеск для шин Tyre Gloss Spray 400мл;1655;;нет;https://static.tildacdn.com/stor6530-3237-4137-b833-356565636131/99120806.png;http://carshine26.ru/ukhod-za-rezinoj-i-plastikom/tproduct/880492530462-sonax-xtreme-blesk-dlya-shin-tyre-gloss
Средства для кожи;Sonax;Sonax ProfiLine Защитный лосьон для кожи Leather Protection 1л;3036;;нет;https://static.tildacdn.com/stor6433-3830-4466-b738-393064333364/34236487.png;http://carshine26.ru/sredstva-dlya-kozhi/tproduct/332164785112-sonax-profiline-zaschitnii-loson-dlya-ko
Средства для кожи;Sonax;Sonax ProfiLine Пенный очиститель кожи Leather Cleaner 1л;2000;;нет;https://static.tildacdn.com/stor6565-3562-4061-a634-663066353638/71311123.png;http://carshine26.ru/sredstva-dlya-kozhi/tproduct/970217097972-sonax-profiline-pennii-ochistitel-kozhi
Долговременная защита кузова;Sonax;Sonax Profiline Керамическое покрытие (база №1) Ceramic Coating CC36 BaseCoat 1 210мл;6069;;нет;https://static.tildacdn.com/stor6664-3234-4436-b135-343066313663/64906479.png;http://carshine26.ru/dolgovremennaya-zasshita-kuzova/tproduct/584188949892-sonax-profiline-keramicheskoe-pokritie-b
Долговременная защита кузова;Sonax;Sonax Profiline Керамическое покрытие (блеск №2) Ceramic Coating CC36 Glosscoat 2 210мл;4719;;нет;https://static.tildacdn.com/stor3937-3036-4666-b938-313739653830/23794394.png;http://carshine26.ru/dolgovremennaya-zasshita-kuzova/tproduct/796580609102-sonax-profiline-keramicheskoe-pokritie-b
Полировальный пасты для ЛКП;Sonax;Sonax ProfiLine Полироль для восстановления блеска Nano Polish 03-06 1л;3516;;нет;https://static.tildacdn.com/stor6336-3037-4966-b936-633634616661/26109380.png;http://carshine26.ru/abrazivnye-pasty-dlya-lkp/tproduct/415410012182-sonax-profiline-polirol-dlya-vosstanovle
Полировальный пасты для ЛКП;Sonax;Sonax Удалитель царапин для фар и прозрачного пластика NanoPro Scratch Remover 75гр;1315;;нет;https://static.tildacdn.com/stor3265-3764-4432-b831-663764306265/48006491.png;http://carshine26.ru/abrazivnye-pasty-dlya-lkp/tproduct/890664246272-sonax-udalitel-tsarapin-dlya-far-i-prozr
Полировальный пасты для ЛКП;Sonax;Sonax Шлиф-паста для удаления царапин (антицарапин) SchleifPaste 75гр;490;;нет;https://static.tildacdn.com/stor3538-3762-4538-a663-363734353132/26553488.png;http://carshine26.ru/abrazivnye-pasty-dlya-lkp/tproduct/175945490092-sonax-shlif-pasta-dlya-udaleniya-tsarapi
Полировальный пасты для ЛКП;Sonax;Sonax ProfiLine Полироль для фар HeadLight Polish 250мл;1946;;нет;https://static.tildacdn.com/stor3764-6433-4939-b962-633839346239/76416388.png;http://carshine26.ru/abrazivnye-pasty-dlya-lkp/tproduct/207931121092-sonax-profiline-polirol-dlya-far-headlig
Очистители дисков, резины и хрома;Sonax;Sonax Xtreme Очиститель дисков Wheel Cleaner 500мл;1228;;нет;https://static.tildacdn.com/stor6330-6435-4131-b436-376163383063/15113501.png;http://carshine26.ru/ochestiteli-diskov-reziny-chroma/tproduct/114314925672-sonax-xtreme-ochistitel-diskov-wheel-cle
Очистители дисков, резины и хрома;Sonax;Sonax Xtreme Полироль металла Metal Polish 150мл;1889;;нет;https://static.tildacdn.com/stor6239-6431-4637-a661-356239323938/18958171.png;http://carshine26.ru/ochestiteli-diskov-reziny-chroma/tproduct/898849022362-sonax-xtreme-polirol-metalla-metal-polis
Составы для полировки;Sonax;Sonax ProfiLine Интенсивный обезжириватель поверхностей Paint Prepare 400мл;1283;;нет;https://static.tildacdn.com/stor6437-6134-4463-b636-666162646635/35582141.png;http://carshine26.ru/sostavy-dlya-polirovki/tproduct/575930494262-sonax-profiline-intensivnii-obezzhirivat
Воски, полироли, силанты, глейзы;Sonax;Sonax Xtreme Полироль с воском для глубокой полировки №3 Polish Wax 250мл;1718;;нет;https://static.tildacdn.com/stor3132-6365-4361-a337-626136616636/56063877.png;http://carshine26.ru/voski-poliroli-silanty-glejzy/tproduct/770489250212-sonax-xtreme-polirol-s-voskom-dlya-glubo
Воски, полироли, силанты, глейзы;Sonax;Sonax Xtreme Полироль №2 универсальный с воском Polish Wax 250мл;797;;нет;https://static.tildacdn.com/stor6164-3839-4637-a435-373865326366/80356408.png;http://carshine26.ru/voski-poliroli-silanty-glejzy/tproduct/140164454122-sonax-xtreme-polirol-2-universalnii-s-vo
Составы для очистки кузова;;Sonax Средство для разморозки дверных замков 50мл Schloss Enteiser;150;;нет;https://static.tildacdn.com/stor3832-3661-4138-b433-643164626532/73947549.png;http://carshine26.ru/sostavy-dlya-ochistki-kuzova/tproduct/459955246162-sonax-sredstvo-dlya-razmorozki-dvernih-z
Составы для очистки кузова;Sonax;Sonax Очиститель гудрона и древесной смолы Insekten Enferner 400мл;1049;;нет;https://static.tildacdn.com/stor6664-3064-4135-b131-656632323138/12640653.png;http://carshine26.ru/sostavy-dlya-ochistki-kuzova/tproduct/204687821692-sonax-ochistitel-gudrona-i-drevesnoi-smo
Воски, полироли, силанты, глейзы;Sonax;"Sonax Цветной полироль с воском (синий) Nano Pro Polish &amp; Wax Color 500мл";1169;;нет;https://static.tildacdn.com/stor3932-3464-4435-b630-363764366532/86361954.png;http://carshine26.ru/voski-poliroli-silanty-glejzy/tproduct/619904401172-sonax-tsvetnoi-polirol-s-voskom-sinii-na
Воски, полироли, силанты, глейзы;Sonax;"Sonax Цветной полироль с воском (красный) Nano Pro Polish &amp; Wax Color 500мл";1169;;нет;https://static.tildacdn.com/stor6262-3030-4839-b233-363237616336/70118217.png;http://carshine26.ru/voski-poliroli-silanty-glejzy/tproduct/154138580122-sonax-tsvetnoi-polirol-s-voskom-krasnii
Уход за винилом и пластиком;Sonax;Sonax Глянцевый очиститель-полироль для пластика (яблоко) Cockpit Pfleger Apple Fresh 400мл;822;;нет;https://static.tildacdn.com/stor3130-3065-4265-b637-623963613337/52447870.png;http://carshine26.ru/ukhod-za-vinilom-i-plastikom/tproduct/721034592552-sonax-glyantsevii-ochistitel-polirol-dly
Уход за винилом и пластиком;Sonax;Sonax Глянцевый очиститель-полироль для пластика Cockpit Pfleger Lemon Fresh (лимон) 400мл;822;;нет;https://static.tildacdn.com/stor3030-3632-4334-b130-363464633766/83233240.png;http://carshine26.ru/ukhod-za-vinilom-i-plastikom/tproduct/594157235632-sonax-glyantsevii-ochistitel-polirol-dly
Уход за винилом и пластиком;Sonax;Sonax Очиститель-полироль для пластика c матовым эффектом (спорт активная свежесть) Cockpit Pfleger 500мл;750;;нет;https://static.tildacdn.com/stor6162-6135-4536-b866-363539623930/28155248.png;http://carshine26.ru/ukhod-za-vinilom-i-plastikom/tproduct/351272722712-sonax-ochistitel-polirol-dlya-plastika-c
Уход за винилом и пластиком;Sonax;Sonax Очиститель-полироль для пластика c матовым эффектом (зеленый лимон) Cockpit Pfleger 500мл;750;;нет;https://static.tildacdn.com/stor3064-6331-4237-a439-363138313239/83822803.png;http://carshine26.ru/ukhod-za-vinilom-i-plastikom/tproduct/129885146702-sonax-ochistitel-polirol-dlya-plastika-c
Уход за винилом и пластиком;Sonax;Sonax Очиститель-полироль для пластика c матовым эффектом (свежесть океана) Cockpit Pfleger 500мл;750;;нет;https://static.tildacdn.com/stor6265-3537-4132-b066-653862316361/60192465.png;http://carshine26.ru/ukhod-za-vinilom-i-plastikom/tproduct/271497267402-sonax-ochistitel-polirol-dlya-plastika-c
Уход за винилом и пластиком;Sonax;Sonax Xtreme Универсальный очиститель и восстановитель пластика интерьера и экстерьера Kunststoff Detailer 500мл;1599;;нет;https://static.tildacdn.com/stor6563-3537-4962-b739-616563316132/96635122.png;http://carshine26.ru/ukhod-za-vinilom-i-plastikom/tproduct/693990245192-sonax-xtreme-universalnii-ochistitel-i-v
Уход за винилом и пластиком;Sonax;Sonax Xtreme Интенсивный очиститель пластика с матовым эффектом Cockpit Reiniger 500мл;1394;;нет;https://static.tildacdn.com/stor6436-6137-4337-b333-376635643763/40439056.png;http://carshine26.ru/ukhod-za-vinilom-i-plastikom/tproduct/891245185832-sonax-xtreme-intensivnii-ochistitel-plas
Средства для кожи;Sonax;Sonax Xtreme Молочко для ухода за кожей Leder Pflege Milch 500мл;1969;;нет;https://static.tildacdn.com/stor6364-3530-4466-b938-316662313239/66941978.png;http://carshine26.ru/sredstva-dlya-kozhi/tproduct/119117664222-sonax-xtreme-molochko-dlya-uhoda-za-kozh
Средства для стекол;Sonax;Sonax Универсальный очиститель стекол 500мл.;749;;нет;https://static.tildacdn.com/stor3239-6531-4232-b330-383735303539/61082277.png;http://carshine26.ru/sredstva-dlya-stekol/tproduct/993939273682-sonax-universalnii-ochistitel-stekol-500
Средства общей химчистки;Sonax;Sonax Xtreme Upholstery+Alcantara Очиститель обивки салона и алькантары 400мл.;957;;нет;https://static.tildacdn.com/stor3831-3866-4164-a532-393834376361/53443749.png;http://carshine26.ru/sredstva-obsshej-khimchistki/tproduct/624489020502-sonax-xtreme-upholsteryalcantara-ochisti
Средства для кожи;Sonax;Sonax Xtreme Leather Care Foam Пенный очиститель кожи 250мл.;1815;;нет;https://static.tildacdn.com/stor3232-3033-4339-a464-306534326363/38700211.png;http://carshine26.ru/sredstva-dlya-kozhi/tproduct/789609263062-sonax-xtreme-leather-care-foam-pennii-oc
Долговременная защита кузова;Sonax;Sonax Xtreme Felgenschutz Защитное покрытие для дисков 250мл.;1138;;нет;https://static.tildacdn.com/stor3833-3631-4366-b963-636265323862/14481465.png;http://carshine26.ru/dolgovremennaya-zasshita-kuzova/tproduct/909941091402-sonax-xtreme-felgenschutz-zaschitnoe-pok
Антидождь;Aquapel;Aquapel R+ Антидождь (коричневый флакон) 50мл;1300;;нет;https://static.tildacdn.com/stor6336-3730-4235-b332-373565356134/83671531.png;http://carshine26.ru/antidozhd/tproduct/731884922942-aquapel-r-antidozhd-korichnevii-flakon-5
Антидождь;Soft99;Soft99 Антидождь Ultra Glaco 70мл;2350;;нет;https://static.tildacdn.com/stor3939-3462-4235-b265-643836633439/34040706.png;http://carshine26.ru/antidozhd/tproduct/972403675682-soft99-antidozhd-ultra-glaco-70ml
Полировка стекол;OOPSY;OOPSY Полировальная паста для стекла OFR Glass Polish 100 мл R101;1390;R101;нет;https://static.tildacdn.com/stor3861-3936-4938-b339-303365633564/18518564.png;http://carshine26.ru/polirovka-stekol/tproduct/248348273372-oopsy-polirovalnaya-pasta-dlya-stekla-of
Турбосушки,торнадоры,озонаторы и запчасти к ним;MaxShine;Мини Турбосушка MaxShine EVO-S, 1200 Вт;9250;EVO-S;нет;https://static.tildacdn.com/stor3831-3638-4761-b765-393764626261/57894975.png;http://carshine26.ru/turbosushki-tornadory-ozonatory/tproduct/865348186262-mini-turbosushka-maxshine-evo-s-1200-vt
Распрыскиватели и триггеры;Marolex;Marolex Помповый опрыскиватель (щелочестойкий) Industry Ergo Alka 1л;2400;;нет;https://static.tildacdn.com/stor3336-3134-4134-a665-333964396437/63714864.png;http://carshine26.ru/raspryskivateli-i-triggery/tproduct/771697194362-marolex-pompovii-opriskivatel-scheloches
Уход за резиной и пластиком;MA-FRA;MA-FRA Восстановительный полимерный полироль для бамперов, молдингов, спойлеров и капотов из пластика FASPOILER (spray) 300мл;555;;нет;https://static.tildacdn.com/stor6637-6438-4431-a331-656438613563/14735215.png;http://carshine26.ru/ukhod-za-rezinoj-i-plastikom/tproduct/653806803582-ma-fra-vosstanovitelnii-polimernii-polir
Долговременная защита кузова;FIREBALL;FIREBALL Защитное покрытие для ткани Fabric Coat SiO2, 500мл;2700;;нет;https://static.tildacdn.com/stor6363-3937-4265-b432-393539363237/28748590.png;http://carshine26.ru/dolgovremennaya-zasshita-kuzova/tproduct/578664821812-fireball-zaschitnoe-pokritie-dlya-tkani
Долговременная защита кузова;LERATON;Гидрофобное средство для защиты текстиля LERATON T2 200мл;730;;нет;https://static.tildacdn.com/stor6330-3464-4235-a630-326634653734/41510836.png;http://carshine26.ru/dolgovremennaya-zasshita-kuzova/tproduct/960521043592-gidrofobnoe-sredstvo-dlya-zaschiti-tekst
Ароматизаторы и автопарфюм;LERATON;Нейтрализатор запаха LERATON ON ODOR NEUTRALIZER 200мл;390;;нет;https://static.tildacdn.com/stor3038-3730-4735-b336-303762653230/83568809.png;http://carshine26.ru/aromatizatory-i-avtoparfyum/tproduct/220185936602-neitralizator-zapaha-leraton-on-odor-neu
Средства для стекол;Soft99;Soft99 Очиститель стёкол с эффектом водоотталкивания Glaco Glass Cleaner 330мл;1399;;нет;https://static.tildacdn.com/stor3337-6262-4236-b763-643164356533/54673877.png;http://carshine26.ru/sredstva-dlya-stekol/tproduct/473136410742-soft99-ochistitel-styokol-s-effektom-vod
Средства общей химчистки;Foam Heroes;Foam Heroes Pure Fiber низкопенный шампунь для стирки микрофибры, 500мл;495;;нет;https://static.tildacdn.com/stor6464-3634-4537-a464-666137616237/53529047.png;http://carshine26.ru/sredstva-obsshej-khimchistki/tproduct/532057373422-foam-heroes-pure-fiber-nizkopennii-shamp
Средства общей химчистки;Foam Heroes;Foam Heroes Pure Fiber низкопенный шампунь для стирки микрофибры, 3л;1795;;нет;https://static.tildacdn.com/stor6130-6161-4366-b662-643733363166/19051954.png;http://carshine26.ru/sredstva-obsshej-khimchistki/tproduct/502685661072-foam-heroes-pure-fiber-nizkopennii-shamp
Средства общей химчистки;FIREBALL;FIREBALL Шампунь для стирки микрофибры Towel Cleaner 1:1500 500мл;1465;;нет;https://static.tildacdn.com/stor6662-6134-4538-b064-616162326637/45246048.png;http://carshine26.ru/sredstva-obsshej-khimchistki/tproduct/774652491422-fireball-shampun-dlya-stirki-mikrofibri
Средства общей химчистки;BINDER;"BINDER Шампунь для стирки микрофибр и полировальных кругов Towel &amp; Pad Cleaner 1:500 (pH 7,0) 1л";1550;;нет;https://static.tildacdn.com/stor3131-3233-4931-b166-336137623431/98536302.png;http://carshine26.ru/sredstva-obsshej-khimchistki/tproduct/480773839472-binder-shampun-dlya-stirki-mikrofibr-i-p
Средства общей химчистки;CarPro;CarPro Шампунь для микрофибры и полировальных кругов MFX 500мл;1629;;нет;https://static.tildacdn.com/stor3965-3937-4164-a230-643937386365/31526731.png;http://carshine26.ru/sredstva-obsshej-khimchistki/tproduct/126082897502-carpro-shampun-dlya-mikrofibri-i-polirov
Антидождь;Foam Heroes;Foam Heroes Rain Drops антидождь для стекол, 100мл;495;FHB130;нет;https://static.tildacdn.com/stor3564-6331-4764-a136-373130373433/86744541.png;http://carshine26.ru/antidozhd/tproduct/692760101502-foam-heroes-rain-drops-antidozhd-dlya-st
Уход за винилом и пластиком;FURY'S;FURY'S Diss A Pear Универсальный квик детейлер, 2 л;990;FSDAP2000;нет;https://static.tildacdn.com/stor3862-3362-4435-b663-326664386631/56585474.png;http://carshine26.ru/ukhod-za-vinilom-i-plastikom/tproduct/522530800472-furys-diss-a-pear-universalnii-kvik-dete
Уход за винилом и пластиком;FURY'S;FURY'S Diss A Pear Универсальный квик детейлер, 500 мл;390;FSDAP500;нет;https://static.tildacdn.com/stor3065-3134-4265-a331-353833373162/48072440.png;http://carshine26.ru/ukhod-za-vinilom-i-plastikom/tproduct/667149496102-furys-diss-a-pear-universalnii-kvik-dete
Долговременная защита кузова;FIREBALL;FIREBALL ANGEL TEARS II 50мл -Защитное керамическое покрытие для кузова;3890;FB-AT-50;нет;https://static.tildacdn.com/stor6431-3734-4339-a632-663638363839/495a82b661cb97d60665028abaa5ee98.png;http://carshine26.ru/dolgovremennaya-zasshita-kuzova/tproduct/360114639402-fireball-angel-tears-ii-50ml-zaschitnoe
Долговременная защита кузова;FIREBALL;FIREBALL Сверхпрочный керамический силант (эмульсия SiO2) TANK 400 мл;2600;FB-TANK-400;нет;https://static.tildacdn.com/stor6163-3033-4562-b766-396137363263/a39021bd0336f2a573051e4062ce8ca1.png;http://carshine26.ru/dolgovremennaya-zasshita-kuzova/tproduct/392820325272-fireball-sverhprochnii-keramicheskii-sil
Долговременная защита кузова;FIREBALL;FIREBALL Защитное покрытие PPF SHIELD 35мл;4900;FB-PPFS-35;нет;https://static.tildacdn.com/stor6261-3233-4031-b163-373966316165/e9a8cf48c436f5a1cea8ff6f137b76b3.png;http://carshine26.ru/dolgovremennaya-zasshita-kuzova/tproduct/580096032152-fireball-zaschitnoe-pokritie-ppf-shield
Полировальные круги и пады;A302;150 мм Джинсовый полировальный круг / A302;755;DPP-150;нет;https://static.tildacdn.com/stor3338-6561-4437-a161-323333383161/16ecec6ce79cf50feddefef3e654cbf6.png;http://carshine26.ru/polirovalnye-krugi-i-pady/tproduct/330007847812-150-mm-dzhinsovii-polirovalnii-krug-a302
Долговременная защита кузова;FIREBALL;FIREBALL DEVIL'S BLOOD 35 мл - Защитное покрытие;6790;;нет;https://static.tildacdn.com/stor3563-3538-4038-a633-633365333837/f88ac62e3b8ce96f57635395fc8b627d.png;http://carshine26.ru/dolgovremennaya-zasshita-kuzova/tproduct/818516978102-fireball-devils-blood-35-ml-zaschitnoe-p
Долговременная защита кузова;FIREBALL;FIREBALL FX88 GRAPHENE [NEW 2026] - Керамическое покрытие PREMIUM 35мл;8800;;нет;https://static.tildacdn.com/stor3361-3262-4863-b738-633232303035/2ae1d91fabb5785b59eaa3cf594243c2.png;http://carshine26.ru/dolgovremennaya-zasshita-kuzova/tproduct/795754152872-fireball-fx88-graphene-new-2026-keramich
Автоскрабы, абразивные материалы;MaxShine;Блок автоскраб MaxShine, 11,5*6*3 см;900;;нет;https://static.tildacdn.com/stor3537-3463-4438-b339-386136346336/2a839a114d5dbe717395c38be2a9df16.png;http://carshine26.ru/avtoskraby-abrazivnye-mat-ly/tproduct/818689963012-blok-avtoskrab-maxshine-11563-sm
Подложки к полировальникам;MaxShine;Подложка для роторной машинки 75 мм MaxShine, М14, толщина 22 мм, полиуретан;500;;нет;https://static.tildacdn.com/stor3561-3336-4664-b865-383337316335/113d9f65372c9f7831962af7f4a49746.png;http://carshine26.ru/podlozhki-k-polirovalnikam/tproduct/535660546722-podlozhka-dlya-rotornoi-mashinki-75-mm-m
Полировка стекол;MaxShine;Войлочный (шерстяной) полировальный круг для стекла 80 мм MaxShine, набор 2 шт;820;;нет;https://static.tildacdn.com/stor3665-3938-4632-b838-633838633762/de29dc39126ed4bd0e60471434c7cafe.png;http://carshine26.ru/polirovka-stekol/tproduct/138233970792-voilochnii-sherstyanoi-polirovalnii-krug
Полировка стекол;MaxShine;Войлочный (шерстяной) полировальный круг для стекла 125 мм MaxShine, набор 2 шт;1150;;нет;https://static.tildacdn.com/stor3131-6137-4537-b132-343263653939/eba1bc7561ca553589fdf88a7172b1e0.png;http://carshine26.ru/polirovka-stekol/tproduct/298124075092-voilochnii-sherstyanoi-polirovalnii-krug
Другое оборудование;MaxShine;Набор удлинителей для роторной машинки MaxShine, нержавеющая сталь, 3 шт: 5/8/12 см;3308;;нет;https://static.tildacdn.com/stor3437-6133-4564-b831-383338316430/c2395d4e840560183fcbc22dfb7f1ec4.png;http://carshine26.ru/drugoe-oborudovanye/tproduct/560677076372-nabor-udlinitelei-dlya-rotornoi-mashinki
Очистители битума, смол, клея;Shine Systems;Shine Systems AirLine AntiGlue - быстрый очиститель краски, клея, скотча, 400 мл;550;SS940;нет;https://static.tildacdn.com/stor3639-3437-4264-b934-366166316431/0fce635a07eda9478f60af0025da66e8.jpg;http://carshine26.ru/ochistiteli-bituma-smol-kleya/tproduct/965670236232-shine-systems-airline-antiglue-bistrii-o
Очистители битума, смол, клея;Koch Chemie;Koch Chemie Очиститель смолы и битума TeerWasche A 5л;4450;;нет;https://static.tildacdn.com/stor3139-6361-4733-b933-363238316664/a2edde29ddd1471446c98361d5e8c30e.png;http://carshine26.ru/ochistiteli-bituma-smol-kleya/tproduct/225486843702-koch-chemie-ochistitel-smoli-i-bituma-te
Полировальный пасты для ЛКП;Farecla;Farecla Profile 350 Premium Liquid абразивная полировальная паста, 250мл;2250;;нет;https://static.tildacdn.com/stor6235-6331-4233-a232-356235623566/2e23b126890cb2f46bbaaead32f42f6b.jpg;http://carshine26.ru/abrazivnye-pasty-dlya-lkp/tproduct/765422869722-farecla-profile-350-premium-liquid-abraz
Другое оборудование;;Детейлинг маркеры CHALK MARKER 8 цветов для работы с ЛКП и пленкой круглый стержень 6 мм;220;;нет;https://static.tildacdn.com/stor3830-3836-4632-a465-313132353835/7aae2bf823b59655dd55755a910fef82.jpg;http://carshine26.ru/drugoe-oborudovanye/tproduct/464888347532-deteiling-markeri-chalk-marker-8-tsvetov
Ароматизаторы и автопарфюм;EIKOSHA;EIKOSHA (A-16) Ароматизатор меловой Spirit Refill - SHOWER COLOGNE;950;;нет;https://static.tildacdn.com/stor3731-6631-4333-b730-356661353332/1cbc5574f9b5b887273510dde2789d4a.png;http://carshine26.ru/aromatizatory-i-avtoparfyum/tproduct/323701983342-eikosha-a-16-aromatizator-melovoi-spirit
Ароматизаторы и автопарфюм;EIKOSHA;EIKOSHA (A-11) Ароматизатор меловой Spirit Refill - APPLE;950;;нет;https://static.tildacdn.com/stor3666-3863-4062-b835-306461656531/bf39e99b4f950cc5219e81015b8cd110.png;http://carshine26.ru/aromatizatory-i-avtoparfyum/tproduct/968971644332-eikosha-a-11-aromatizator-melovoi-spirit
Ароматизаторы и автопарфюм;EIKOSHA;EIKOSHA (A-25) Ароматизатор меловой Spirit Refill - XU;950;;нет;https://static.tildacdn.com/stor6132-3962-4565-b361-333865343935/2681abd4d78ed526e8021bb21133ba92.png;http://carshine26.ru/aromatizatory-i-avtoparfyum/tproduct/983515917332-eikosha-a-25-aromatizator-melovoi-spirit
Ароматизаторы и автопарфюм;EIKOSHA;EIKOSHA (A-28) Ароматизатор меловой Spirit Refill - SAZAN SQUASH;950;;нет;https://static.tildacdn.com/stor6337-3664-4833-a665-386233373166/f73284aae92e9870a9740f94082d26bd.png;http://carshine26.ru/aromatizatory-i-avtoparfyum/tproduct/208895620612-eikosha-a-28-aromatizator-melovoi-spirit
Автоскрабы, абразивные материалы;Koch Chemie;Koch Chemie REINIGUNGSKNETE BLAU - Безабразивная чистящая глина мягкого воздействия, синяя (200 гр);3700;;нет;https://static.tildacdn.com/stor3162-6162-4261-b665-363763373530/0c64150e6373e3030f9873fdae36343e.png;http://carshine26.ru/avtoskraby-abrazivnye-mat-ly/tproduct/220509047762-koch-chemie-reinigungsknete-blau-bezabra
Антидождь;Soft99;Soft99 Антидождь для боковых зеркал Zero Glaco 32мл;1350;;нет;https://static.tildacdn.com/stor3333-6135-4161-b263-333566336161/0a1cf60217313ff9593e33d4f9fdc30d.png;http://carshine26.ru/antidozhd/tproduct/557071676522-soft99-antidozhd-dlya-bokovih-zerkal-zer
prochee;;FHA050 Foam Heroes Slide Glide Mitt варежка из микрофибры для мойки автомобиля 17.5х23см, 1400г/м2 FHA050 Foam Heroes Slide Glide Mitt варежка из микрофибры для мойки автомобиля 17.5х23см, 1400г/м2 FHA050 Foam Heroes Slide Glide Mitt варежка из микрофибры для мойки автомобиля 17.5х23см, 1400г/м2 FHA050 Foam Heroes Slide Glide Mitt варежка из микрофибры для мойки автомобиля 17.5х23см, 1400г/м2;;;нет;;http://carshine26.ru/tproduct/679852430402-fha050-foam-heroes-slide-glide-mitt-vare
Губки, аппликаторы, рукавицы;Foam Heroes;Foam Heroes Slide Glide Mitt варежка из микрофибры для мойки автомобиля 17.5х23см, 1400г/м2;1095;FHA050;нет;https://static.tildacdn.com/stor3334-3332-4166-a463-363564306138/65b3d9edfea3101734f593ea4313e716.webp;http://carshine26.ru/gubki-applikatory-rukavicy/tproduct/999587540632-foam-heroes-slide-glide-mitt-varezhka-iz
Протирочный материал;Foam Heroes;Foam Heroes The Collector двухстороннее полотенце для сушки автомобиля 70х90см, 1100г/м2;2995;;нет;https://static.tildacdn.com/stor3662-3265-4366-a462-323732613533/46353002.png;http://carshine26.ru/protirochnyj-material/tproduct/302546027512-foam-heroes-the-collector-dvuhstoronnee
Полировка стекол;Leraton;Абразивный очиститель стекла LERATON L3 473мл;1450;;нет;https://static.tildacdn.com/stor3939-3964-4836-a332-333735353236/def6781a38ae92149341e04953f080cf.png;http://carshine26.ru/polirovka-stekol/tproduct/913096310972-abrazivnii-ochistitel-stekla-leraton-l3
Составы для очистки кузова;Leraton;Цитрусовый шампунь для предварительной мойки LERATON PW3 1л;790;;нет;https://static.tildacdn.com/stor6435-3238-4466-b238-373334343666/d1244fc34c3640dc1ae5325dec94cc27.png;http://carshine26.ru/sostavy-dlya-ochistki-kuzova/tproduct/487488679372-tsitrusovii-shampun-dlya-predvaritelnoi
Очистители дисков, резины и хрома;Leraton;Высококонцентрированный очиститель покрышек и колесных дисков LERATON G11 STRONG 3,8л;2490;;нет;https://static.tildacdn.com/stor3466-6131-4565-a336-663833373361/d2175dc89627bc1bf76ed8722c54cb54.png;http://carshine26.ru/ochestiteli-diskov-reziny-chroma/tproduct/782638189252-visokokontsentrirovannii-ochistitel-pokr
Уход за резиной и пластиком;Leraton;Кондиционер шин и резиновых изделий LERATON P2 473мл;570;;нет;https://static.tildacdn.com/stor3937-3132-4432-b536-363538633132/d19da6faf8f9b95589619ef2209f9b4d.png;http://carshine26.ru/ukhod-za-rezinoj-i-plastikom/tproduct/938698724342-konditsioner-shin-i-rezinovih-izdelii-le
Уход за винилом и пластиком;Leraton;Очиститель-кондиционер пластика LERATON P7 PLASTIC ANGEL CASHMERE FLAME 473 мл;570;;нет;https://static.tildacdn.com/stor3437-6239-4966-a431-333865336163/d781589a8a3355e16989505212ab7ecf.png;http://carshine26.ru/ukhod-za-vinilom-i-plastikom/tproduct/557902703822-ochistitel-konditsioner-plastika-leraton
Очистители моторного отсека;Leraton;Очиститель двигателя LERATON G5 473мл (готовый состав);430;;нет;https://static.tildacdn.com/stor6230-6566-4335-b036-333430653435/7167c0503ebda7c9dffb9411b25a863e.png;http://carshine26.ru/ochestiteli-motornogo-otseka/tproduct/748662002952-ochistitel-dvigatelya-leraton-g5-473ml-g
Средства общей химчистки;Leraton;Универсальный очиститель LERATON G1 473мл;370;;нет;https://static.tildacdn.com/stor3164-3265-4633-a363-636633303065/866ae253bc88051ffd1e7bfe814794d0.png;http://carshine26.ru/sredstva-obsshej-khimchistki/tproduct/798474930842-universalnii-ochistitel-leraton-g1-473ml
Средства общей химчистки;Smart Open;Smart Open Шампунь для микрофибр Cool Fiber 0,25л;250;;нет;https://static.tildacdn.com/stor3464-3135-4866-b761-383466643163/7df06723ec4e0a6950e1cf2b72848ca2.png;http://carshine26.ru/sredstva-obsshej-khimchistki/tproduct/941768152982-smart-open-shampun-dlya-mikrofibr-cool-f
Шампуни для ручной мойки;Smart Open;Smart Open Кислотное средство для второй стадии мойки кузова автомобиля Mystic 1л;590;;нет;https://static.tildacdn.com/stor6339-3931-4730-b065-373961353361/954d0e61c89c2e5b5c30d980076f2a97.png;http://carshine26.ru/shampuny-ruchnoy-moyki/tproduct/661211919802-smart-open-kislotnoe-sredstvo-dlya-vtoro
Шампуни для ручной мойки;Detail;Detail Кислотный шампунь AD (Acid Shampoo) 1л DT-0325;1000;;нет;https://static.tildacdn.com/stor6662-6234-4937-a565-316539313334/a06ae3869336bece77b9a0d424287be2.png;http://carshine26.ru/shampuny-ruchnoy-moyki/tproduct/267711471312-detail-kislotnii-shampun-ad-acid-shampoo
Осушители кузова (воски);Detail;Detail Концентрированный жидкий воск SW (Super Wax) 1л DT-0160;1560;;нет;https://static.tildacdn.com/stor3438-3164-4161-b334-653566393833/95dc644563221964a797809983cc06e0.png;http://carshine26.ru/osushiteli-kuzova/tproduct/535235325042-detail-kontsentrirovannii-zhidkii-vosk-s
Уход за резиной и пластиком;Detail;Detail Чернитель шин TR (Tire) 500мл DT-0130;700;;нет;https://static.tildacdn.com/stor6136-3232-4066-a665-653235396436/0b101722a253afc321fef3288753f55b.png;http://carshine26.ru/ukhod-za-rezinoj-i-plastikom/tproduct/103269636592-detail-chernitel-shin-tr-tire-500ml-dt-0
Очистители моторного отсека;Vintex;Кислотный очиститель днища Alumax, Vintex, 1 литр;1850;;нет;https://static.tildacdn.com/stor6662-6239-4466-a539-643433656632/caf85aafa5ad7ac07898c48d5aba7e88.png;http://carshine26.ru/ochestiteli-motornogo-otseka/tproduct/394188757362-kislotnii-ochistitel-dnischa-alumax-vint
Очистители моторного отсека;Vintexx;Кислотный очиститель днища Alumax, Vintex, 0,2 литра;490;;нет;https://static.tildacdn.com/stor3834-3664-4038-a138-316138656264/9e584e5de58bf89a2cef0140cd154b1e.png;http://carshine26.ru/ochestiteli-motornogo-otseka/tproduct/159267809292-kislotnii-ochistitel-dnischa-alumax-vint
Очистители моторного отсека;Vintexx;Removex Vintex, Высококонцентрированный щелочной состав для мойки днища , 1 литр;1650;;нет;https://static.tildacdn.com/stor3931-3630-4632-a165-383133333931/63ef4d3d69de80e46716d719ddab28a2.png;http://carshine26.ru/ochestiteli-motornogo-otseka/tproduct/563209445462-removex-vintex-visokokontsentrirovannii
Очистители моторного отсека;Vintex;Removex Vintex, Высококонцентрированный щелочной состав для мойки днища , 5 литров;6750;;нет;https://static.tildacdn.com/stor6264-6466-4935-b931-613630623039/977b204f4638e80f9f079693b61814c6.jpg;http://carshine26.ru/ochestiteli-motornogo-otseka/tproduct/798878760482-removex-vintex-visokokontsentrirovannii
Уход за резиной и пластиком;Vintex;Ecoblack Vintex Финишный состав для обработки колесных арок, 1,5 литра;1500;;нет;https://static.tildacdn.com/stor3138-6464-4637-b566-376463646537/a47e283bd0004837d2f53137a92c6273.png;http://carshine26.ru/ukhod-za-rezinoj-i-plastikom/tproduct/722380918352-ecoblack-vintex-finishnii-sostav-dlya-ob
prochee;Vonixx;PRIZM VONIXX Профессиональный очиститель от оксидного и известкового налета, 1,5 литра;2640;;нет;https://static.tildacdn.com/stor3632-6563-4164-b365-313066383537/3d418e838985ad2697bad053c9c40dd9.png;http://carshine26.ru/tproduct/604922173972-prizm-vonixx-professionalnii-ochistitel
prochee;Vonixx;PRIZM VONIXX Профессиональный очиститель от оксидного и известкового налета, 500 мл;1630;;нет;https://static.tildacdn.com/stor3938-3538-4639-a130-383437386530/d3f53cfbf54275a4f3f694c16b56ba24.webp;http://carshine26.ru/tproduct/788931668792-prizm-vonixx-professionalnii-ochistitel
Осушители кузова (воски);Vonixx;Быстрое керамическое покрытие Sinergy Paint Vonixx, 0,5 литра;3200;;нет;https://static.tildacdn.com/stor3837-3735-4236-b937-383735376462/1bfbf24c85b938ada7f5432632374091.png;http://carshine26.ru/osushiteli-kuzova/tproduct/239188733872-bistroe-keramicheskoe-pokritie-sinergy-p
Долговременная защита кузова;Nasiol;Керамическое покрытие Nasiol NeocoatX 100 ml.;5830;;нет;https://static.tildacdn.com/stor6534-6438-4262-b630-376665333864/c7ad027ca4585ac708a81a5e002ace99.png;http://carshine26.ru/dolgovremennaya-zasshita-kuzova/tproduct/496988958662-keramicheskoe-pokritie-nasiol-neocoatx-1
Долговременная защита кузова;Nasiol;Керамическое покрытие Nasiol XR03 50 ml.;8040;;нет;https://static.tildacdn.com/stor3839-3730-4735-b436-623736646433/626ea881f1bffcffce760d4fdfa318a9.png;http://carshine26.ru/dolgovremennaya-zasshita-kuzova/tproduct/567497556582-keramicheskoe-pokritie-nasiol-xr03-50-ml
Долговременная защита кузова;Nasiol;Nasiol Керамическое покрытие ZR53 Nano Ceramic Coating;12620;;нет;https://static.tildacdn.com/stor3934-6630-4035-b231-663037313135/50fcc2120044e166858dc256e57ee93e.png;http://carshine26.ru/dolgovremennaya-zasshita-kuzova/tproduct/189326095532-nasiol-keramicheskoe-pokritie-zr53-nano
Долговременная защита кузова;Nasiol;Nasiol Керамическое покрытие PPFGGUARD Nano Ceramic Coating for Car PPF Protection;10520;;нет;https://static.tildacdn.com/stor3439-6335-4165-b137-396535653861/dfa79ac0327e9c4d82614354b38153fc.png;http://carshine26.ru/dolgovremennaya-zasshita-kuzova/tproduct/793502821832-nasiol-keramicheskoe-pokritie-ppfgguard
Другое оборудование;Shine Systems;Shine Systems Ключ для канистр 5, 20, 60л;990;;нет;https://static.tildacdn.com/stor3232-3562-4532-b065-366137376637/aca054f5605e37dff722d7f91ca6ece3.jpg;http://carshine26.ru/drugoe-oborudovanye/tproduct/450548117812-shine-systems-klyuch-dlya-kanistr-5-20-6
Бесконтактные шампуни;FURY'S;FURY'S Citrus Boom TFR Бесконтактный шампунь с цитрусовыми маслами, 2 л;990;;нет;https://static.tildacdn.com/stor3364-3634-4461-b135-343039373238/db93369f8ab04eb9e42f0a5f312308bd.png;http://carshine26.ru/beskontaktnye-shampuny/tproduct/445548931552-furys-citrus-boom-tfr-beskontaktnii-sham
Средства для стекол;FURY'S;FURY'S Glass Clash Спиртовой очиститель стекол 500 мл;390;;нет;https://static.tildacdn.com/stor6437-3634-4636-b530-353332323632/751ba6cafe98802ffab6e18aab8c254a.png;http://carshine26.ru/sredstva-dlya-stekol/tproduct/298478629142-furys-glass-clash-spirtovoi-ochistitel-s
Средства для стекол;FURY'S;FURY'S Glass Clash Спиртовой очиститель стекол, 2 л;990;;нет;https://static.tildacdn.com/stor3664-3534-4031-b039-346666393439/863502603d7170bbfa3fa98376eafd1d.png;http://carshine26.ru/sredstva-dlya-stekol/tproduct/211303512832-furys-glass-clash-spirtovoi-ochistitel-s
Полировальный пасты для ЛКП;Koch Chemie;KochChemie Высокоглянцевая антиголограммная полироль HochGlanz AntiHologramm Politur M2.01 250мл;1550;;нет;https://static.tildacdn.com/stor3434-6133-4034-b832-313038313132/236f3c0f8d6944a7c4363470b4f754c1.png;http://carshine26.ru/abrazivnye-pasty-dlya-lkp/tproduct/796782103812-kochchemie-visokoglyantsevaya-antigologr
Уход за резиной и пластиком;Koch Chemie;Koch Chemie GUMMIFIX SILICONOLFREI - Восстановление внешнего вида ковриков, педального блока (1л);1550;;нет;https://static.tildacdn.com/stor6437-6338-4539-a631-383665656563/fef3b2c5ed6ec8cbf81ce3262aed9bd3.png;http://carshine26.ru/ukhod-za-rezinoj-i-plastikom/tproduct/892459705302-koch-chemie-gummifix-siliconolfrei-vosst
Распрыскиватели и триггеры;Kwazar;Kwazar Распылитель ручной (синий) Merkury PRO+ (pH 3-8) 500 мл;1350;;нет;https://static.tildacdn.com/stor3965-3539-4661-b330-383437306266/29fa7edcd076c2e3287c3616bb240bd5.png;http://carshine26.ru/raspryskivateli-i-triggery/tproduct/519085055882-kwazar-raspilitel-ruchnoi-sinii-merkury
Распрыскиватели и триггеры;Kwazar;Kwazar Распылитель ручной (синий) Merkury PRO+ (pH 3-8) 1 л;1500;;нет;https://static.tildacdn.com/stor3963-6263-4138-a134-356464623036/5f26c59844186fc3cb09eb36055a64c4.png;http://carshine26.ru/raspryskivateli-i-triggery/tproduct/308054024112-kwazar-raspilitel-ruchnoi-sinii-merkury
prochee;Kwazar;Kwazar Mercury Super 360 Триггер pH 5-7, черный;750;;нет;https://static.tildacdn.com/stor3631-6166-4235-b932-623565343237/718bc40e4e2d3d80953a7a048d356a5e.jpg;http://carshine26.ru/tproduct/725399267112-kwazar-mercury-super-360-trigger-ph-5-7
Распрыскиватели и триггеры;Kwazar;Kwazar Mercury Super 360 Триггер pH 3-8, синий;800;;нет;https://static.tildacdn.com/stor6464-6531-4437-b962-643265356463/f68a4dbac2ebc672cef5e9186f3dd17b.jpg;http://carshine26.ru/raspryskivateli-i-triggery/tproduct/839226448722-kwazar-mercury-super-360-trigger-ph-3-8
Уход за винилом и пластиком;Detail;"Detail Спрей для быстрого ухода за всеми типами поверхностей QD ""Quick Detailer"" 1000 мл";510;;нет;https://static.tildacdn.com/stor3238-6162-4539-a133-656166356466/eb24999b2a64e9248d27e2c62555e315.png;http://carshine26.ru/ukhod-za-vinilom-i-plastikom/tproduct/314665003232-detail-sprei-dlya-bistrogo-uhoda-za-vsem
Антидождь;ViewOK;ViewОК Антидождь Lotus F 50 мл;2150;;нет;https://static.tildacdn.com/stor3039-3330-4139-b263-636362336661/ad051464a0acab2c1a0ba72d15fb47ac.png;http://carshine26.ru/antidozhd/tproduct/793307084662-viewok-antidozhd-lotus-f-50-ml
Средства для кожи;OOPSY;OOPSY Керамическая защита для кожи CRAZY 50 мл L01;2100;;нет;https://static.tildacdn.com/stor6533-3863-4836-a561-646330343731/1712b61b9e2e6ad1878ea3485bda283d.png;http://carshine26.ru/sredstva-dlya-kozhi/tproduct/927516613382-oopsy-keramicheskaya-zaschita-dlya-kozhi
Уход за винилом и пластиком;Shine Systems;Shine Systems AirLine FoamDetailer - универсальный очиститель, 400 мл;390;;нет;https://static.tildacdn.com/stor6132-6238-4764-b335-623665656230/287db58265862465a9cce1eb7386030e.png;http://carshine26.ru/ukhod-za-vinilom-i-plastikom/tproduct/135593542222-shine-systems-airline-foamdetailer-unive
Полировальные круги и пады;ZviZZer;Поролоновый полировальный круг 160-165/25/150мм Zvizzer Trapez - антиголограмный;750;ZV-TR00016025FC;нет;https://static.tildacdn.com/stor3938-6364-4732-b433-386431363535/0d09011f3051a89bf1458ea4646903e6.png;http://carshine26.ru/polirovalnye-krugi-i-pady/tproduct/116850717162-porolonovii-polirovalnii-krug-160-165251
Полировальные круги и пады;ZviZZer;Zvizzer Thermo Pads HEAVY 155-160/20/150мм, 1 шт. Полировальный термостойкий поролоновый зелёный круг жёсткий 22 kPa;1100;;нет;https://static.tildacdn.com/stor3831-3263-4534-b239-653135643731/48b2a75499d038fa1aab8e0e46cf4148.png;http://carshine26.ru/polirovalnye-krugi-i-pady/tproduct/814115033102-zvizzer-thermo-pads-heavy-155-16020150mm
Полировальные круги и пады;ZviZZer;Zvizzer Thermo Pads HEAVY 130-140/20/125мм, 1 шт. Полировальный термостойкий поролоновый зелёный круг жёсткий 22 kPa;750;;нет;https://static.tildacdn.com/stor6261-3738-4437-b062-306339363831/816efcc2f0d69ceafbfabebbb682101d.png;http://carshine26.ru/polirovalnye-krugi-i-pady/tproduct/543272958132-zvizzer-thermo-pads-heavy-130-14020125mm
Полировальные круги и пады;ZviZZer;Zvizzer Thermo Pads HEAVY 90/20/80мм, 1 шт. Полировальный термостойкий поролоновый зелёный круг жёсткий 22 kPa;450;;нет;https://static.tildacdn.com/stor3438-6263-4338-b766-393935613265/8228cb6b1791aed659d3d21d08636b1a.png;http://carshine26.ru/polirovalnye-krugi-i-pady/tproduct/298552395402-zvizzer-thermo-pads-heavy-902080mm-1-sht
Полировальные круги и пады;ZviZZer;Меховой круг Doodle WoolPad 155/25/155мм, черный;850;ZV-DP00015525HC;нет;https://static.tildacdn.com/stor6634-6661-4838-b837-663235303466/e7d1239a99dbea74f887c25b6b203433.png;http://carshine26.ru/polirovalnye-krugi-i-pady/tproduct/313504722692-mehovoi-krug-doodle-woolpad-15525155mm-c
Полировальные круги и пады;ZviZZer;ZviZZer Меховой круг твердый интерфейс (зеленый) THERMO WOOL 20 мм (DA) 150мм;1350;;нет;https://static.tildacdn.com/stor3435-3636-4538-b330-633565376665/d9614a513d001369a8c7990ef5de0fc3.png;http://carshine26.ru/polirovalnye-krugi-i-pady/tproduct/964536961542-zvizzer-mehovoi-krug-tverdii-interfeis-z
Полировальные круги и пады;ZviZZer;ZviZZer Гибридный круг мягкий интерфейс (черный) THERMO HYBRID 15 мм (DA) 140/15/125;800;ZV-TH00014015FC;нет;https://static.tildacdn.com/stor3334-3335-4764-b235-366565346661/91d186a8f333c8f8d11a8f47b4fc6c9e.png;http://carshine26.ru/polirovalnye-krugi-i-pady/tproduct/913189082522-zvizzer-gibridnii-krug-myagkii-interfeis
Средства для стекол;FURY'S;FURY'S Quick Glass Квик детейлер для стёкол и экранов, 500 мл;350;;нет;https://static.tildacdn.com/stor3339-3462-4234-b763-383831623439/2c437b565b81e62e25db3ae367d8ad6d.png;http://carshine26.ru/sredstva-dlya-stekol/tproduct/590466389732-furys-quick-glass-kvik-deteiler-dlya-sty
Ароматизаторы и автопарфюм;Foam Heroes;Foam Heroes Auramatica Фруктово-цветочный микс подвесной ароматизатор;175;;нет;https://static.tildacdn.com/stor3464-3562-4366-a537-653062386663/15aa10499ea0dbc6a28d6e3b64a47b04.png;http://carshine26.ru/aromatizatory-i-avtoparfyum/tproduct/264274105392-foam-heroes-auramatica-fruktovo-tsvetoch
Ароматизаторы и автопарфюм;Foam Heroes;Foam Heroes Auramatica Кола и лайм подвесной ароматизатор;175;;нет;https://static.tildacdn.com/stor3961-3666-4334-a139-373938313133/76cfdc09037eac48121ab1b921343b5d.png;http://carshine26.ru/aromatizatory-i-avtoparfyum/tproduct/290209965332-foam-heroes-auramatica-kola-i-laim-podve
Ароматизаторы и автопарфюм;Foam Heroes;Foam Heroes Auramatica Ванильный леденец подвесной ароматизатор;175;;нет;https://static.tildacdn.com/stor6239-3935-4636-b964-353863343630/294b3b2fb9ced27841054047a199d6ae.png;http://carshine26.ru/aromatizatory-i-avtoparfyum/tproduct/715210854502-foam-heroes-auramatica-vanilnii-ledenets
Ароматизаторы и автопарфюм;Foam Heroes;Foam Heroes Auramatica Сочная гуава подвесной ароматизатор;175;;нет;https://static.tildacdn.com/stor3462-3036-4265-b830-623062373536/b351746f3dcf63f7c3905399ef4585ac.png;http://carshine26.ru/aromatizatory-i-avtoparfyum/tproduct/694109108452-foam-heroes-auramatica-sochnaya-guava-po
Ароматизаторы и автопарфюм;Foam Heroes;Foam Heroes Auramatica Терпкий грейпфрут подвесной ароматизатор;175;;нет;https://static.tildacdn.com/stor6432-3030-4166-b763-376638343965/513897d1e66ff4e90add9be88d326d51.png;http://carshine26.ru/aromatizatory-i-avtoparfyum/tproduct/887140934492-foam-heroes-auramatica-terpkii-greipfrut
Ароматизаторы и автопарфюм;Foam Heroes;Foam Heroes Auramatica Мандарин и карамельный базилик подвесной ароматизатор;175;;нет;https://static.tildacdn.com/stor6233-6234-4139-b230-623734633466/7a4ed692c0e0b176905abbae07c6d16a.png;http://carshine26.ru/aromatizatory-i-avtoparfyum/tproduct/634013638232-foam-heroes-auramatica-mandarin-i-karame
Ароматизаторы и автопарфюм;Foam Heroes;Foam Heroes Auramatica Манго и маракуйя подвесной ароматизатор;175;;нет;https://static.tildacdn.com/stor3334-6336-4639-a561-653330326233/ddb0736ce816247ccda1e7cc2f525b4f.png;http://carshine26.ru/aromatizatory-i-avtoparfyum/tproduct/973240790712-foam-heroes-auramatica-mango-i-marakuiya
Ароматизаторы и автопарфюм;Foam Heroes;Foam Heroes Auramatica Мятный баблгам подвесной ароматизатор;175;;нет;https://static.tildacdn.com/stor6231-6333-4438-b533-333535396666/7ae0f96b89189d494edb563356c8248e.png;http://carshine26.ru/aromatizatory-i-avtoparfyum/tproduct/460170998992-foam-heroes-auramatica-myatnii-bablgam-p
Другое оборудование;OOPSY;OOPSY FG1 Пеноинжектор с бутылкой HdPE 100мл;3050;;нет;https://static.tildacdn.com/stor3631-6665-4262-b864-323561363066/c6b504710b87cbf6b53934860d09a9eb.png;http://carshine26.ru/drugoe-oborudovanye/tproduct/902827193552-oopsy-fg1-penoinzhektor-s-butilkoi-hdpe
Распрыскиватели и триггеры;IK Goizper;IK Goizper Распылитель для щелочей и кислот MULTI TR1 1 л;1850;;нет;https://static.tildacdn.com/stor3734-3037-4336-b331-363861376462/bc6e25b3e70785a2ed87d367e6cdf490.png;http://carshine26.ru/raspryskivateli-i-triggery/tproduct/302977943922-ik-goizper-raspilitel-dlya-schelochei-i
Распрыскиватели и триггеры;IK Goizper;IK Goizper Распылитель MULTI TR 360 MINI 0,6 л;1650;;нет;https://static.tildacdn.com/stor3833-6136-4562-b934-323836343463/d1c286a5c4861c3873c918442c505b9f.png;http://carshine26.ru/raspryskivateli-i-triggery/tproduct/137872641512-ik-goizper-raspilitel-multi-tr-360-mini
prochee;Shine Systems;Shine Systems RustOFF - преобразователь ржавчины с цинком, 750 мл;390;;нет;https://static.tildacdn.com/stor3161-6632-4639-b964-383363616362/11407d0a2caa0cde40e39d3b3f08f2aa.jpg;http://carshine26.ru/tproduct/896993232242-shine-systems-rustoff-preobrazovatel-rzh
Долговременная защита кузова;FIREBALL;FIREBALL RAPTOR [NEW 2026] - Керамическое покрытие для дисков и внешнего пластика 35мл;3590;;нет;https://static.tildacdn.com/stor6565-3239-4061-b462-663165353932/550243dca3826bb6eddd1184efaec716.png;http://carshine26.ru/dolgovremennaya-zasshita-kuzova/tproduct/606873893622-fireball-raptor-new-2026-keramicheskoe-p
Долговременная защита кузова;FIREBALL;FIREBALL HERA [NEW 2026] - Керамическое покрытие 30мл;4730;;нет;https://static.tildacdn.com/stor6530-3031-4338-b634-613132656365/b0cfc80a0bf413d1ebba7a053880dbe2.png;http://carshine26.ru/dolgovremennaya-zasshita-kuzova/tproduct/242156579332-fireball-hera-new-2026-keramicheskoe-pok
Долговременная защита кузова;FIREBALL;FIREBALL NANO COAT v.3, 50мл - Керамическое покрытие для всех поверхностей;2820;;нет;https://static.tildacdn.com/stor3630-6631-4064-b138-373538663536/2c168aacf3a738a2192f5dd4db7142e3.png;http://carshine26.ru/dolgovremennaya-zasshita-kuzova/tproduct/954981884372-fireball-nano-coat-v3-50ml-keramicheskoe
Полировальные круги и пады;Prisys;150 мм - Круг полировальный крученая шерсть (натуральная витая овчина) Prisys 4 PLY Cupped Twisted;1790;;нет;https://static.tildacdn.com/stor6136-3330-4333-b064-383738343330/222c348e27f2a583ed946bf469b94dac.png;http://carshine26.ru/polirovalnye-krugi-i-pady/tproduct/563880089072-150-mm-krug-polirovalnii-kruchenaya-sher
Полировальные круги и пады;Prisys;125 мм - Круг полировальный крученая шерсть (натуральная витая овчина) Prisys 4 PLY Cupped Twisted;990;;нет;https://static.tildacdn.com/stor6433-3965-4539-b232-636462353030/90e2414b037c825b357babf482873df8.png;http://carshine26.ru/polirovalnye-krugi-i-pady/tproduct/664209812712-125-mm-krug-polirovalnii-kruchenaya-sher
Другое оборудование;Prisys;Prisys Eraser Pad Диск для снятия скотча с адаптером 88*15 мм;990;;нет;https://static.tildacdn.com/stor3961-3138-4462-b663-303964306432/6c7012d821c0f28a5080e04f43fc779a.png;http://carshine26.ru/drugoe-oborudovanye/tproduct/784764239072-prisys-eraser-pad-disk-dlya-snyatiya-sko
Средства индивидуальной защиты;Jeta Pro;Ультрапрочные нескользящие нитриловые перчатки NATRIX Jeta Pro XL;890;;нет;https://static.tildacdn.com/stor6239-3161-4966-a237-366430373435/06ddf8a08a8b1e4d9a12b52b283d56b8.png;http://carshine26.ru/sredstva-individualnoj-zasshity/tproduct/183642103902-ultraprochnie-neskolzyaschie-nitrilovie
Средства индивидуальной защиты;Jeta Pro;Ультрапрочные нескользящие нитриловые перчатки NATRIX Jeta Pro L;890;;нет;https://static.tildacdn.com/stor3865-3034-4862-b138-323236653538/1b504368344b5c99a92792343fe5b1e4.png;http://carshine26.ru/sredstva-individualnoj-zasshity/tproduct/872171361782-ultraprochnie-neskolzyaschie-nitrilovie
Средства индивидуальной защиты;Jeta Pro;Ультрапрочные нескользящие нитриловые перчатки NATRIX Jeta Pro M;890;;нет;https://static.tildacdn.com/stor3865-3034-4862-b138-323236653538/1b504368344b5c99a92792343fe5b1e4.png;http://carshine26.ru/sredstva-individualnoj-zasshity/tproduct/222737361872-ultraprochnie-neskolzyaschie-nitrilovie
Очистители моторного отсека;Vintexx;Vonixx Кислотный очиститель Vintex Alumax 5 л;8250;;нет;https://static.tildacdn.com/stor3732-6161-4638-a366-653766663862/4dea2b5995ac9ce93a26cdadcc8fa151.png;http://carshine26.ru/ochestiteli-motornogo-otseka/tproduct/397251443162-vonixx-kislotnii-ochistitel-vintex-aluma
Долговременная защита кузова;Vintexx;Vonixx Легкое антикоррозийное средство Vintex Pulviflex 1,5 л;2250;;нет;https://static.tildacdn.com/stor6235-3331-4334-b636-386338646663/df8d090729f5f33b97fd021ea9b1656d.png;http://carshine26.ru/dolgovremennaya-zasshita-kuzova/tproduct/636290156892-vonixx-legkoe-antikorroziinoe-sredstvo-v
Бесконтактные шампуни;FURY'S;FURY'S The Big One Бесконтактный шампунь, 2 л;890;;нет;https://static.tildacdn.com/stor3864-3738-4935-a365-633436653233/edcc07aa8d0150c80d49be7556623082.png;http://carshine26.ru/beskontaktnye-shampuny/tproduct/648440011602-furys-the-big-one-beskontaktnii-shampun
Полировальный пасты для ЛКП;Koch Chemie;Koch Chemie Высокоглянцевая антиголограммная паста Micro Cut M2.02 250 мл;1700;;нет;https://static.tildacdn.com/stor6138-3533-4630-b737-343665613465/9b3824a7505f28676e1ba6c5501d548c.png;http://carshine26.ru/abrazivnye-pasty-dlya-lkp/tproduct/596384787652-koch-chemie-visokoglyantsevaya-antigolog
Долговременная защита кузова;IGL;Антикоррозийное покрытие для днища IGL Aegis 1 кг + отвердитель;35900;;нет;https://static.tildacdn.com/stor3135-3666-4235-b532-386137336465/d526ae65e7730d782012d8c5e3dafc33.png;http://carshine26.ru/dolgovremennaya-zasshita-kuzova/tproduct/807736559462-antikorroziinoe-pokritie-dlya-dnischa-ig
Уход за винилом и пластиком;Leraton;Очиститель-полироль пластика LERATON P1 RASPBERRY SMOOTHIE 473 мл;450;;нет;https://static.tildacdn.com/stor6163-6631-4637-b036-616537373830/93c68cf613a2386523042d9207924be7.png;http://carshine26.ru/ukhod-za-vinilom-i-plastikom/tproduct/165429462842-ochistitel-polirol-plastika-leraton-p1-r
Уход за винилом и пластиком;Leraton;Очиститель-кондиционер пластика LERATON P7 PLASTIC ANGEL PINEAPPLE VANILLA 473 мл;570;;нет;https://static.tildacdn.com/stor3963-3935-4561-a362-313636626666/6d5a4c7accbeacd0269c7117a81f6fe4.png;http://carshine26.ru/ukhod-za-vinilom-i-plastikom/tproduct/356605859652-ochistitel-konditsioner-plastika-leraton
Уход за резиной и пластиком;;Кондиционер шин и резиновых изделий (полуглянцевый) LERATON P4 SATIN 473 мл;750;;нет;https://static.tildacdn.com/stor3735-6430-4435-a632-646263366433/4f4f5d1a9dd35bd324459025e1702d8c.png;http://carshine26.ru/ukhod-za-rezinoj-i-plastikom/tproduct/673126235652-konditsioner-shin-i-rezinovih-izdelii-po
Губки, аппликаторы, рукавицы;Smart Open;SMART OPEN АППЛИКАТОР поролоновый, в форме полумесяца, фиолетовый, для нанесения составов на шины;190;;нет;https://static.tildacdn.com/stor3433-3264-4133-b965-363333336662/85793949933f348d220a6b2543864bcb.png;http://carshine26.ru/gubki-applikatory-rukavicy/tproduct/355464611142-smart-open-applikator-porolonovii-v-form
Очистители моторного отсека;Smart Open;Smart Open Motor Protector - высокостойкий консервант двигателя 0,25 л;300;;нет;https://static.tildacdn.com/stor6630-3434-4937-a530-373132653763/0318291e1f1faa0919ba0844cd7d9f04.png;http://carshine26.ru/ochestiteli-motornogo-otseka/tproduct/545917926692-smart-open-motor-protector-visokostoikii
Средства для кожи;GYEON;GYEON Керамическое кварцевое покрытие для защиты кожи Q2 Leather Shield 50 мл;5545;;нет;https://static.tildacdn.com/stor6663-3438-4438-b630-633332373965/27f860451cfdaf4adabc493df085461b.png;http://carshine26.ru/sredstva-dlya-kozhi/tproduct/258021871382-gyeon-keramicheskoe-kvartsevoe-pokritie
Бесконтактные шампуни;Foam Heroes;Foam Heroes Foam Buddy шампунь для бесконтактной мойки автомобиля, 500мл;395;;нет;https://static.tildacdn.com/stor3035-3630-4138-b631-303462656432/3cdec15d3ccc5fc39e98d6489f519d43.png;http://carshine26.ru/beskontaktnye-shampuny/tproduct/683227987462-foam-heroes-foam-buddy-shampun-dlya-besk
Очистители дисков, резины и хрома;Foam Heroes;Foam Heroes Power Wheels высокоэффективный очиститель шин и дисков, 500мл;445;;нет;https://static.tildacdn.com/stor3861-3435-4037-b530-383763663434/161a90d3ac42ce8bc1c9adfcba21716e.png;http://carshine26.ru/ochestiteli-diskov-reziny-chroma/tproduct/637814155642-foam-heroes-power-wheels-visokoeffektivn
Губки, аппликаторы, рукавицы;Foam Heroes;Foam Heroes Scrub Applicator XL аппликатор для глубокой очистки стекол, 8х5х3,7см;175;;нет;https://static.tildacdn.com/stor3833-6531-4537-b037-323837336232/cadbf955ceedf0f3fe1942e371c584dd.png;http://carshine26.ru/gubki-applikatory-rukavicy/tproduct/977481272492-foam-heroes-scrub-applicator-xl-applikat
Щетки и кисти;Foam Heroes;Foam Heroes Tweaks Detailing Brushes набор кисточек с косметическим ворсом (2шт);1295;;нет;https://static.tildacdn.com/stor3639-3765-4162-b033-346632656135/076a14dd54086db82c9ac4729de5f5be.png;http://carshine26.ru/sshetki-i-kisti/tproduct/324467834082-foam-heroes-tweaks-detailing-brushes-nab
Очистители дисков, резины и хрома;Foam Heroes;Foam Heroes Pure Wheels концентрированный очиститель шин и дисков, 5л;2495;;нет;https://static.tildacdn.com/stor3635-3335-4232-b764-346666303964/4ed035ba4d8fdd8fce7b934f285d58e0.png;http://carshine26.ru/ochestiteli-diskov-reziny-chroma/tproduct/522572638382-foam-heroes-pure-wheels-kontsentrirovann
Другое оборудование;Foam Heroes;Foam Heroes Minigun всасывающая трубка с металлическим наконечником;295;;нет;https://static.tildacdn.com/stor6666-6236-4532-b231-656662616663/0fcd43c7cf2ce3ad29f50c3afa2bc207.png;http://carshine26.ru/drugoe-oborudovanye/tproduct/535240265362-foam-heroes-minigun-vsasivayuschaya-trub
Ароматизаторы и автопарфюм;EIKOSHA;Меловой ароматизатор OSMANTHUS - SPIRIT REFILL Air Spencer A-111, Eikosha;950;;нет;https://static.tildacdn.com/stor3663-6531-4131-a335-353835383331/f22a12f736ed45e3b30f7629ced67c98.png;http://carshine26.ru/aromatizatory-i-avtoparfyum/tproduct/400294456352-melovoi-aromatizator-osmanthus-spirit-re
Ароматизаторы и автопарфюм;EIKOSHA;Eikosha (A-110) Ароматизатор меловой SPIRIT REFILL - PEAR FREESIA;950;;нет;https://static.tildacdn.com/stor3936-3333-4762-b163-353536333865/fed622fa0b628cd740ca53765c3830d4.png;http://carshine26.ru/aromatizatory-i-avtoparfyum/tproduct/214196841722-eikosha-a-110-aromatizator-melovoi-spiri
Ароматизаторы и автопарфюм;EIKOSHA;Eikosha (A-101) Ароматизатор меловой SPIRIT REFILL - BRIGHT MUSK;950;;нет;https://static.tildacdn.com/stor3732-3338-4639-b435-663232626363/8244534c9bd32e7cdb79765d57f0363a.png;http://carshine26.ru/aromatizatory-i-avtoparfyum/tproduct/194970202702-eikosha-a-101-aromatizator-melovoi-spiri
Ароматизаторы и автопарфюм;EIKOSHA;Eikosha (A-70) Ароматизатор меловой SPIRIT REFILL - RELAX SHAMPOO;950;;нет;https://static.tildacdn.com/stor3737-3233-4236-b762-333665313765/86e9eb608ffceac298c3a04ca1ca5aa3.png;http://carshine26.ru/aromatizatory-i-avtoparfyum/tproduct/210085552102-eikosha-a-70-aromatizator-melovoi-spirit
Шампуни для ручной мойки;Shine Systems;Shine Systems Orange Bomb Shampoo – автошампунь для ручной мойки, 750мл;250;;нет;https://static.tildacdn.com/stor6338-3631-4830-b432-303633383433/14e51387d0b5858675653e07ced11c2f.png;http://carshine26.ru/shampuny-ruchnoy-moyki/tproduct/536166349302-shine-systems-orange-bomb-shampoo-avtosh
Шампуни для ручной мойки;Shine Systems;Shine Systems DuchessBomb Shampoo автошампунь для ручной мойки, 750мл;250;;нет;https://static.tildacdn.com/stor3637-3764-4564-b263-633637363439/ec49578cb27cfa7b4e80e69a388309d0.png;http://carshine26.ru/shampuny-ruchnoy-moyki/tproduct/682026844402-shine-systems-duchessbomb-shampoo-avtosh
Полировальные машинки;MaxShine;Роторная полировальная машинка MaxShine M550, подложка 75 мм, 550 Вт;15600;;нет;https://static.tildacdn.com/stor3432-3035-4639-a338-653865303665/0bbb7dec898a34d75954c97f08713c2a.png;http://carshine26.ru/polirovalnye-mashinki/tproduct/295092006112-rotornaya-polirovalnaya-mashinka-maxshin
Турбосушки,торнадоры,озонаторы и запчасти к ним;DELIXI;Пистолет Продувочный DELIXI Electric 110мм;400;;нет;https://static.tildacdn.com/stor6338-6132-4835-a634-363137633034/49e9c475e7a6399d7fe0416789361ca2.png;http://carshine26.ru/turbosushki-tornadory-ozonatory/tproduct/124969559222-pistolet-produvochnii-delixi-electric-11
Щетки и кисти;MaxShine;Щетка для чистки шин жесткая, обрезиненная ручка MaxShine, 22*6*1,2 см, щетина ПП;770;7011031.0;нет;https://static.tildacdn.com/stor3437-3661-4233-b061-663937363964/982bc4e5e85dd3a6ecc39d3cbc45942c.png;http://carshine26.ru/sshetki-i-kisti/tproduct/626954695972-schetka-dlya-chistki-shin-zhestkaya-obre
Осушители кузова (воски);Foam Heroes;Foam Heroes Mad Drops быстрое гидрофобное покрытие для ЛКП древесно-фруктовый, 500мл;795;;нет;https://static.tildacdn.com/stor3464-3333-4635-a634-656461643762/68b4b96358cb2b6a63fb75ed0c1ec38f.png;http://carshine26.ru/osushiteli-kuzova/tproduct/932994990342-foam-heroes-mad-drops-bistroe-gidrofobno
Очистители дисков, резины и хрома;Foam Heroes;Foam Heroes Power Wheels высокоэффективный очиститель шин и дисков, 5л;2295;;нет;https://static.tildacdn.com/stor3762-3132-4566-b062-313364363266/20a56968d6128d16ee26200cba3f2057.png;http://carshine26.ru/ochestiteli-diskov-reziny-chroma/tproduct/566598018212-foam-heroes-power-wheels-visokoeffektivn
Составы для полировки;;Foam Heroes Easy Prep очиститель-обезжириватель на спиртовой основе, 5л;2295;;нет;https://static.tildacdn.com/stor3132-6362-4039-b339-616132393830/6c07b63eff1a79f9d15b2b5a56dafe77.png;http://carshine26.ru/sostavy-dlya-polirovki/tproduct/458240417262-foam-heroes-easy-prep-ochistitel-obezzhi
Шампуни для ручной мойки;Foam Heroes;Foam Heroes Acid Shock кислотный шампунь для ручной мойки автомобиля, 5л;2995;;нет;https://static.tildacdn.com/stor3561-6235-4563-a665-303830383132/7f4dac6d5dfa11f1d880899d970d5a12.png;http://carshine26.ru/shampuny-ruchnoy-moyki/tproduct/262036908182-foam-heroes-acid-shock-kislotnii-shampun
Шампуни для ручной мойки;Foam Heroes;Foam Heroes Acid Citrus кислотный шампунь для ручной мойки автомобиля, 5л;2495;;нет;https://static.tildacdn.com/stor3439-6236-4764-b038-303361653664/860db3508102a720afe64683718d065c.png;http://carshine26.ru/shampuny-ruchnoy-moyki/tproduct/529360623842-foam-heroes-acid-citrus-kislotnii-shampu
Щетки и кисти;Leraton;Щетка из щетины кабана средняя LERATON BOAR BRISTLE BRUSH M BR5;310;;нет;https://static.tildacdn.com/stor3166-3330-4365-b136-323161366565/70d80624eb9ece9d6da1dde1b5fed762.png;http://carshine26.ru/sshetki-i-kisti/tproduct/400702280662-schetka-iz-schetini-kabana-srednyaya-ler
Щетки и кисти;Smart Open;Smart Open Щетка для чернения шин круглая с искусственным ворсом в боксе;410;;нет;https://static.tildacdn.com/stor3931-3164-4036-a330-333366303566/a58889afe2bc4244e397c017dae6e628.png;http://carshine26.ru/sshetki-i-kisti/tproduct/787847971992-smart-open-schetka-dlya-cherneniya-shin
Ароматизаторы и автопарфюм;EIKOSHA;"EIKOSHA Ароматизатор на дефлектор GIGA GX - ""CUCINI""";1450;;нет;https://static.tildacdn.com/stor3765-3864-4464-b632-653330653434/033c1be5244db2efa819854eedbd8637.png;http://carshine26.ru/aromatizatory-i-avtoparfyum/tproduct/128175859172-eikosha-aromatizator-na-deflektor-giga-g
Дымовые шашки и аэрозоли;Meguiar's;Meguiar’s Trigger Air Re-Fresher Black Chrome;1770;;нет;https://static.tildacdn.com/stor6438-3664-4831-b938-333933396134/4ceb1e503664f4f26587d07de973e763.png;http://carshine26.ru/dymovye-shashki/tproduct/322036016722-meguiars-trigger-air-re-fresher-black-ch
Уход за резиной и пластиком;OOPSY;Чернитель шин OOPSY Tire Shine 500мл;1950;;нет;https://static.tildacdn.com/stor6562-3139-4965-b066-383563666262/32b9e780f2ef08bfdad1460ee01d17a5.png;http://carshine26.ru/ukhod-za-rezinoj-i-plastikom/tproduct/971388262412-chernitel-shin-oopsy-tire-shine-500ml
Уход за винилом и пластиком;OOPSY;Матовый воск для уходя за интерьером авто OOPSY Interior Wax 500мл;1350;;нет;https://static.tildacdn.com/stor3036-3233-4831-a165-356131373432/1d2e004f0c49cd8e62b82ac2460ba102.png;http://carshine26.ru/ukhod-za-vinilom-i-plastikom/tproduct/368065439752-matovii-vosk-dlya-uhodya-za-intererom-av
Осушители кузова (воски);OOPSY;Экспресс средство для усиления водоотталкивающих свойств OOPSY Wet Coat 500мл;1350;;нет;https://static.tildacdn.com/stor3165-3065-4364-b532-396463303164/04b35f8b9eb6131289cc0561057e8500.png;http://carshine26.ru/osushiteli-kuzova/tproduct/830300608362-ekspress-sredstvo-dlya-usileniya-vodoott
Губки, аппликаторы, рукавицы;OOPSY;Моющая губка для бережной мойки авто OOPSY Wash Pad;590;;нет;https://static.tildacdn.com/stor3037-3462-4034-b130-613730376333/f5013153394508b4b95d8a6e2d0adc43.png;http://carshine26.ru/gubki-applikatory-rukavicy/tproduct/813763013512-moyuschaya-gubka-dlya-berezhnoi-moiki-av
Уход за винилом и пластиком;Shine Systems;Спрей-очиститель для быстрого ухода Shine Systems QuickDetailer Fresh 200мл;140;;нет;https://static.tildacdn.com/stor3664-3039-4234-b236-386332316233/5d0b20b6dbb92de8e22b9c2bba32c07a.png;http://carshine26.ru/ukhod-za-vinilom-i-plastikom/tproduct/186799820912-sprei-ochistitel-dlya-bistrogo-uhoda-shi
Уход за винилом и пластиком;Shine Systems;Shine Systems QuickDetailer Banana - спрей-очиститель для быстрого ухода, 200 мл;140;;нет;https://static.tildacdn.com/stor3930-3136-4365-b231-626332333234/6a199f93a72eb605b50c8088c5eba582.png;http://carshine26.ru/ukhod-za-vinilom-i-plastikom/tproduct/152336471422-shine-systems-quickdetailer-banana-sprei
Средства общей химчистки;Shine Systems;Shine Systems InteriorCleaner - универсальное средство для химчистки, 200 мл;190;;нет;https://static.tildacdn.com/stor3265-3835-4035-b564-613033663837/f6ab7a510df26a6ac9e1a2924e28df40.png;http://carshine26.ru/sredstva-obsshej-khimchistki/tproduct/840788656312-shine-systems-interiorcleaner-universaln
Средства общей химчистки;Shine Systems;Shine Systems SoftCleaner - нейтральное средство для химчистки с кондиционером, 200 мл;190;;нет;https://static.tildacdn.com/stor6238-6164-4833-b134-396632363233/66eaf9d7ada01ebd0d1cd7fcedbc0f7e.png;http://carshine26.ru/sredstva-obsshej-khimchistki/tproduct/491421109402-shine-systems-softcleaner-neitralnoe-sre
Осушители кузова (воски);Smart Open;Smart Open Быстрый гидрофобный состав (готов к применению) Quartz Energy 500 мл;680;;нет;https://static.tildacdn.com/stor6133-6663-4163-b765-376636653530/568766d2a910150b8b64d907b0e6d4e5.png;http://carshine26.ru/osushiteli-kuzova/tproduct/347164753852-smart-open-bistrii-gidrofobnii-sostav-go
Бутылки, емкости, ведра;FIREBALL;FIREBALL Бутылка пустая для EASY COAT Extra 500мл;350;;нет;https://static.tildacdn.com/stor3964-3730-4766-a165-643738336638/8d620e99ba9ec7b5e7e58fbb1c861974.png;http://carshine26.ru/butylki-emkosti-vedra/tproduct/589687718272-fireball-butilka-pustaya-dlya-easy-coat
Бутылки, емкости, ведра;;FIREBALL Бутылка пустая химстойкая черная 500мл;;;нет;https://static.tildacdn.com/stor3436-3935-4663-b964-346263633366/d96377be780c445c9dec2a1e3e83a035.png;http://carshine26.ru/butylki-emkosti-vedra/tproduct/147945715462-fireball-butilka-pustaya-himstoikaya-che
Плёнка и инструменты;Vikan;Vikan Сгон для воды 25 см 707752;1600;;нет;https://static.tildacdn.com/stor3664-3533-4365-b339-623439333534/8d90be6005ad1915fcfa075d6f3be4e7.png;http://carshine26.ru/plenka-i-instrumenti/tproduct/258052087752-vikan-sgon-dlya-vodi-25-sm-707752
Плёнка и инструменты;Vikan;Vikan Сгон для воды 35 см 707852;2600;;нет;https://static.tildacdn.com/stor3564-3934-4637-b434-623131333431/33aff517329c7e100e560e731a098587.png;http://carshine26.ru/plenka-i-instrumenti/tproduct/154084570972-vikan-sgon-dlya-vodi-35-sm-707852
Щетки и кисти;;Щетка для мойки алюминиевых (легкосплавных) колесных дисков Vikan 525252 320mm;1550;;нет;https://static.tildacdn.com/stor6166-3230-4832-a664-323333656164/6fb9ae9b654370742e7f013fdd124b17.png;http://carshine26.ru/sshetki-i-kisti/tproduct/318356958352-schetka-dlya-moiki-alyuminievih-legkospl
Распрыскиватели и триггеры;Kwazar;Kwazar Распылитель компрессионный Venus Super PRO+ (pH 3-8) 1 л;4000;;нет;https://static.tildacdn.com/stor6338-3138-4630-a631-306232616433/67e0c92b9c704d20c6e4cd469a35770f.png;http://carshine26.ru/raspryskivateli-i-triggery/tproduct/131909892282-kwazar-raspilitel-kompressionnii-venus-s
Протирочный материал;DetailingBoom;Detailing Boom Полотенце из микрофибры.Цвет желтый.Плотность 400GSM 40/40;100;;нет;https://static.tildacdn.com/stor3637-3739-4531-a330-373038333664/b799c722d32313e2f949e35a4912d462.png;http://carshine26.ru/protirochnyj-material/tproduct/321447658142-detailing-boom-polotentse-iz-mikrofibrit
Протирочный материал;DetailingBoom;Detailing Boom Полотенце из микрофибры.Цвет серый.Плотность 400GSM 40/40;100;;нет;https://static.tildacdn.com/stor3932-3561-4638-b433-633435326139/97ddbd0fedbf9eccfd26e0e6711c2d20.png;http://carshine26.ru/protirochnyj-material/tproduct/613611794942-detailing-boom-polotentse-iz-mikrofibrit
Протирочный материал;DetailingBoom;Detailing Boom Полотенце из микрофибры.Цвет синий.Плотность 400GSM 40/40;100;;нет;https://static.tildacdn.com/stor6332-3733-4238-b938-376534336639/b6be9a6752bf375fdd1492ba8ceb1046.png;http://carshine26.ru/protirochnyj-material/tproduct/946132485952-detailing-boom-polotentse-iz-mikrofibrit
Средства общей химчистки;Foam Heroes;Foam Heroes Pure Fiber низкопенный шампунь для стирки микрофибры, 5л;2495;;нет;https://static.tildacdn.com/stor3463-3137-4232-b362-353662316332/66e2e0c28afbad6a16b0bb28e8c65c89.png;http://carshine26.ru/sredstva-obsshej-khimchistki/tproduct/157239823992-foam-heroes-pure-fiber-nizkopennii-shamp
Уход за резиной и пластиком;Foam Heroes;Foam Heroes Total Eclipse консервант элементов наружного неокрашенного пластика, 100мл;395;;нет;https://static.tildacdn.com/stor6161-3362-4437-a166-326238363661/0ac82e5e9a6d289fd1dc39d4bbb2929c.png;http://carshine26.ru/ukhod-za-rezinoj-i-plastikom/tproduct/376935872582-foam-heroes-total-eclipse-konservant-ele
Бесконтактные шампуни;Foam Heroes;Foam Heroes Foam Buddy шампунь для бесконтактной мойки автомобиля, 5л;2495;;нет;https://static.tildacdn.com/stor6161-6265-4462-a133-326434353932/921984b3f5039c4a0bf93ca9d74529d6.png;http://carshine26.ru/beskontaktnye-shampuny/tproduct/751168891362-foam-heroes-foam-buddy-shampun-dlya-besk
Осушители кузова (воски);Foam Heroes;Foam Heroes Mad Drops быстрое гидрофобное покрытие для ЛКП древесно-фруктовый, 5л;4995;;нет;https://static.tildacdn.com/stor3462-6136-4236-a336-333539613661/24a381a19af376dc298048daa662a6b0.png;http://carshine26.ru/osushiteli-kuzova/tproduct/537460153812-foam-heroes-mad-drops-bistroe-gidrofobno
Другое оборудование;AuTech;"Autech Профессиональный светодиодный прожектор 800 лм. CRI&gt;95";4400;;нет;https://static.tildacdn.com/stor3465-6137-4832-a237-303138343334/5cb96401f2f1e7e7ea4b8a518192787b.png;http://carshine26.ru/drugoe-oborudovanye/tproduct/597843887352-autech-professionalnii-svetodiodnii-proz
Другое оборудование;AuTech;"Autech Профессиональный светодиодный фонарь 450 лм. CRI&gt;95";4200;;нет;https://static.tildacdn.com/stor6631-3832-4262-b264-633533613932/ad41b183dae86312f463d75cac57a026.png;http://carshine26.ru/drugoe-oborudovanye/tproduct/246113949582-autech-professionalnii-svetodiodnii-fona
Щетки и кисти;Smart Open;Щетка для салона с мягким ворсом из конского волоса, Smart Open;800;;нет;https://static.tildacdn.com/stor6430-3563-4931-b738-613766613065/fb16b520cc21c746303f9ba259e1ca3d.png;http://carshine26.ru/sshetki-i-kisti/tproduct/483391465352-schetka-dlya-salona-s-myagkim-vorsom-iz
Щетки и кисти;Smart Open;Щетка для чистки покрышек прорезиненная с серым ворсом Smart Open;550;;нет;https://static.tildacdn.com/stor6231-6161-4462-b664-393066336162/738a881ba43441539ce0b1b9dad55a20.png;http://carshine26.ru/sshetki-i-kisti/tproduct/177027385842-schetka-dlya-chistki-pokrishek-prorezine
Ароматизаторы и автопарфюм;Smart Open;Нейтрализатор запаха SMART OPEN DONNA NIGHT 45 (0,25л);350;;нет;https://static.tildacdn.com/stor3033-3137-4331-b461-366234666635/ee606205c925d202b4f5b8c7b2961104.png;http://carshine26.ru/aromatizatory-i-avtoparfyum/tproduct/267661149792-neitralizator-zapaha-smart-open-donna-ni
Плёнка и инструменты;CarShine;Сменные лезвия Керамика;900;;нет;https://static.tildacdn.com/stor6134-3138-4533-b564-383462616261/e42a9f0110e04eadf0e5d02b49896b5b.png;http://carshine26.ru/plenka-i-instrumenti/tproduct/577935419682-smennie-lezviya-keramika
Плёнка и инструменты;CarShine;Нож улитка;300;;нет;https://static.tildacdn.com/stor3761-3064-4934-a330-346666376538/e10becf7280551793a4a79be24cc3bdd.png;http://carshine26.ru/plenka-i-instrumenti/tproduct/666677292442-nozh-ulitka
Плёнка и инструменты;TAJIMA;Нож TAJIMA 320 9мм 30° с металлическими направляющими;800;;нет;https://static.tildacdn.com/stor6139-6636-4563-b732-316338663361/8222eb5e192f5c4531e00c9b80c1f692.png;http://carshine26.ru/plenka-i-instrumenti/tproduct/293892359892-nozh-tajima-320-9mm-30-s-metallicheskimi
Плёнка и инструменты;TAJIMA;Лезвия Tajima 30 градусов;450;;нет;https://static.tildacdn.com/stor3962-6237-4636-a337-613862613032/f6ddc355177aa618bdcff8adc34fffd1.png;http://carshine26.ru/plenka-i-instrumenti/tproduct/793782564362-lezviya-tajima-30-gradusov
Плёнка и инструменты;TAJIMA;Лезвия TAJIMA CB-39RB, 9 мм, обламывающиеся с покрытием, 10 шт;900;;нет;https://static.tildacdn.com/stor3332-3263-4739-b835-623263376666/e07c2851c4448b6036e23ab86eeee2b0.png;http://carshine26.ru/plenka-i-instrumenti/tproduct/797281620732-lezviya-tajima-cb-39rb-9-mm-oblamivayusc
Плёнка и инструменты;CarShine;Чизлер синий мягкий;150;;нет;https://static.tildacdn.com/stor6230-3439-4763-b831-363861343238/52e3a429a5e865bc6eabcf42f95aed1d.png;http://carshine26.ru/plenka-i-instrumenti/tproduct/174227611292-chizler-sinii-myagkii
Плёнка и инструменты;CarShine;Набор выгонок для PPF с магнитом;1500;;нет;https://static.tildacdn.com/stor3562-6363-4166-b364-343433393837/e5da580d9e2b76a551399f6b7a977aa2.png;http://carshine26.ru/plenka-i-instrumenti/tproduct/436765632952-nabor-vigonok-dlya-ppf-s-magnitom
Плёнка и инструменты;CarShine;Набор выгонок для PPF без магнитов;1600;;нет;https://static.tildacdn.com/stor3934-6465-4662-b331-373065366131/675d18fc007604736897aaf42a30a57c.png;http://carshine26.ru/plenka-i-instrumenti/tproduct/916432048952-nabor-vigonok-dlya-ppf-bez-magnitov
Плёнка и инструменты;CarShine;Выгонка мягкая силиконовая 10 см;700;;нет;https://static.tildacdn.com/stor6465-3032-4163-a539-326162656635/067f954007db516e8e63198aa14540ce.png;http://carshine26.ru/plenka-i-instrumenti/tproduct/913211927702-vigonka-myagkaya-silikonovaya-10-sm
Плёнка и инструменты;CarShine;Выгонка мягкая силиконовая 6 см;550;;нет;https://static.tildacdn.com/stor3364-6435-4362-a138-393066633030/566f670726b7f690c2d197f45ef50130.png;http://carshine26.ru/plenka-i-instrumenti/tproduct/814781313682-vigonka-myagkaya-silikonovaya-6-sm
Плёнка и инструменты;ProBond;Праймер PROBOND 30 мл;850;;нет;https://static.tildacdn.com/stor3030-6236-4435-b334-333866393631/63dc92a75bc9219d89b2647edd2bf424.png;http://carshine26.ru/plenka-i-instrumenti/tproduct/132633039022-praimer-probond-30-ml
Плёнка и инструменты;FilmOn;Установочный концентрат FILM ON для установки пленки 500 мл;1600;;нет;https://static.tildacdn.com/stor3731-3733-4239-a239-313036383732/6c9938ed787fcfdba32aa3e2ebafb3c0.png;http://carshine26.ru/plenka-i-instrumenti/tproduct/257082212832-ustanovochnii-kontsentrat-film-on-dlya-u
Шампуни для ручной мойки;Shine Systems;Shine Systmes Black Line ReadyShampoo готовый ручной автошампунь с гидрофобным эффектом, 5л;690;;нет;https://static.tildacdn.com/stor6463-6365-4861-a132-623464396664/2b23344edb0d54c2b9531eea2e856b20.png;http://carshine26.ru/shampuny-ruchnoy-moyki/tproduct/177042363982-shine-systmes-black-line-readyshampoo-go
Средства для стекол;MA-FRA;KILLER 250 ML Очиститель для удаления следов насекомых с автомобилей в бачок омывателя. Концентрат. MA-FRA, Италия.;200;;нет;https://static.tildacdn.com/stor3032-6638-4539-b761-623335346633/7fab42eda3cb77d07698aae5969f5509.png;http://carshine26.ru/sredstva-dlya-stekol/tproduct/148700895702-killer-250-ml-ochistitel-dlya-udaleniya
Уход за винилом и пластиком;Shine Systems;Shine Systems VinylMatt Berry - матовый полироль для пластика салона, 750 мл;490;;нет;https://static.tildacdn.com/stor3739-6331-4335-a130-353734323534/ba690fbb9a8a9369e41c49c60c67b42b.png;http://carshine26.ru/ukhod-za-vinilom-i-plastikom/tproduct/266389774542-shine-systems-vinylmatt-berry-matovii-po
Очистители дисков, резины и хрома;Shine Systems;Shine Systems Black Line RubbyWheelliams Терпеновый очиститель резины 400мл;290;;нет;https://static.tildacdn.com/stor3662-3138-4633-b835-323961623637/e5597ff9cf72e26cf629ac49ef1a29ac.png;http://carshine26.ru/ochestiteli-diskov-reziny-chroma/tproduct/266775084062-shine-systems-black-line-rubbywheelliams
Осушители кузова (воски);Shine Systems;Shine Systems Black Line QuickDrop Гидрофобный квик детейлер для экстерьера 400мл;490;;нет;https://static.tildacdn.com/stor3033-3766-4533-a530-323063383863/094b37a30918f446e48ba8bd869f088a.png;http://carshine26.ru/osushiteli-kuzova/tproduct/724514701362-shine-systems-black-line-quickdrop-gidro
Средства для кожи;Smart Open;SMART OPEN Защитный крем для кожи SKIN MAGIC 250 мл;300;;нет;https://static.tildacdn.com/stor3131-6133-4333-b263-663137316565/616cc2fdf633220aba894ec732b4cab7.png;http://carshine26.ru/sredstva-dlya-kozhi/tproduct/908628258382-smart-open-zaschitnii-krem-dlya-kozhi-sk
Средства общей химчистки;Leraton;Очиститель алькантары LERATON T4 473 мл (готовый состав);330;;нет;https://static.tildacdn.com/stor3633-3666-4530-b262-663533376666/241597b80f06801a302572f28f7e81a0.png;http://carshine26.ru/sredstva-obsshej-khimchistki/tproduct/149594372572-ochistitel-alkantari-leraton-t4-473-ml-g
Автоскрабы, абразивные материалы;Leraton;Неабразивная полировальная глина голубая LERATON CL1;600;;нет;https://static.tildacdn.com/stor3061-3539-4039-a330-353030663732/8b6ded6806d7080771694b035ac326ae.png;http://carshine26.ru/avtoskraby-abrazivnye-mat-ly/tproduct/823707107562-neabrazivnaya-polirovalnaya-glina-goluba
Бутылки, емкости, ведра;Foam Heroes;Foam Heroes химостойкий мерный стакан с ручкой, 1000мл;295;;нет;https://static.tildacdn.com/stor6135-3536-4935-b431-323065393631/6f47883c863e440ce132ba58a54a5e93.png;http://carshine26.ru/butylki-emkosti-vedra/tproduct/376512393762-foam-heroes-himostoikii-mernii-stakan-s
Полировальный пасты для ЛКП;;Meguiar's Корректирующий состав DA Microfiber Correction Compound 3,8 л;20150;;нет;https://static.tildacdn.com/stor3836-3933-4964-b334-376138636239/9c45372c5a83f7281063639fceff2147.png;http://carshine26.ru/abrazivnye-pasty-dlya-lkp/tproduct/818794601492-meguiars-korrektiruyuschii-sostav-da-mic
Щетки и кисти;AuTech;AuTech Кисть для очистки дисков и двигателя 55х360 мм (чёрная) Au-261;450;;нет;https://static.tildacdn.com/stor6638-6564-4232-b462-646639653434/7553ed04ec2e77c044f06d2cb684e3d2.png;http://carshine26.ru/sshetki-i-kisti/tproduct/406868030363-autech-kist-dlya-ochistki-diskov-i-dviga
Щетки и кисти;AuTech;AuTech Кисть для очистки дисков и двигателя 55х360 мм (белая) Au-262;450;;нет;https://static.tildacdn.com/stor3034-3163-4333-b234-336636643062/b9224b3f05f2920285cf2560cbe26a8d.png;http://carshine26.ru/sshetki-i-kisti/tproduct/225391041533-autech-kist-dlya-ochistki-diskov-i-dviga
Распрыскиватели и триггеры;AuTech;AuTech Триггер универсальный, чёрный Au-930;150;;нет;https://static.tildacdn.com/stor6137-6162-4532-b062-306338313761/9fa3b5a29826a222fbf853dfb0843def.png;http://carshine26.ru/raspryskivateli-i-triggery/tproduct/464640019353-autech-trigger-universalnii-chyornii-au
Распрыскиватели и триггеры;AuTech;AuTech Триггер универсальный, синий Au-931;150;;нет;https://static.tildacdn.com/stor3366-3533-4162-b736-646139373766/82c0c0aa2ecd7601e563942067bc9ecc.png;http://carshine26.ru/raspryskivateli-i-triggery/tproduct/874249270133-autech-trigger-universalnii-sinii-au-931
Осушители кузова (воски);Shine Systems;BubbleWax - профессиональный пенный воск для сушки и защиты кузова с эффектом кавитации, 5 л;1990;;нет;https://static.tildacdn.com/stor3039-6435-4634-b838-333139363463/97c57953fbf5e4b625eb5082ad71de27.png;http://carshine26.ru/osushiteli-kuzova/tproduct/536263472883-bubblewax-professionalnii-pennii-vosk-dl
Щетки и кисти;Shine Systems;Деликатная щетка с конским волосом Shine Systems Soft Touch Brush;350;;нет;https://static.tildacdn.com/stor3432-3435-4337-b162-663664636532/74d4670f94b95210b2706472cd409b0d.png;http://carshine26.ru/sshetki-i-kisti/tproduct/148362693973-delikatnaya-schetka-s-konskim-volosom-sh
Щетки и кисти;Shine Systems;Shine Systmes MicroSoft Wheel Brush Slim – плоская микрофибровая щётка чистки дисков, 50 см;590;;нет;https://static.tildacdn.com/stor3261-3064-4163-a332-626363353433/9d8cc1dfce4a6af7401a64e2e32c87b6.png;http://carshine26.ru/sshetki-i-kisti/tproduct/196236692813-shine-systmes-microsoft-wheel-brush-slim
Щетки и кисти;Shine Systems;Shine Systems MicroSoft Wheel Brush Flex – гибкая микрофибровая щётка для чистки дисков, 44 см;790;;нет;https://static.tildacdn.com/stor3961-3231-4535-a233-313461636335/4de1560e0226b1c2a3d386ca4afdff78.png;http://carshine26.ru/sshetki-i-kisti/tproduct/785724146983-shine-systems-microsoft-wheel-brush-flex
Шампуни для ручной мойки;Shine Systems;Shine Systems OrangeBomb – автошампунь для ручной мойки, 5 л;1490;;нет;https://static.tildacdn.com/stor3762-3438-4261-b361-336136353762/01bac9fc0d2a68724aabdcb0511baf0c.png;http://carshine26.ru/shampuny-ruchnoy-moyki/tproduct/276523628363-shine-systems-orangebomb-avtoshampun-dly
Протирочный материал;Shine Systems;Shine Systems Waffle Towel - вафельная микрофибра, 40*40см;190;;нет;https://static.tildacdn.com/stor3232-6434-4139-a464-326237343836/2e5d654381bbe9d6df1b518536b213d8.png;http://carshine26.ru/protirochnyj-material/tproduct/272209375503-shine-systems-waffle-towel-vafelnaya-mik
Средства для стекол;Sonax;Sonax Стеклоомыватель концентрат 1:100 аромат гавана любовь 0,25мл.;750;;нет;https://static.tildacdn.com/stor6661-3465-4238-b738-313937326134/08fd4ec848f55ce109ddb25a41e49b0f.png;http://carshine26.ru/sredstva-dlya-stekol/tproduct/834121252083-sonax-stekloomivatel-kontsentrat-1100-ar
Щетки и кисти;Shine Systems;Shine Systems Набор профессиональных кистей для автомобиля (3шт) Detail Brush Kit;750;;нет;https://static.tildacdn.com/stor6132-3736-4232-a265-356162666462/c5f2c56c59fd04e24e586aa54ccf3c23.png;http://carshine26.ru/sshetki-i-kisti/tproduct/444131740403-shine-systems-nabor-professionalnih-kist
Другое оборудование;Shine Systems;Shine Systems Набор удлинителей для роторных машинок Extension Rod Kit;1590;;нет;https://static.tildacdn.com/stor6339-3639-4330-b839-356330336664/26c22312cd865b3c9c69d6b51a47cbdb.png;http://carshine26.ru/drugoe-oborudovanye/tproduct/231595203953-shine-systems-nabor-udlinitelei-dlya-rot
Плёнка и инструменты;IRISTEK;IRISTEK Полиуретановая пленка UPFR2, мягкий топ, суперглянец, 190 мкм;32000;UPFR2;нет;https://static.tildacdn.com/stor3232-3932-4330-a331-643161336439/50bb3a8e5cf380db705041179f9d9544.png;http://carshine26.ru/plenka-i-instrumenti/tproduct/242006269713-iristek-poliuretanovaya-plenka-upfr2-mya
Плёнка и инструменты;IRISTEK;IRISTEK Полиуретановая пленка UPFR2 210, мягкий топ, глянец, 210 мкм;35000;UPFR2 210;нет;https://static.tildacdn.com/stor3232-3932-4330-a331-643161336439/50bb3a8e5cf380db705041179f9d9544.png;http://carshine26.ru/plenka-i-instrumenti/tproduct/256545486773-iristek-poliuretanovaya-plenka-upfr2-210
Плёнка и инструменты;IRISTEK;IRISTEK Полиуретановая пленка UPF2G PRO, твердый топ, глянцевая, 190 мкм;39000;UPF2G;нет;https://static.tildacdn.com/stor3232-3932-4330-a331-643161336439/50bb3a8e5cf380db705041179f9d9544.png;http://carshine26.ru/plenka-i-instrumenti/tproduct/456407079723-iristek-poliuretanovaya-plenka-upf2g-pro
Уход за резиной и пластиком;Foam Heroes;Foam Heroes Hydro Matte матовое чернение для автомобильных шин c SiO2, 5л;5495;FHB154;нет;https://static.tildacdn.com/stor6366-6133-4461-b964-353362663138/77ec5de3ca9f66818f1b84a6314a222f.png;http://carshine26.ru/ukhod-za-rezinoj-i-plastikom/tproduct/304638118463-foam-heroes-hydro-matte-matovoe-cherneni
Средства для кожи;Foam Heroes;Foam Heroes Pure Leather деликатный очиститель кожи, 5л;1795;FHB139;нет;https://static.tildacdn.com/stor6534-3030-4538-a538-623338306138/9f455d6ee784228d711c169b512afd85.png;http://carshine26.ru/sredstva-dlya-kozhi/tproduct/943043495773-foam-heroes-pure-leather-delikatnii-ochi
Уход за винилом и пластиком;Foam Heroes;Foam Heroes Swipe Interior квик-детейлер для интерьера вишневая газировка, 500мл;395;FHB126;нет;https://static.tildacdn.com/stor3431-3037-4438-b064-646630303734/da071f338ea3bfc09d70aa7f5fe3fc37.png;http://carshine26.ru/ukhod-za-vinilom-i-plastikom/tproduct/652642823393-foam-heroes-swipe-interior-kvik-deteiler
Средства для стекол;Foam Heroes;Foam Heroes Battle Fly суперконцентрат стеклоочистителя с ароматом ванильной газировки, 250мл;395;FHB157;нет;https://static.tildacdn.com/stor3530-3239-4132-a461-383633376331/b4adb02edb51dcc3f75778aec7d641bf.png;http://carshine26.ru/sredstva-dlya-stekol/tproduct/307457297363-foam-heroes-battle-fly-superkontsentrat
Средства индивидуальной защиты;Jeta Pro;JETA SAFETY NATRIX ЧЕРНЫЙ НИТРИЛОВЫЕ ПЕРЧАТКИ XL;890;;нет;https://static.tildacdn.com/stor3439-3033-4262-a134-393733366437/085f5e10d2731422e951558a74fc3d4a.png;http://carshine26.ru/sredstva-individualnoj-zasshity/tproduct/618750475383-jeta-safety-natrix-chernii-nitrilovie-pe
Укрывочные материалы;autop;Autop лента малярная термо и водостойкая, зелена 38мм 40м;200;;нет;https://static.tildacdn.com/stor6365-3334-4132-b338-626266393930/986fab8e9d774f33068d61232de3cc3d.png;http://carshine26.ru/ukryvochnye-materialy/tproduct/787714664983-autop-lenta-malyarnaya-termo-i-vodostoik
Полировальный пасты для ЛКП;3D;3D Полировальная паста ACA 510 Rubbing Compound 237 мл 510OZ08;2500;;нет;https://static.tildacdn.com/stor6336-6265-4530-b262-386434366631/2ab69d57ee7d085d1323d3c224fb535e.png;http://carshine26.ru/abrazivnye-pasty-dlya-lkp/tproduct/713745007713-3d-polirovalnaya-pasta-aca-510-rubbing-c
Турбосушки,торнадоры,озонаторы и запчасти к ним;The Rag Company;Торнадор ULTRA Air Blaster Mini + насадка на пылесос;6850;;нет;https://static.tildacdn.com/stor3461-3135-4535-a331-313839336430/4b6ea8b8dd005f0072406ac26154dd18.png;http://carshine26.ru/turbosushki-tornadory-ozonatory/tproduct/700273998853-tornador-ultra-air-blaster-mini-nasadka
Уход за резиной и пластиком;Vonixx;Пигментированный чернитель, восстановитель шин REXER VONIXX, 500 мл;1750;;нет;https://static.tildacdn.com/stor6261-3261-4730-b536-616631363338/c02902e5e2000f83841886938f53a29a.png;http://carshine26.ru/ukhod-za-rezinoj-i-plastikom/tproduct/379513939253-pigmentirovannii-chernitel-vosstanovitel
Осушители кузова (воски);Vonixx;Гибридный воск с карнаубой для кузова автомобиля Carnaúba Hybrid Wax VONIXX, 240 мл;1890;;нет;https://static.tildacdn.com/stor3163-3939-4232-a266-626265643362/b45c8f35e715578ea5959327909cfb4c.png;http://carshine26.ru/osushiteli-kuzova/tproduct/319868406383-gibridnii-vosk-s-karnauboi-dlya-kuzova-a
Средства общей химчистки;LeTech;"LeTech Пенный очиститель для ткани и алькантары Fabric &amp; Alcantara Cleaner 500 мл";1290;;нет;https://static.tildacdn.com/stor3935-3463-4533-b461-656462663636/1b9a96ed72ce95cbe2e459baa2e06673.png;http://carshine26.ru/sredstva-obsshej-khimchistki/tproduct/187788167543-letech-pennii-ochistitel-dlya-tkani-i-al
Щетки и кисти;LeTech;LeTech Щетка для чистки кожи (Brush);590;;нет;https://static.tildacdn.com/stor6666-6464-4438-b066-373463646336/5903725cfc1d57b8171fdcd442decec9.png;http://carshine26.ru/sshetki-i-kisti/tproduct/459144175903-letech-schetka-dlya-chistki-kozhi-brush
Полировальные круги и пады;MaxShine;Поролоновый полировальный круг полировочный средний желтый 75-85*25мм, скругленный край MaxShine;620;2032085Y;нет;https://static.tildacdn.com/stor3938-3333-4531-b832-653663356165/43914095.png;http://carshine26.ru/polirovalnye-krugi-i-pady/tproduct/970090722253-porolonovii-polirovalnii-krug-polirovoch
Долговременная защита кузова;FIREBALL;FIREBALL WIZARD [NEW 2026] - Керамическое покрытие PREMIUM 35 мл;6850;;нет;https://static.tildacdn.com/stor3366-3631-4531-b431-336361653464/2da09e3b191e1a10f96e84c8392d005f.png;http://carshine26.ru/dolgovremennaya-zasshita-kuzova/tproduct/570010845053-fireball-wizard-new-2026-keramicheskoe-p
Уход за резиной и пластиком;Shine Systems;Shine Systems Black Line TireEssence Gel — гелевое чернение шин, 400 мл;590;;нет;https://static.tildacdn.com/stor3361-6236-4633-a264-303030646133/ba99b10cd4ad54cf7ded27d8a00dd796.png;http://carshine26.ru/ukhod-za-rezinoj-i-plastikom/tproduct/946614131143-shine-systems-black-line-tireessence-gel
Протирочный материал;Shine Systems;Shine Systems Scrab Towel микрофибра-скраб для химчистки, 40х40см;150;;нет;https://static.tildacdn.com/stor3638-3330-4666-a431-313466383532/8d36d6ccb44ff593a291ab49d650503f.png;http://carshine26.ru/protirochnyj-material/tproduct/258254756413-shine-systems-scrab-towel-mikrofibra-skr
Губки, аппликаторы, рукавицы;Leraton;Микрофибровая варежка для мойки дисков LERATON WHEEL MITT MW8;450;;нет;https://static.tildacdn.com/stor6237-6631-4131-b961-363536303135/6aa1e6c51384ca3de98d821ff7c5073c.png;http://carshine26.ru/gubki-applikatory-rukavicy/tproduct/162436550953-mikrofibrovaya-varezhka-dlya-moiki-disko
Бутылки, емкости, ведра;Leraton;LERATON PROFESSIONAL Ведро для мойки автомобилей с сепаратором (чёрное) 20 л;1550;;нет;https://static.tildacdn.com/stor3731-3864-4236-b561-366133333038/8661e077a0534fcdf0b430c50c92d822.png;http://carshine26.ru/butylki-emkosti-vedra/tproduct/284592473733-leraton-professional-vedro-dlya-moiki-av
Бутылки, емкости, ведра;Leraton;LERATON PROFESSIONAL Ведро для мойки автомобилей с сепаратором (оливка) 20 л;1550;;нет;https://static.tildacdn.com/stor3335-3232-4630-b133-336133626662/ff1f43a43272694efdb743c801510673.png;http://carshine26.ru/butylki-emkosti-vedra/tproduct/930787609203-leraton-professional-vedro-dlya-moiki-av
Бутылки, емкости, ведра;Leraton;LERATON PROFESSIONAL Ведро для мойки автомобилей с сепаратором (белое) 20 л;1550;;нет;https://static.tildacdn.com/stor3533-3065-4265-a535-333635373966/6eeef4ff4fee4ffe7a8804d3e9cf85cd.png;http://carshine26.ru/butylki-emkosti-vedra/tproduct/170822160963-leraton-professional-vedro-dlya-moiki-av
Полировальный пасты для ЛКП;КварцМастер;Абразивная полировальная паста КМ-1 1л;4500;;нет;https://static.tildacdn.com/stor6537-6339-4663-a536-316230663930/750745d6c4d0ec5c0a0d1dad41e38877.png;http://carshine26.ru/abrazivnye-pasty-dlya-lkp/tproduct/244773753953-abrazivnaya-polirovalnaya-pasta-km-1-1l
Полировальный пасты для ЛКП;КварцМастер;Абразивная полировальная паста КМ-1 200мл.;1500;;нет;https://static.tildacdn.com/stor3762-3264-4436-b934-313164346463/ba7ccbe324aae34fae0fcdf288e1d00f.webp;http://carshine26.ru/abrazivnye-pasty-dlya-lkp/tproduct/577411475213-abrazivnaya-polirovalnaya-pasta-km-1-200
Полировальный пасты для ЛКП;КварцМастер;Финишная полировальная паста КМ-2 1л.;4200;;нет;https://static.tildacdn.com/stor6134-3635-4132-b962-616436626430/9a0388efac7fa665b22f129f5bfcca6f.webp;http://carshine26.ru/abrazivnye-pasty-dlya-lkp/tproduct/951439127293-finishnaya-polirovalnaya-pasta-km-2-1l
Полировальный пасты для ЛКП;КварцМастер;Финишная полировальная паста КМ-2 200мл.;1300;;нет;https://static.tildacdn.com/stor6134-3635-4132-b962-616436626430/9a0388efac7fa665b22f129f5bfcca6f.webp;http://carshine26.ru/abrazivnye-pasty-dlya-lkp/tproduct/529848419583-finishnaya-polirovalnaya-pasta-km-2-200m
Долговременная защита кузова;КварцМастер;Керамика BRO 50мл;8100;;нет;https://static.tildacdn.com/stor6238-3732-4939-a334-633637666536/2a883f58b6d44e476024b5fcc0339f5e.webp;http://carshine26.ru/dolgovremennaya-zasshita-kuzova/tproduct/433689918443-keramika-bro-50ml
Долговременная защита кузова;КварцМастер;Керамика BRO 100мл;11500;;нет;https://static.tildacdn.com/stor6530-6634-4162-a462-616661363032/e6478047ece44bacb7d8b9757b19ae82.png;http://carshine26.ru/dolgovremennaya-zasshita-kuzova/tproduct/691381674523-keramika-bro-100ml
Долговременная защита кузова;КварцМастер;Керамика PPF 50мл;4500;;нет;https://static.tildacdn.com/stor3235-6436-4633-b761-653832636531/b61323c24ca398d2ee9c32672251754b.png;http://carshine26.ru/dolgovremennaya-zasshita-kuzova/tproduct/720023403553-keramika-ppf-50ml
Уход за винилом и пластиком;Koch Chemie;Koch Chemie InsideCare Средство для ухода и защиты неокрашенных пластиковых деталей в салоне 500 мл;1350;;нет;https://static.tildacdn.com/stor3232-6532-4238-a432-363762613335/88d3a5156e4972f66849b567a2376094.png;http://carshine26.ru/ukhod-za-vinilom-i-plastikom/tproduct/349859315693-koch-chemie-insidecare-sredstvo-dlya-uho
Средства для стекол;Koch Chemie;koch Chemie ClearView Универсальный очиститель стекол и гладких поверхностей 500 мл;850;;нет;https://static.tildacdn.com/stor6337-6261-4530-b233-373661393831/0cf9419b4516e81c478a41869c21e732.png;http://carshine26.ru/sredstva-dlya-stekol/tproduct/104318782703-koch-chemie-clearview-universalnii-ochis
Составы для очистки кузова;Koch Chemie;Koch Chemie InsectOff Средство для удаления следов насекомых 500 мл;1200;;нет;https://static.tildacdn.com/stor6163-6437-4230-b462-326537353836/dc82ee5e0515bdbc0be21c272f8b6afc.png;http://carshine26.ru/sostavy-dlya-ochistki-kuzova/tproduct/998132365373-koch-chemie-insectoff-sredstvo-dlya-udal
Средства для кожи;Koch Chemie;KochChemie LeatherLock Средство для ухода за автомобильной кожей 500 мл;1550;;нет;https://static.tildacdn.com/stor6466-3239-4666-a361-303233363437/426de3fa3acd602fc256e6ae5f090bd8.png;http://carshine26.ru/sredstva-dlya-kozhi/tproduct/204113475333-kochchemie-leatherlock-sredstvo-dlya-uho
Средства для кожи;Koch Chemie;Koch Chemie LeatherTexClean - Мягкое чистящее средство для кожи и текстиля 500 мл;1500;;нет;https://static.tildacdn.com/stor6666-3161-4866-b336-636466373334/9040bb465d7758da012bbcc6d82d917d.png;http://carshine26.ru/sredstva-dlya-kozhi/tproduct/804999618623-koch-chemie-leathertexclean-myagkoe-chis
Шампуни для ручной мойки;Koch Chemie;Koch Chemie TropicSnow Универсальный пенный шампунь с нейтральным pH 500 мл;1250;;нет;https://static.tildacdn.com/stor6137-3731-4833-b032-303865363939/3190b1da7b2856810febdee077a5dc53.png;http://carshine26.ru/shampuny-ruchnoy-moyki/tproduct/286165751493-koch-chemie-tropicsnow-universalnii-penn
Средства для стекол;Koch Chemie;Koch Chemie DisplayExpert Растворитель жиров для чувствительных дисплеев 100мл;450;;нет;https://static.tildacdn.com/stor3430-6666-4962-a332-386132353932/9d2dec7c7b9d08ed362a765512512ca5.png;http://carshine26.ru/sredstva-dlya-stekol/tproduct/394659054943-koch-chemie-displayexpert-rastvoritel-zh
Распрыскиватели и триггеры;Koch Chemie;Koch Chemie Dosing Cap - Крышка дозатор;550;;нет;https://static.tildacdn.com/stor3362-3538-4837-b432-326531643431/0cf2370958dd01b088c71699c8f7fc9a.png;http://carshine26.ru/raspryskivateli-i-triggery/tproduct/795847180853-koch-chemie-dosing-cap-krishka-dozator
Распрыскиватели и триггеры;Leraton;Триггер химостойкий усиленный серый LERATON TRPP;200;;нет;https://static.tildacdn.com/stor6331-3966-4262-a434-643530383037/3248628e7fcc07aa4210260f33f6a829.png;http://carshine26.ru/raspryskivateli-i-triggery/tproduct/381314550843-trigger-himostoikii-usilennii-serii-lera
Ароматизаторы и автопарфюм;EIKOSHA;EIKOSHA Держатель нескользящий для ароматизатора;400;;нет;https://static.tildacdn.com/stor6336-6536-4536-a130-373934323137/c32d240d004d7bc7f6c6454a8cfab5dd.png;http://carshine26.ru/aromatizatory-i-avtoparfyum/tproduct/538143019253-eikosha-derzhatel-neskolzyaschii-dlya-ar
Полировальные круги и пады;КварцМастер;КварцМастер Твёрдый полировальный поролоновый круг Зеленый 80/100;500;;нет;https://static.tildacdn.com/stor3566-3761-4466-b931-653366613764/d049a9fb696a93e211141849f8f0b77d.png;http://carshine26.ru/polirovalnye-krugi-i-pady/tproduct/108924719603-kvartsmaster-tvyordii-polirovalnii-porol
Полировальные круги и пады;КварцМастер;КварцМастер Твёрдый полировальный поролоновый круг Зеленый 130/150;850;;нет;https://static.tildacdn.com/stor3566-3761-4466-b931-653366613764/d049a9fb696a93e211141849f8f0b77d.png;http://carshine26.ru/polirovalnye-krugi-i-pady/tproduct/530600152583-kvartsmaster-tvyordii-polirovalnii-porol
Полировальные круги и пады;КварцМастер;КварцМастер Твёрдый полировальный поролоновый круг Зеленый 150/170;1000;;нет;https://static.tildacdn.com/stor3566-3761-4466-b931-653366613764/d049a9fb696a93e211141849f8f0b77d.png;http://carshine26.ru/polirovalnye-krugi-i-pady/tproduct/509245416033-kvartsmaster-tvyordii-polirovalnii-porol
Полировальные круги и пады;КварцМастер;КварцМастер Полутвёрдый полировальный поролоновый круг Бордовый 80/100;500;;нет;https://static.tildacdn.com/stor6334-3236-4163-b562-363436363966/618f5146e54362e33cfb1453bcbe7354.png;http://carshine26.ru/polirovalnye-krugi-i-pady/tproduct/129663025793-kvartsmaster-polutvyordii-polirovalnii-p
Полировальные круги и пады;КварцМастер;КварцМастер Полутвердый полировальный поролоновый круг Бордовый 130/150;850;;нет;https://static.tildacdn.com/stor6334-3236-4163-b562-363436363966/618f5146e54362e33cfb1453bcbe7354.png;http://carshine26.ru/polirovalnye-krugi-i-pady/tproduct/136678967383-kvartsmaster-polutverdii-polirovalnii-po
Полировальные круги и пады;КварцМастер;КварцМастер Полутвердый полировальный поролоновый круг Бордовый 150/170;1000;;нет;https://static.tildacdn.com/stor6334-3236-4163-b562-363436363966/618f5146e54362e33cfb1453bcbe7354.png;http://carshine26.ru/polirovalnye-krugi-i-pady/tproduct/419861076103-kvartsmaster-polutverdii-polirovalnii-po
Полировальные круги и пады;КварцМастер;КварцМастер Средний полировальный поролоновый круг Оранжевый 80/100;500;;нет;https://static.tildacdn.com/stor3466-6531-4938-b363-323031316538/2c28912fa2f86bfaf1f8018452f98b89.png;http://carshine26.ru/polirovalnye-krugi-i-pady/tproduct/326865340773-kvartsmaster-srednii-polirovalnii-porolo
Полировальные круги и пады;КварцМастер;КварцМастер Средний полировальный поролоновый круг Оранжевый 130/150;850;;нет;https://static.tildacdn.com/stor3466-6531-4938-b363-323031316538/2c28912fa2f86bfaf1f8018452f98b89.png;http://carshine26.ru/polirovalnye-krugi-i-pady/tproduct/838919981963-kvartsmaster-srednii-polirovalnii-porolo
Полировальные круги и пады;КварцМастер;КварцМастер Средний полировальный поролоновый круг Оранжевый 150/170;1000;;нет;https://static.tildacdn.com/stor3466-6531-4938-b363-323031316538/2c28912fa2f86bfaf1f8018452f98b89.png;http://carshine26.ru/polirovalnye-krugi-i-pady/tproduct/625940064503-kvartsmaster-srednii-polirovalnii-porolo
Полировальные круги и пады;КварцМастер;КварцМастер Мягкий полировальный поролоновый круг Желтый 80/100;500;;нет;https://static.tildacdn.com/stor6638-6139-4664-b566-353439643564/24ca55e2a32a0bcc322ff5e1764dca86.png;http://carshine26.ru/polirovalnye-krugi-i-pady/tproduct/609215195883-kvartsmaster-myagkii-polirovalnii-porolo
Полировальные круги и пады;КварцМастер;КварцМастер Мягкий полировальный поролоновый круг Желтый 130/150;850;;нет;https://static.tildacdn.com/stor6638-6139-4664-b566-353439643564/24ca55e2a32a0bcc322ff5e1764dca86.png;http://carshine26.ru/polirovalnye-krugi-i-pady/tproduct/460758435343-kvartsmaster-myagkii-polirovalnii-porolo
Полировальные круги и пады;КварцМастер;КварцМастер Мягкий полировальный поролоновый круг Желтый 150/170;1000;;нет;https://static.tildacdn.com/stor6638-6139-4664-b566-353439643564/24ca55e2a32a0bcc322ff5e1764dca86.png;http://carshine26.ru/polirovalnye-krugi-i-pady/tproduct/571568183973-kvartsmaster-myagkii-polirovalnii-porolo
Полировальные круги и пады;КварцМастер;КварцМастер Ультра мягкий полировальный поролоновый круг Черный 80/100;500;;нет;https://static.tildacdn.com/stor6538-6535-4037-a337-616362366636/62cc868ef6074f131754113aa1f9b5fc.png;http://carshine26.ru/polirovalnye-krugi-i-pady/tproduct/588760016213-kvartsmaster-ultra-myagkii-polirovalnii
Полировальные круги и пады;КварцМастер;КварцМастер Ультрамягкий полировальный поролоновый круг Черный 130/150;850;;нет;https://static.tildacdn.com/stor6538-6535-4037-a337-616362366636/62cc868ef6074f131754113aa1f9b5fc.png;http://carshine26.ru/polirovalnye-krugi-i-pady/tproduct/887861596123-kvartsmaster-ultramyagkii-polirovalnii-p
Полировальные круги и пады;КварцМастер;КварцМастер Ультрамягкий полировальный поролоновый круг Черный 150/170;1000;;нет;https://static.tildacdn.com/stor6538-6535-4037-a337-616362366636/62cc868ef6074f131754113aa1f9b5fc.png;http://carshine26.ru/polirovalnye-krugi-i-pady/tproduct/734386079083-kvartsmaster-ultramyagkii-polirovalnii-p
Очистители битума, смол, клея;Koch Chemie;Koch Spotless Ceramic Finish - Средство для удаления водяных пятен с керамических поверхностей (500 мл);1750;;нет;https://static.tildacdn.com/stor3630-6266-4631-a332-313166646233/df33b718a859acfbd00389bf6101c281.png;http://carshine26.ru/ochistiteli-bituma-smol-kleya/tproduct/588441941683-koch-spotless-ceramic-finish-sredstvo-dl
Полировальный пасты для ЛКП;;Koch ShineSpeedPolish - антицарапин с абразивом полироль для быстрого обновления лака (250 мл);1150;;нет;https://static.tildacdn.com/stor6561-3661-4334-b165-636164643132/8855f54c8ece7650c7635419b61cb356.png;http://carshine26.ru/abrazivnye-pasty-dlya-lkp/tproduct/239125334443-koch-shinespeedpolish-antitsarapin-s-abr
Бесконтактные шампуни;Shine Systems;Shine Systems ActiveBase Активный шампунь для бесконтактной мойки 900мл;250;;нет;https://static.tildacdn.com/stor3639-3833-4934-a264-363635666337/4b5babeb4bd48db7cb4e684bab6ed421.png;http://carshine26.ru/beskontaktnye-shampuny/tproduct/433440532583-shine-systems-activebase-aktivnii-shampu
Бесконтактные шампуни;Foam Heroes;Foam Heroes Citrus Buddy шампунь на основе цитрусовых для предварительной мойки, 5л;3195;;нет;https://static.tildacdn.com/stor6237-3365-4535-a463-383463666639/c8f8e0f26c1ba885aece58df24c735fe.png;http://carshine26.ru/beskontaktnye-shampuny/tproduct/985094611433-foam-heroes-citrus-buddy-shampun-na-osno
Полировка стекол;Foam Heroes;Foam Heroes Lime Scrub абразивный очиститель стекол, 200мл;795;;нет;https://static.tildacdn.com/stor3566-6363-4063-a635-363537666538/0b1dab3737b1eee95ce3a0f75f83faa9.png;http://carshine26.ru/polirovka-stekol/tproduct/517840974863-foam-heroes-lime-scrub-abrazivnii-ochist
Очистители дисков, резины и хрома;Foam Heroes;Foam Heroes PRO T1000 удалитель металлических вкраплений, 20л;12995;;нет;https://static.tildacdn.com/stor6334-6264-4662-b930-653134313934/1e16ff432e7bf9d6f89822c2096d75b6.png;http://carshine26.ru/ochestiteli-diskov-reziny-chroma/tproduct/449248107303-foam-heroes-pro-t1000-udalitel-metallich
Турбосушки,торнадоры,озонаторы и запчасти к ним;Foam Heroes;Foam Heroes Uragun Mini аппарат для химчистки (торнадор);2995;;нет;https://static.tildacdn.com/stor3237-3238-4565-a566-386533656634/2fef0fa4667d3cfae714e30b95d0ef89.png;http://carshine26.ru/turbosushki-tornadory-ozonatory/tproduct/592157658493-foam-heroes-uragun-mini-apparat-dlya-him
Другое оборудование;;Кега для детейлинга 9.5л;9990;;нет;https://static.tildacdn.com/stor3263-6131-4534-b764-646266393766/7dcd7f9e981d9809538ad7f2a3267ef7.jpg;http://carshine26.ru/drugoe-oborudovanye/tproduct/460102795273-kega-dlya-deteilinga-95l
Долговременная защита кузова;ViewOK;View OK Lotus Z —проф.керамическое покрытие премиум-класса 40 мл НАБОР;4800;;нет;https://static.tildacdn.com/stor6464-3630-4461-b165-323738303438/eec17197a0fe0fd366626c055fea5571.png;http://carshine26.ru/dolgovremennaya-zasshita-kuzova/tproduct/842486359653-view-ok-lotus-z-profkeramicheskoe-pokrit
Полировка стекол;ViewOK;ViewОК Glass Stain Remower Паста полировальная для стекла 100 мл;1450;;нет;https://static.tildacdn.com/stor6134-6331-4539-b664-343131393761/4596d5fce9f7ba345f077a5d61077da3.png;http://carshine26.ru/polirovka-stekol/tproduct/538638401413-viewok-glass-stain-remower-pasta-polirov
Другое оборудование;OOPSY;Бутылка для пеноинжектора 100 мл;400;;нет;https://static.tildacdn.com/stor3131-6461-4362-a463-363132323864/9334a77caaa2d9e57867bd8b72318b00.png;http://carshine26.ru/drugoe-oborudovanye/tproduct/496296415403-butilka-dlya-penoinzhektora-100-ml
Щетки и кисти;OOPSY;OOPSY Wheel Brush Щетка мытья для дисков, средняя;1150;;нет;https://static.tildacdn.com/stor6630-3363-4564-a264-333134656335/dc10adc78beaded4cb1c4e688b4ca0d8.png;http://carshine26.ru/sshetki-i-kisti/tproduct/590491916183-oopsy-wheel-brush-schetka-mitya-dlya-dis
Протирочный материал;PURESTAR;PURESTAR Плотная фибра для стекол с высоким впитыванием воды Wonder Glass towel 40x50 см PS-G-002;650;;нет;https://static.tildacdn.com/stor6634-6136-4539-a162-633438663031/6f783fa4a3503ddb3c354ff9d8fdf558.png;http://carshine26.ru/protirochnyj-material/tproduct/353342288313-purestar-plotnaya-fibra-dlya-stekol-s-vi
Протирочный материал;PURESTAR;PURESTAR Плотная фибра для финишной располировки стекол 40x50 High density glass towel PS-G-001;550;;нет;https://static.tildacdn.com/stor3836-6638-4139-b430-663237656366/4fe567fc3ef238179db0e73a3ab301d6.png;http://carshine26.ru/protirochnyj-material/tproduct/373589479753-purestar-plotnaya-fibra-dlya-finishnoi-r
Шампуни для ручной мойки;Shine Systems;Black Line AcidShampPRO - кислотный шампунь для ручной мойки, 400 мл;390;;нет;https://static.tildacdn.com/stor6134-3231-4162-a434-643133333834/6dbd8045ff30b9b56ef28c030ec64de8.png;http://carshine26.ru/shampuny-ruchnoy-moyki/tproduct/657280528793-black-line-acidshamppro-kislotnii-shampu
Турбосушки,торнадоры,озонаторы и запчасти к ним;Leraton;Аппарат для химчистки с подшипниковым механизмом вращающегося типа LERATON PROFESSIONAL AIR BLASTER GUN;3590;;нет;https://static.tildacdn.com/stor3363-3664-4064-a363-623937353632/a157b9df2dc38099af3bf9ab68efa4e2.png;http://carshine26.ru/turbosushki-tornadory-ozonatory/tproduct/973706817453-apparat-dlya-himchistki-s-podshipnikovim
Осушители кузова (воски);Shine Systems;BubbleWax - профессиональный пенный воск для сушки и защиты кузова с эффектом кавитации, 750 мл;390;;нет;https://static.tildacdn.com/stor3839-3666-4339-a536-653361323732/f39ea035806038ed4818335ccf1d1f3c.png;http://carshine26.ru/osushiteli-kuzova/tproduct/955724727863-bubblewax-professionalnii-pennii-vosk-dl
Бесконтактные шампуни;Shine Systems;ActiveGel Шампунь для бесконтактной мойки Shine Systems, 5л;1390;;нет;https://static.tildacdn.com/stor3832-3231-4963-b831-316232343066/5745332f64826beab91768950cac3ff6.png;http://carshine26.ru/beskontaktnye-shampuny/tproduct/534577669693-activegel-shampun-dlya-beskontaktnoi-moi
Другое оборудование;Shine Systems;Shine Systems мультифункциональный напольный фонарь Multifunctional Light;6290;;нет;https://static.tildacdn.com/stor6432-6565-4761-b834-356539383765/05f00fda7d5af9fe41494fdcbe776664.png;http://carshine26.ru/drugoe-oborudovanye/tproduct/840630277763-shine-systems-multifunktsionalnii-napoln
Протирочный материал;;Shine Systems interior towel - универсальная микрофибра для салона 40\40 400гр;;;нет;;http://carshine26.ru/protirochnyj-material/tproduct/980753683453-shine-systems-interior-towel-universalna
Протирочный материал;Shine Systems;Shine Systems interior towel - универсальная микрофибра для салона 40\40 400гр;160;;нет;https://static.tildacdn.com/stor3432-6432-4430-b462-613638613331/a2372b3ab564c8184bf526d732389e33.png;http://carshine26.ru/protirochnyj-material/tproduct/426428565203-shine-systems-interior-towel-universalna
Протирочный материал;Shine Systems;Shine Systems Микрофибра без оверлока коротковорсная 40*40см, 400 гр/м2;300;;нет;https://static.tildacdn.com/stor6565-3433-4464-b266-316165383366/f95c91595853db1e26d3a05a680ec61b.png;http://carshine26.ru/protirochnyj-material/tproduct/147888261623-shine-systems-mikrofibra-bez-overloka-ko
Осушители кузова (воски);Shine Systems;Shine Systems FastQuartz - быстрое супергидрофобное покрытие, 200 мл;290;;нет;https://static.tildacdn.com/stor3435-3539-4566-b566-396439376532/7f13678228f5b660d9d9859e5c155c16.png;http://carshine26.ru/osushiteli-kuzova/tproduct/644987739763-shine-systems-fastquartz-bistroe-supergi
Составы для пленок;KRYTEX;Гель для пленки Krytex PPF GEL 500мл;800;;нет;https://static.tildacdn.com/stor3733-6134-4630-b563-396137363439/c5e2baba2e050a9ad749eb416db2a741.png;http://carshine26.ru/sostavy-dlya-plenok/tproduct/440675629103-gel-dlya-plenki-krytex-ppf-gel-500ml
Щетки и кисти;AuTech;AuTech Кисть-шар для очистки интерьера Interior Brush Ball;1100;;нет;https://static.tildacdn.com/stor3939-6333-4030-b561-343939333735/01d48e3b285dd0c04a4cefa35fb411e7.png;http://carshine26.ru/sshetki-i-kisti/tproduct/158628940953-autech-kist-shar-dlya-ochistki-interera
Распрыскиватели и триггеры;AuTech;AuTech Ручной опрыскиватель Aqua Monster, 1000 мл;650;;нет;https://static.tildacdn.com/stor6663-3938-4661-b063-343865623433/533268a9563e90141741becbcb42d0ce.png;http://carshine26.ru/raspryskivateli-i-triggery/tproduct/548872833123-autech-ruchnoi-opriskivatel-aqua-monster
Распрыскиватели и триггеры;AuTech;AuTech Триггер Aqua Monster универсальный 360° черный;300;;нет;https://static.tildacdn.com/stor6132-6632-4931-b937-393166366366/c6375726db68ca67b918738e07eb2bcb.png;http://carshine26.ru/raspryskivateli-i-triggery/tproduct/484469836633-autech-trigger-aqua-monster-universalnii
Распрыскиватели и триггеры;AuTech;AuTech Триггер Aqua Monster кислото- и щёлочестойкий, синий;300;;нет;https://static.tildacdn.com/stor6364-3165-4030-b439-373461356131/f535a5a084e4ec4f4e49e85c7e9bd829.png;http://carshine26.ru/raspryskivateli-i-triggery/tproduct/322810221293-autech-trigger-aqua-monster-kisloto-i-sc
